timestamp_s,frame_number,tracking_status,target_pan_deg,target_tilt_deg,estimated_pan_deg,estimated_tilt_deg,gimbal_pan_deg,gimbal_tilt_deg,pan_error_deg,tilt_error_deg,total_angular_error_deg,total_angular_error_mrad,pixel_error_px,rssi_signal_strength,pan_pid_output,tilt_pid_output,detection_confidence,beacon_visible,ground_truth_in_fov,ground_truth_x_px,ground_truth_y_px,detected_x_px,detected_y_px,predicted_x_px,predicted_y_px,link_locked,fps,processing_time_ms
0.016,1,ACQUIRING,11.998,0.116,12.559,0.197,0.56,0.066,11.275,0.286,11.278,196.84,273.7,0.961,35,4.124,1,TRUE,TRUE,927.8,368.6,927.6,368.6,927.6,368.6,FALSE,63,17.12
0.032,2,TRACKING,11.996,0.174,12.577,0.239,1.12,0.091,10.996,0.158,10.997,191.94,266.71,0.966,35,1.57,1,TRUE,TRUE,920.9,364.5,920.9,365.1,921.2,365.2,FALSE,63,14.98
0.048,3,TRACKING,11.993,0.232,12.854,0.351,1.68,0.092,10.418,-0.002,10.418,181.82,252.34,0.974,35,0.078,1,TRUE,TRUE,906.6,360,906,360.2,913.7,362.7,FALSE,63,2.65
0.064,4,TRACKING,11.988,0.29,13.307,0.314,2.24,0.09,9.599,0.068,9.599,167.54,232.12,0.982,35,-0.141,1,TRUE,TRUE,886.4,361.3,886.8,361,904.7,362.2,FALSE,63,3.29
0.08,5,TRACKING,11.983,0.348,13.452,0.01,2.8,0.115,9.135,0.557,9.152,159.73,221.08,0.988,35,1.54,1,TRUE,TRUE,874.9,373.3,874.5,373.9,896.9,365.1,FALSE,63,2.45
0.096,6,TRACKING,11.977,0.406,13.529,0.475,3.36,0.133,8.778,0.141,8.78,153.23,211.97,0.99,35,1.168,1,TRUE,TRUE,866,363.3,865.8,364,890.2,364.9,FALSE,63,8.74
0.112,7,TRACKING,11.97,0.464,13.854,0.519,3.85,0.15,8.113,0.155,8.115,141.63,195.7,0.989,30.655,1.025,1,TRUE,TRUE,847.8,363.7,847.6,364.9,881.9,364.9,FALSE,63,8.69
0.128,8,TRACKING,11.962,0.522,14.031,0.31,4.24,0.174,7.559,0.464,7.574,132.18,182.46,0.985,24.364,1.509,1,TRUE,TRUE,831.6,371.2,831.8,370.5,872.8,365.9,FALSE,63,3.47
0.144,9,TRACKING,11.954,0.58,13.777,0.337,4.556,0.209,7.463,0.555,7.484,130.62,180.26,0.982,19.708,2.213,1,TRUE,TRUE,827.3,373.9,826.7,374.3,864.4,367.3,FALSE,63,2.84
0.16,10,TRACKING,11.944,0.638,13.624,0.806,4.813,0.237,7.281,0.131,7.282,127.09,175.38,0.981,16.072,1.706,1,TRUE,TRUE,821.3,363.9,821.6,364.6,856.4,367,FALSE,63,2.85
0.176,11,TRACKING,11.933,0.696,13.723,0.606,5.008,0.269,6.794,0.423,6.807,118.81,163.82,0.985,12.209,2.045,1,TRUE,TRUE,807.9,371.1,807.4,371.5,847.2,367.8,FALSE,63,8.68
0.192,12,TRACKING,11.922,0.753,13.496,0.498,5.156,0.318,6.656,0.667,6.689,116.74,160.91,0.994,9.271,3.049,1,TRUE,TRUE,803.3,377.2,804.7,378.9,838.5,369.7,FALSE,63,50.27
0.208,13,TRACKING,11.909,0.811,13.011,0.87,5.277,0.363,6.825,0.365,6.835,119.29,164.49,1,7.526,2.817,1,TRUE,TRUE,806.8,370,807,369.8,831.1,369.9,FALSE,63,3.25
0.224,14,TRACKING,11.896,0.869,12.948,1.022,5.369,0.401,6.559,0.265,6.565,114.58,157.94,1,5.742,2.384,1,TRUE,TRUE,799.8,367.3,799.9,367.4,823.4,369.8,FALSE,63,2.72
0.24,15,TRACKING,11.881,0.926,12.936,0.748,5.429,0.449,6.223,0.649,6.257,109.2,150.43,1,3.792,2.985,1,TRUE,TRUE,791,376.3,791.1,376.3,815.3,371,FALSE,63,2.61
0.256,16,TRACKING,11.866,0.984,12.419,0.869,5.48,0.502,6.462,0.624,6.492,113.31,156.14,1,3.173,3.276,1,TRUE,TRUE,796.7,375.6,796.5,375.1,808.9,371.9,FALSE,63,12.6
0.272,17,TRACKING,11.85,1.041,12.116,1.297,5.531,0.541,6.531,0.225,6.535,114.06,157.22,1,3.187,2.446,1,TRUE,TRUE,798.6,365.8,798.5,365.2,803.6,371.3,FALSE,63,12.84
0.288,18,TRACKING,11.833,1.098,12.297,1.055,5.568,0.584,6.072,0.553,6.097,106.42,146.58,1,2.313,2.723,1,TRUE,TRUE,787.2,373.6,786.6,374,797.3,372,FALSE,63,1.27
0.304,19,TRACKING,11.815,1.156,12.043,0.998,5.6,0.636,6.083,0.712,6.125,106.9,147.22,1,2.003,3.214,1,TRUE,TRUE,787.5,377.6,786.9,377.1,791.8,373,FALSE,63,2.47
0.32,20,TRACKING,11.796,1.213,11.539,1.295,5.646,0.683,6.425,0.477,6.443,112.45,154.97,1,2.875,2.975,1,TRUE,TRUE,796.1,372.1,795.3,371.4,788.3,373.1,FALSE,63,3.35
0.336,21,TRACKING,11.776,1.27,11.703,1.519,5.695,0.722,6.075,0.291,6.082,106.15,146.23,1,3.031,2.431,1,TRUE,TRUE,787.6,367.8,787.5,367.8,784.3,372.7,FALSE,63,10.2
0.352,22,TRACKING,11.755,1.327,11.832,1.105,5.736,0.775,5.729,0.826,5.788,101.03,139.05,0.974,2.571,3.311,1,TRUE,TRUE,778.9,380.9,778.3,381.3,779.6,374.2,FALSE,63,15.09
0.368,23,TRACKING,11.733,1.384,11.328,1.437,5.791,0.829,6.105,0.573,6.131,107.01,147.4,0.952,3.432,3.353,1,TRUE,TRUE,788.2,375.1,788.7,375.3,777,374.7,FALSE,63,4.16
0.384,24,TRACKING,11.711,1.44,11.238,1.655,5.857,0.875,6.071,0.4,6.084,106.19,146.27,0.937,4.115,2.9,1,TRUE,TRUE,787.5,370.9,786.8,370.2,774.5,374.4,FALSE,63,3.77
0.4,25,TRACKING,11.687,1.497,11.641,1.607,5.916,0.921,5.486,0.513,5.51,96.16,132.36,0.932,3.682,2.867,1,TRUE,TRUE,773,373.4,773.4,373.6,770.7,374.6,FALSE,63,3.03
0.416,26,TRACKING,11.663,1.553,11.364,1.34,5.977,0.979,5.617,0.898,5.688,99.27,136.61,0.938,3.814,3.633,1,TRUE,TRUE,776.1,382.6,776.1,383,767.7,376,FALSE,63,11.05
0.432,27,TRACKING,11.638,1.61,10.979,1.915,6.053,1.028,5.916,0.361,5.927,103.45,142.48,0.952,4.76,3.062,1,TRUE,TRUE,783.7,369.6,784.2,370,766.3,375.6,FALSE,63,14.82
0.448,28,TRACKING,11.611,1.666,11.365,1.828,6.125,1.075,5.378,0.505,5.402,94.28,129.76,0.97,4.491,2.917,1,TRUE,TRUE,770.5,372.7,769.9,373.3,763.3,375.6,FALSE,63,1.96
0.464,29,TRACKING,11.584,1.722,11.464,1.684,6.19,1.125,5.117,0.727,5.168,90.2,124.07,0.991,4.078,3.132,1,TRUE,TRUE,764.1,377.8,764.7,377.5,760,376.2,FALSE,63,3.03
0.48,30,TRACKING,11.556,1.778,10.94,1.737,6.266,1.178,5.549,0.755,5.601,97.75,134.52,1,4.736,3.321,1,TRUE,TRUE,775,378.5,775.1,378.1,758.5,376.7,FALSE,63,0.65
0.496,31,TRACKING,11.527,1.834,11.056,2.229,6.345,1.22,5.322,0.285,5.329,93.01,128.02,1,4.931,2.646,1,TRUE,TRUE,769.7,367.3,769.3,367.6,756.5,375.9,FALSE,63,8.09
0.512,32,TRACKING,11.498,1.89,11.453,1.847,6.412,1.267,4.754,0.743,4.812,83.98,115.46,1,4.206,2.901,1,TRUE,TRUE,755.9,378.4,755.1,377.7,753.1,376.4,FALSE,63,11.5
0.528,33,TRACKING,11.467,1.945,11.061,1.883,6.481,1.317,5.026,0.787,5.087,88.79,122.1,1,4.331,3.16,1,TRUE,TRUE,762.6,379.7,762.2,379,750.9,377,FALSE,63,1.97
0.544,34,TRACKING,11.435,2.001,10.819,2.184,6.559,1.366,5.181,0.543,5.209,90.92,125.09,1,4.868,3.023,1,TRUE,TRUE,766.7,374.1,766.9,374.6,749.6,377,FALSE,63,1.88
0.56,35,TRACKING,11.403,2.056,11.277,2.326,6.629,1.409,4.574,0.439,4.595,80.2,110.28,1,4.382,2.67,1,TRUE,TRUE,751.9,371.7,751.9,371,746.8,376.6,FALSE,63,2.3
0.576,36,TRACKING,11.37,2.111,11.224,1.937,6.694,1.46,4.485,0.924,4.579,79.92,109.81,1,4.085,3.231,1,TRUE,TRUE,749.6,383.3,750.8,383.2,744.1,377.6,FALSE,63,9.43
0.592,37,TRACKING,11.335,2.166,10.756,2.262,6.767,1.512,4.86,0.665,4.905,85.61,117.73,1,4.505,3.239,1,TRUE,TRUE,758.8,377.1,759,377.4,742.7,377.8,FALSE,63,45.41
0.608,38,TRACKING,11.3,2.221,10.996,2.521,6.836,1.557,4.495,0.441,4.517,78.84,108.4,1,4.366,2.827,1,TRUE,TRUE,749.8,371.6,750.2,371,740.6,377.4,FALSE,63,1.93
0.624,39,TRACKING,11.264,2.276,11.249,2.304,6.895,1.604,4.077,0.724,4.14,72.27,99.28,1,3.666,2.938,1,TRUE,TRUE,739.3,378,738.6,377.6,737.5,377.7,FALSE,63,2.08
0.64,40,TRACKING,11.227,2.33,10.815,2.216,6.955,1.657,4.391,0.897,4.481,78.21,107.46,1,3.718,3.292,1,TRUE,TRUE,746.7,382,746.3,382.2,735.4,378.4,FALSE,63,2.65
0.656,41,TRACKING,11.19,2.384,10.708,2.642,7.017,1.704,4.388,0.51,4.418,77.11,106,1,3.88,2.937,1,TRUE,TRUE,746.6,372.7,746.9,372.1,733.7,378,FALSE,63,8.72
0.672,42,TRACKING,11.151,2.438,11.077,2.658,7.07,1.749,3.866,0.542,3.904,68.13,93.61,1,3.36,2.811,1,TRUE,TRUE,733.7,373.4,734.1,374.4,731,377.9,FALSE,63,13.07
0.688,43,TRACKING,11.112,2.492,10.906,2.336,7.12,1.801,3.896,0.951,4.01,70,96.1,1,3.106,3.226,1,TRUE,TRUE,734.3,383.2,734.7,383.4,728.5,378.6,FALSE,63,2.21
0.704,44,TRACKING,11.071,2.546,10.555,2.659,7.173,1.851,4.14,0.685,4.197,73.24,100.64,1,3.336,3.159,1,TRUE,TRUE,740.2,377.1,740.9,377,726.9,378.7,FALSE,63,1.88
0.72,45,TRACKING,11.03,2.599,10.773,2.891,7.222,1.898,3.783,0.496,3.816,66.59,91.5,0.994,3.048,2.908,1,TRUE,TRUE,731.6,372.8,731,373.4,724.6,378.5,FALSE,63,1.73
0.736,46,TRACKING,10.988,2.653,10.897,2.702,7.265,1.946,3.514,0.751,3.593,62.71,86.09,0.973,2.703,3.049,1,TRUE,TRUE,725.1,379,727,379.4,722.1,378.8,FALSE,63,10.15
0.752,47,TRACKING,10.945,2.706,10.536,2.568,7.309,2,3.75,0.966,3.872,67.59,92.77,0.953,2.696,3.361,1,TRUE,TRUE,731,384.3,730.4,383.5,720.1,379.4,FALSE,63,2.92
0.768,48,TRACKING,10.902,2.759,10.476,3.117,7.352,2.049,3.691,0.455,3.719,64.9,89.17,0.938,2.708,3.031,1,TRUE,TRUE,729.7,372.2,729.4,372.9,718.3,379.1,FALSE,63,1.93
0.784,49,TRACKING,10.857,2.811,10.712,2.952,7.389,2.097,3.308,0.673,3.376,58.92,80.89,0.931,2.332,2.995,1,TRUE,TRUE,720.5,377.2,720.4,376.9,715.8,379.1,FALSE,63,1.9
0.8,50,TRACKING,10.812,2.864,10.561,2.817,7.423,2.148,3.322,0.882,3.437,59.99,82.31,0.935,2.139,3.243,1,TRUE,TRUE,720.9,382,720.8,382.5,713.6,379.6,FALSE,63,2.81
0.816,51,TRACKING,10.765,2.916,10.293,2.966,7.46,2.201,3.477,0.794,3.566,62.24,85.43,0.948,2.259,3.265,1,TRUE,TRUE,724.7,379.7,725,379.3,712,379.8,FALSE,63,2.41
0.832,52,TRACKING,10.718,2.968,10.416,3.388,7.494,2.246,3.225,0.396,3.249,56.71,77.89,0.97,2.136,2.801,1,TRUE,TRUE,718.5,370,719.4,369.5,710.1,379.1,FALSE,63,2.38
0.848,53,TRACKING,10.67,3.02,10.509,2.928,7.522,2.295,2.987,0.928,3.127,54.58,74.84,0.996,1.775,3.089,1,TRUE,TRUE,712.6,382.5,712.4,382.7,707.7,379.6,FALSE,63,1.84
0.864,54,TRACKING,10.622,3.071,10.239,3.096,7.549,2.346,3.127,0.824,3.234,56.44,77.43,1,1.681,3.206,1,TRUE,TRUE,715.8,380.1,715,380.8,705.8,379.9,FALSE,63,3.09
0.88,55,TRACKING,10.572,3.122,10.105,3.354,7.576,2.395,3.139,0.609,3.197,55.81,76.61,1,1.668,3.03,1,TRUE,TRUE,715.9,375.1,715.2,375.2,704,379.7,FALSE,63,2.29
0.896,56,TRACKING,10.522,3.173,10.281,3.442,7.597,2.44,2.82,0.558,2.874,50.17,68.85,1,1.357,2.807,1,TRUE,TRUE,708,374,707.3,373.1,701.8,379.4,FALSE,63,2.75
0.912,57,TRACKING,10.471,3.224,10.212,3.015,7.615,2.491,2.744,1.065,2.944,51.37,70.37,1,1.064,3.207,1,TRUE,TRUE,705.9,386.3,704.8,385.9,699.6,380.1,FALSE,63,2.51
0.928,58,TRACKING,10.419,3.275,9.899,3.498,7.633,2.54,2.94,0.627,3.006,52.46,72,1,1.149,3.065,1,TRUE,TRUE,710.5,376.2,710.8,376,698,379.9,FALSE,63,2.78
0.944,59,TRACKING,10.366,3.325,9.934,3.588,7.65,2.587,2.776,0.579,2.836,49.5,67.93,1,1.051,2.921,1,TRUE,TRUE,706.5,375.1,706.1,375.1,696.2,379.7,FALSE,63,1.89
0.96,60,TRACKING,10.312,3.375,10.106,3.42,7.661,2.636,2.457,0.809,2.587,45.14,61.87,1,0.694,3.064,1,TRUE,TRUE,698.8,380.5,698.3,381.1,693.9,380,FALSE,63,1.8
0.976,61,TRACKING,10.258,3.425,9.83,3.33,7.671,2.689,2.606,0.968,2.78,48.52,66.46,1,0.639,3.3,1,TRUE,TRUE,702.4,384.2,702.4,384.3,692.2,380.5,FALSE,63,2.32
0.992,62,TRACKING,10.203,3.474,9.586,3.848,7.681,2.733,2.728,0.467,2.767,48.3,66.3,0.998,0.651,2.779,1,TRUE,TRUE,705.5,372.1,702.9,367.4,690.6,379.7,FALSE,63,3.03
1.008,63,TRACKING,10.147,3.524,9.838,3.637,7.688,2.778,2.339,0.727,2.45,42.75,58.6,0.989,0.429,2.81,1,TRUE,TRUE,696.3,378,696.2,377.7,688.7,379.7,FALSE,63,1.97
1.024,64,TRACKING,10.09,3.573,9.811,3.473,7.692,2.827,2.228,0.957,2.425,42.33,57.93,0.985,0.218,3.056,1,TRUE,TRUE,693.7,383.3,694.1,383.3,686.7,380.1,FALSE,63,1.87
1.04,65,TRACKING,10.032,3.621,9.381,3.754,7.698,2.875,2.55,0.723,2.65,46.26,63.43,0.986,0.4,2.996,1,TRUE,TRUE,701.6,377.7,702.1,377.3,685.5,380.1,FALSE,63,1.88
1.056,66,TRACKING,9.974,3.67,9.462,4.002,7.703,2.919,2.345,0.506,2.399,41.88,57.45,0.989,0.329,2.762,1,TRUE,TRUE,696.7,372.5,695.9,372.5,683.9,379.7,FALSE,63,3.67
1.072,67,TRACKING,9.915,3.718,9.724,3.654,7.703,2.967,1.939,0.919,2.146,37.45,51.22,0.992,-0.024,3,1,TRUE,TRUE,686.9,382.4,687.1,383.2,681.9,380,FALSE,63,1.31
1.088,68,TRACKING,9.855,3.766,9.329,3.735,7.703,3.017,2.214,0.899,2.39,41.71,57.11,0.993,-0.002,3.148,1,TRUE,TRUE,693.4,382.2,693.9,382.5,680.5,380.4,FALSE,63,0.51
1.104,69,TRACKING,9.794,3.813,9.087,4.159,7.705,3.064,2.348,0.509,2.403,41.94,57.53,0.989,0.14,2.922,1,TRUE,TRUE,696.6,373.1,696.6,373.6,679.3,380,FALSE,63,0.57
1.12,70,TRACKING,9.733,3.861,9.467,3.986,7.702,3.111,1.826,0.729,1.966,34.32,46.98,0.982,-0.219,2.923,1,TRUE,TRUE,683.8,378.5,683,378.2,677.4,380,FALSE,63,0.55
1.136,71,TRACKING,9.671,3.908,9.343,3.812,7.695,3.161,1.812,0.966,2.054,35.84,48.98,0.972,-0.454,3.121,1,TRUE,TRUE,683.2,384.2,683.1,383.6,675.6,380.4,FALSE,63,1.52
1.152,72,TRACKING,9.608,3.954,9.072,4.533,7.732,3.281,2.179,0.636,2.27,39.62,54.31,0.963,2.337,7.538,1,TRUE,TRUE,692.9,378.1,766.6,501.8,679.4,388.5,FALSE,63,1.56
1.168,73,TRACKING,9.544,4.001,9.317,4.82,7.756,3.38,1.795,0.36,1.831,31.95,43.83,0.957,1.512,6.133,1,TRUE,TRUE,683.3,371,682.7,370.4,677.6,387.7,FALSE,63,0.54
1.184,74,TRACKING,9.48,4.047,9.557,4.41,7.766,3.468,1.396,0.813,1.616,28.2,38.5,0.958,0.62,5.516,1,TRUE,TRUE,673.3,381.2,673.3,381.6,675.3,387.6,FALSE,63,0.53
1.2,75,TRACKING,9.415,4.092,9.014,4.639,7.771,3.546,1.809,0.612,1.909,33.32,45.65,0.966,0.307,4.886,1,TRUE,TRUE,683,376,682.5,376.1,673.7,387.2,FALSE,63,1.15
1.216,76,TRACKING,9.349,4.138,8.889,4.903,7.773,3.613,1.811,0.356,1.846,32.21,44.19,0.981,0.135,4.194,1,TRUE,TRUE,683.1,369.6,683.5,369.3,672.4,386.3,FALSE,63,1.45
1.232,77,TRACKING,9.282,4.183,9.317,4.858,7.765,3.673,1.223,0.418,1.292,22.55,30.88,1,-0.479,3.749,1,TRUE,TRUE,668.9,370.8,668.2,371.3,670.1,385.6,FALSE,63,1.65
1.248,78,TRACKING,9.215,4.228,9.013,4.496,7.753,3.733,1.384,0.821,1.609,28.08,38.34,1,-0.768,3.735,1,TRUE,TRUE,672.8,380.3,672.7,380.7,668.3,385.6,FALSE,63,0.54
1.264,79,TRACKING,9.147,4.272,8.538,5.023,7.742,3.786,1.742,0.302,1.768,30.86,42.33,1,-0.685,3.297,1,TRUE,TRUE,681.6,368.1,681.4,368.1,667.1,384.7,FALSE,63,0.52
1.28,80,TRACKING,9.078,4.316,8.888,4.969,7.727,3.834,1.249,0.37,1.303,22.73,31.15,1,-0.968,3.008,1,TRUE,TRUE,669.8,369.7,670.2,369.4,665.4,384,FALSE,63,0.55
1.296,81,TRACKING,9.009,4.36,8.959,4.783,7.705,3.882,1.025,0.585,1.181,20.61,28.14,1,-1.342,2.991,1,TRUE,TRUE,664.4,375,664.6,375.7,663.4,383.6,FALSE,63,1.23
1.312,82,TRACKING,8.939,4.403,8.362,4.731,7.685,3.929,1.502,0.668,1.644,28.7,39.26,1,-1.245,2.982,1,TRUE,TRUE,675.9,377.1,676.1,376.2,662.2,383.4,FALSE,63,1.49
1.328,83,TRACKING,8.868,4.446,8.394,5.26,7.665,3.971,1.343,0.144,1.351,23.58,32.36,1,-1.285,2.622,1,TRUE,TRUE,672.1,364.8,672.2,365.4,660.8,382.4,FALSE,63,0.56
1.344,84,TRACKING,8.797,4.489,8.743,4.864,7.638,4.014,0.844,0.568,1.017,17.76,24.21,1,-1.656,2.642,1,TRUE,TRUE,659.9,374.7,660.7,374.8,658.9,382.1,FALSE,63,0.54
1.36,85,TRACKING,8.724,4.532,8.31,4.83,7.61,4.056,1.143,0.635,1.308,22.82,31.17,1,-1.749,2.686,1,TRUE,TRUE,666.9,376.2,666.3,376.1,657.4,381.9,FALSE,63,0.55
1.376,86,TRACKING,8.652,4.574,7.98,5.058,7.584,4.098,1.354,0.429,1.42,24.78,33.96,0.983,-1.654,2.579,1,TRUE,TRUE,671.9,371.1,671.4,371.9,656.4,381.4,FALSE,63,2.05
1.392,87,TRACKING,8.578,4.615,8.338,5.268,7.553,4.135,0.852,0.227,0.882,15.39,21.09,0.963,-1.937,2.318,1,TRUE,TRUE,659.6,366,659.3,366.3,654.6,380.6,FALSE,63,1.8
1.408,88,TRACKING,8.504,4.657,8.24,4.777,7.518,4.174,0.804,0.756,1.103,19.26,26.17,0.95,-2.189,2.462,1,TRUE,TRUE,658.2,378.3,657.6,377.8,652.9,380.5,FALSE,63,0.56
1.424,89,TRACKING,8.429,4.698,7.727,5.043,7.484,4.212,1.198,0.512,1.303,22.74,31.11,0.947,-2.091,2.377,1,TRUE,TRUE,667.5,372.5,667,371.7,651.9,380.1,FALSE,63,0.6
1.44,90,TRACKING,8.354,4.738,7.847,5.277,7.45,4.247,0.949,0.291,0.993,17.32,23.73,0.951,-2.154,2.18,1,TRUE,TRUE,661.5,367.3,662,367.6,650.6,379.5,FALSE,63,0.54
1.456,91,TRACKING,8.277,4.778,8.04,5.1,7.411,4.281,0.611,0.491,0.784,13.67,18.61,0.961,-2.432,2.139,1,TRUE,TRUE,653.3,372.1,653.8,371.4,648.9,379.1,FALSE,63,1.46
1.472,92,TRACKING,8.201,4.818,7.618,4.873,7.372,4.319,0.908,0.763,1.186,20.69,28.15,0.974,-2.419,2.366,1,TRUE,TRUE,660.5,378.7,661.1,380.4,647.8,379.2,FALSE,63,1.96
1.488,93,TRACKING,8.123,4.858,7.421,5.313,7.335,4.354,0.986,0.339,1.042,18.19,24.91,0.987,-2.355,2.181,1,TRUE,TRUE,662.5,368.9,662.7,368.6,646.8,378.6,FALSE,63,0.5
1.504,94,TRACKING,8.045,4.897,7.678,5.313,7.294,4.387,0.591,0.357,0.69,12.04,16.44,0.997,-2.558,2.054,1,TRUE,TRUE,653.1,369.5,653.5,369.2,645.4,378.1,FALSE,63,0.52
1.52,95,TRACKING,7.967,4.936,7.529,4.974,7.251,4.422,0.608,0.734,0.953,16.63,22.54,1,-2.681,2.21,1,TRUE,TRUE,653.7,378.5,654.2,378.1,644.1,378.1,FALSE,63,0.5
1.536,96,TRACKING,7.887,4.974,7.14,5.17,7.203,4.458,0.875,0.567,1.043,18.2,24.83,1,-3.004,2.2,1,TRUE,TRUE,660.1,374.5,658.7,373.9,643.1,377.9,FALSE,63,1.31
1.552,97,TRACKING,7.807,5.012,7.244,5.441,7.164,4.486,0.664,0.295,0.726,12.68,17.34,1,-2.453,1.807,1,TRUE,TRUE,655.3,367.8,663.4,360.5,642.4,377,FALSE,63,1.6
1.568,98,TRACKING,7.727,5.05,7.346,5.203,7.121,4.517,0.425,0.563,0.705,12.31,16.67,0.998,-2.651,1.894,1,TRUE,TRUE,649.6,373.9,649.2,374.3,641,376.8,FALSE,63,0.51
1.584,99,TRACKING,7.646,5.087,7.03,5.009,7.078,4.55,0.617,0.797,1.008,17.6,23.83,0.997,-2.709,2.076,1,TRUE,TRUE,654.1,379.3,654.4,378.7,640,376.9,FALSE,63,0.5
1.6,100,TRACKING,7.564,5.124,6.849,5.49,7.034,4.581,0.68,0.332,0.757,13.21,18.06,1,-2.705,1.912,1,TRUE,TRUE,655.6,368.2,655.7,368.1,639.2,376.4,FALSE,63,0.47
1.616,101,TRACKING,7.482,5.16,7.001,5.384,6.988,4.61,0.395,0.46,0.607,10.59,14.36,1,-2.894,1.841,1,TRUE,TRUE,648.5,371.1,648.2,370.1,637.9,376,FALSE,63,1.35
1.632,102,TRACKING,7.399,5.196,6.916,5.158,6.939,4.642,0.348,0.724,0.803,14.02,18.91,1,-3.058,1.987,1,TRUE,TRUE,647.2,377.3,647,377.6,636.8,376.1,FALSE,63,1.98
1.648,103,TRACKING,7.316,5.232,6.586,5.254,6.891,4.675,0.56,0.661,0.867,15.12,20.5,1,-3.013,2.05,1,TRUE,TRUE,652.1,376,653,376,635.9,376,FALSE,63,0.54
1.664,104,TRACKING,7.232,5.267,6.564,5.689,6.842,4.704,0.457,0.239,0.516,9.01,12.31,1,-3.07,1.838,1,TRUE,TRUE,649.5,366.3,649.2,366.5,635,375.5,FALSE,63,0.47
1.68,105,TRACKING,7.147,5.302,6.693,5.237,6.789,4.736,0.192,0.728,0.753,13.15,17.69,1,-3.283,1.975,1,TRUE,TRUE,643,378,642.4,377.7,633.7,375.6,FALSE,63,0.5
1.696,106,TRACKING,7.062,5.336,6.443,5.308,6.736,4.769,0.316,0.694,0.762,13.31,17.94,1,-3.343,2.064,1,TRUE,TRUE,645.9,377.4,645.9,377.2,632.7,375.6,FALSE,63,1.15
1.712,107,TRACKING,6.976,5.37,6.167,5.551,6.684,4.8,0.476,0.474,0.672,11.73,15.93,1,-3.26,1.978,1,TRUE,TRUE,649.8,372.3,650.6,371.5,632,375.4,FALSE,63,1.36
1.728,108,TRACKING,6.89,5.404,6.319,5.681,6.629,4.83,0.195,0.363,0.412,7.19,9.7,1,-3.396,1.855,1,TRUE,TRUE,643.1,369.6,642.6,369.4,631,375,FALSE,63,0.48
1.744,109,TRACKING,6.803,5.437,6.324,5.189,6.573,4.864,0.057,0.901,0.903,15.76,21.17,1,-3.556,2.104,1,TRUE,TRUE,639.8,382.1,640,382.4,629.9,375.3,FALSE,63,0.49
1.76,110,TRACKING,6.716,5.469,5.912,5.619,6.517,4.896,0.352,0.497,0.609,10.62,14.37,0.976,-3.484,2.047,1,TRUE,TRUE,647.1,372.4,647.3,373.1,629.2,375.2,FALSE,63,0.49
1.776,111,TRACKING,6.628,5.502,5.854,5.724,6.461,4.928,0.288,0.413,0.504,8.8,11.9,0.952,-3.51,1.956,1,TRUE,TRUE,645.7,370.2,643.8,371.3,628.4,374.9,FALSE,63,1.75
1.792,112,TRACKING,6.54,5.534,6.096,5.569,6.401,4.96,-0.089,0.599,0.605,10.57,14.2,0.936,-3.698,1.99,1,TRUE,TRUE,636.8,374.4,636.8,375.3,627.2,374.9,FALSE,63,1.21
1.808,113,TRACKING,6.451,5.565,5.793,5.367,6.342,4.994,0.091,0.843,0.848,14.8,19.88,0.929,-3.733,2.16,1,TRUE,TRUE,641.1,380.2,640.7,380.9,626.4,375.1,FALSE,63,0.55
1.824,114,TRACKING,6.362,5.596,5.438,5.922,6.284,5.025,0.335,0.301,0.451,7.87,10.7,0.932,-3.591,1.947,1,TRUE,TRUE,647.1,367.4,647.2,367.6,625.9,374.7,FALSE,63,0.55
1.84,115,TRACKING,6.272,5.627,5.713,5.714,6.225,5.056,-0.066,0.535,0.539,9.4,12.63,0.945,-3.705,1.937,1,TRUE,TRUE,637.4,373,638,373.5,625,374.6,FALSE,63,0.53
1.856,116,TRACKING,6.182,5.657,5.713,5.527,6.163,5.089,-0.199,0.756,0.782,13.64,18.36,0.966,-3.888,2.039,1,TRUE,TRUE,634,378.5,633.7,377.8,624,374.7,FALSE,63,1.2
1.872,117,TRACKING,6.091,5.687,5.177,5.713,6.103,5.122,0.226,0.6,0.641,11.18,15.06,0.989,-3.761,2.065,1,TRUE,TRUE,644.1,375,644.2,375.8,623.5,374.7,FALSE,63,1.38
1.888,118,TRACKING,6,5.716,5.22,6.042,6.042,5.152,0.064,0.283,0.29,5.07,6.82,1,-3.762,1.882,1,TRUE,TRUE,640.1,367.7,640,367.7,622.9,374.3,FALSE,63,0.48
1.904,119,TRACKING,5.908,5.745,5.525,5.638,5.978,5.184,-0.377,0.721,0.814,14.21,19.18,1,-4.006,2.001,1,TRUE,TRUE,629.2,378.1,629.6,378,621.8,374.4,FALSE,63,0.52
1.92,120,TRACKING,5.816,5.773,5.072,5.68,5.914,5.217,-0.044,0.711,0.712,12.44,16.71,1,-3.992,2.079,1,TRUE,TRUE,637.1,377.8,637.5,377.5,621.1,374.5,FALSE,63,0.47
1.936,121,TRACKING,5.724,5.801,4.754,6.051,5.852,5.248,0.163,0.353,0.389,6.79,9.16,1,-3.882,1.911,1,TRUE,TRUE,642,369.2,641.3,368.3,620.7,374.2,FALSE,63,1.66
1.952,122,TRACKING,5.631,5.828,5.154,5.954,5.787,5.278,-0.37,0.47,0.598,10.44,14.15,1,-4.077,1.857,1,TRUE,TRUE,629.2,371.7,629.4,371.3,619.7,374,FALSE,63,1.34
1.968,123,TRACKING,5.537,5.855,5.02,5.669,5.72,5.309,-0.367,0.788,0.869,15.17,20.46,1,-4.208,1.994,1,TRUE,TRUE,629.2,379,629.8,378.5,618.8,374.1,FALSE,63,0.49
1.984,124,TRACKING,5.443,5.882,4.439,5.962,5.655,5.341,0.106,0.518,0.529,9.23,12.41,1,-4.042,1.968,1,TRUE,TRUE,640.7,372.5,640.7,373.3,618.5,374,FALSE,63,0.5
2,125,TRACKING,5.349,5.908,4.649,6.209,5.589,5.37,-0.226,0.281,0.36,6.29,8.52,1,-4.1,1.799,1,TRUE,TRUE,632.9,366.8,632.7,367.1,617.8,373.6,FALSE,63,0.49
2.016,126,TRACKING,5.254,5.934,4.881,5.802,5.52,5.401,-0.595,0.719,0.933,16.28,22.07,1,-4.332,1.927,1,TRUE,TRUE,624.1,377.2,624.4,377.7,616.8,373.8,FALSE,63,1.13
2.032,127,TRACKING,5.159,5.959,4.302,5.907,5.452,5.432,-0.131,0.641,0.654,11.42,15.36,1,-4.255,1.986,1,TRUE,TRUE,635.4,375.6,634.8,376.1,616.3,373.8,FALSE,63,1.32
2.048,128,TRACKING,5.063,5.984,4.144,6.21,5.386,5.462,-0.082,0.351,0.36,6.29,8.46,1,-4.131,1.856,1,TRUE,TRUE,636.8,368.9,637.4,368.9,616,373.5,FALSE,63,0.49
2.064,129,TRACKING,4.967,6.008,4.565,6.173,5.316,5.491,-0.637,0.403,0.754,13.16,17.95,1,-4.352,1.784,1,TRUE,TRUE,623.5,370.3,623.6,370,615.1,373.3,FALSE,63,0.48
2.08,130,TRACKING,4.871,6.032,4.258,5.783,5.245,5.522,-0.457,0.827,0.945,16.5,22.28,1,-4.432,1.991,1,TRUE,TRUE,627.8,380.5,627,381,614.4,373.6,FALSE,63,0.5
2.096,131,TRACKING,4.774,6.055,3.773,6.261,5.178,5.553,-0.078,0.364,0.372,6.49,8.73,1,-4.243,1.883,1,TRUE,TRUE,636.9,369.7,637.5,369.8,614.2,373.4,FALSE,63,1.52
2.112,132,TRACKING,4.677,6.078,4.09,6.281,5.108,5.581,-0.521,0.356,0.631,11.01,15.01,1,-4.365,1.794,1,TRUE,TRUE,626.1,369.4,625.8,369.5,613.5,373.1,FALSE,63,1.39
2.128,133,TRACKING,4.58,6.1,4.158,6.084,5.035,5.611,-0.721,0.575,0.923,16.1,21.92,0.994,-4.547,1.844,1,TRUE,TRUE,621.1,374.4,621.5,374.5,612.6,373.1,FALSE,63,0.64
2.144,134,TRACKING,4.482,6.122,3.582,5.98,4.964,5.642,-0.258,0.706,0.751,13.11,17.66,0.978,-4.436,1.938,1,TRUE,TRUE,632,377.2,632.1,376.9,612.3,373.2,FALSE,63,0.51
2.16,135,TRACKING,4.384,6.144,3.58,6.533,4.894,5.669,-0.371,0.153,0.401,7.01,9.59,0.961,-4.402,1.69,1,TRUE,TRUE,629.2,364,629.7,363.2,611.9,372.7,FALSE,63,0.5
2.176,136,TRACKING,4.286,6.165,3.892,6.153,4.82,5.692,-0.816,0.531,0.974,16.99,23.18,0.947,-4.6,1.473,1,TRUE,TRUE,618.3,372.6,619.5,362,611,372.2,FALSE,63,1.26
2.192,137,TRACKING,4.187,6.185,3.502,6.078,4.746,5.718,-0.548,0.628,0.834,14.56,19.74,0.939,-4.637,1.612,1,TRUE,TRUE,624.7,374.9,624.2,375.2,610.5,372.2,FALSE,63,1.04
2.208,138,TRACKING,4.088,6.205,3.171,6.262,4.673,5.744,-0.329,0.458,0.563,9.83,13.31,0.94,-4.526,1.604,1,TRUE,TRUE,630,371,630.2,370.5,610.2,372.1,FALSE,63,0.55
2.224,139,TRACKING,3.988,6.225,3.46,6.554,4.599,5.767,-0.745,0.169,0.764,13.33,18.27,0.951,-4.646,1.474,1,TRUE,TRUE,620,364.3,620.9,365.2,609.5,371.7,FALSE,63,0.5
2.24,140,TRACKING,3.888,6.244,3.391,6.035,4.522,5.794,-0.807,0.714,1.077,18.8,25.57,0.97,-4.79,1.643,1,TRUE,TRUE,618.6,377.4,618.2,376.9,608.8,371.8,FALSE,63,0.59
2.256,141,TRACKING,3.788,6.262,2.929,6.276,4.447,5.82,-0.457,0.488,0.668,11.66,15.83,0.995,-4.69,1.654,1,TRUE,TRUE,627.2,372.3,627.3,371.9,608.5,371.8,FALSE,63,1.65
2.272,142,TRACKING,3.688,6.281,2.973,6.511,4.372,5.845,-0.619,0.26,0.671,11.71,16.02,1,-4.68,1.562,1,TRUE,TRUE,623.5,367.1,624.2,367.6,608,371.5,FALSE,63,1.33
2.288,143,TRACKING,3.587,6.298,3.143,6.416,4.295,5.87,-0.919,0.365,0.989,17.27,23.63,1,-4.843,1.534,1,TRUE,TRUE,616.4,369.6,616.2,369.5,607.3,371.3,FALSE,63,0.51
2.304,144,TRACKING,3.487,6.315,2.805,6.092,4.218,5.897,-0.701,0.714,1,17.46,23.71,1,-4.831,1.695,1,TRUE,TRUE,621.7,377.7,622.1,377.5,606.9,371.5,FALSE,63,0.49
2.32,145,TRACKING,3.385,6.332,2.567,6.556,4.141,5.922,-0.577,0.255,0.631,11.01,15.06,1,-4.761,1.578,1,TRUE,TRUE,624.8,366.7,624.6,367,606.6,371.2,FALSE,63,0.49
2.336,146,TRACKING,3.284,6.348,2.833,6.771,4.079,5.979,-0.892,0.212,0.917,16.01,21.94,1,-3.92,3.563,1,TRUE,TRUE,617.5,366.3,660.1,458.8,607.8,374.9,FALSE,63,1.13
2.352,147,TRACKING,3.182,6.364,2.766,6.483,4.011,6.03,-0.956,0.512,1.084,18.92,25.85,1,-4.261,3.15,1,TRUE,TRUE,615.8,372.9,615.2,373.1,607.1,374.8,FALSE,63,1.51
2.368,148,TRACKING,3.08,6.379,2.417,6.586,3.941,6.074,-0.725,0.415,0.835,14.57,19.9,1,-4.363,2.787,1,TRUE,TRUE,621.2,370.4,621.6,370,606.8,374.6,FALSE,63,0.49
2.384,149,TRACKING,2.978,6.394,2.388,6.96,3.869,6.111,-0.818,0.03,0.818,14.28,19.6,1,-4.501,2.327,1,TRUE,TRUE,618.7,361.2,618.3,361,606.3,374,FALSE,63,0.47
2.4,150,TRACKING,2.876,6.408,2.51,6.712,3.793,6.145,-1.073,0.278,1.109,19.35,26.52,0.994,-4.743,2.12,1,TRUE,TRUE,612.3,367,611.5,367,605.5,373.7,FALSE,63,0.48
2.416,151,TRACKING,2.773,6.421,2.273,6.508,3.715,6.179,-0.962,0.495,1.082,18.88,25.8,0.979,-4.841,2.111,1,TRUE,TRUE,614.8,372.2,615.2,373.5,605,373.6,FALSE,63,2.14
2.432,152,TRACKING,2.67,6.435,1.997,6.929,3.638,6.209,-0.803,0.067,0.806,14.06,19.3,0.97,-4.81,1.873,1,TRUE,TRUE,618.5,362.3,619.8,363,604.6,373.2,FALSE,63,1.79
2.448,153,TRACKING,2.567,6.447,2.098,6.914,3.56,6.236,-1.031,0.073,1.033,18.04,24.75,0.968,-4.92,1.672,1,TRUE,TRUE,613,362.6,613.5,362.2,604.1,372.7,FALSE,63,0.57
2.464,154,TRACKING,2.464,6.459,2.111,6.622,3.478,6.263,-1.176,0.369,1.233,21.52,29.48,0.972,-5.088,1.674,1,TRUE,TRUE,609.5,369.7,609.3,369.3,603.4,372.5,FALSE,63,0.48
2.48,155,TRACKING,2.36,6.471,1.745,6.687,3.397,6.289,-0.931,0.306,0.98,17.11,23.43,0.978,-5.081,1.646,1,TRUE,TRUE,615.4,368.2,615.5,368.2,602.9,372.2,FALSE,63,0.52
2.496,156,TRACKING,2.257,6.482,1.62,7.116,3.316,6.311,-0.925,-0.139,0.936,16.33,22.4,0.984,-5.062,1.404,1,TRUE,TRUE,615.7,357.6,616,358.4,602.6,371.6,FALSE,63,1.25
2.512,157,TRACKING,2.153,6.493,1.813,6.704,3.232,6.334,-1.254,0.272,1.283,22.39,30.71,0.988,-5.252,1.402,1,TRUE,TRUE,607.9,367.1,606.4,366.9,601.8,371.3,FALSE,63,2.28
2.528,158,TRACKING,2.049,6.503,1.598,6.675,3.147,6.356,-1.166,0.302,1.205,21.02,28.82,0.988,-5.322,1.405,1,TRUE,TRUE,610.2,367.5,609.8,367.4,601.2,371.1,FALSE,63,0.57
2.544,159,TRACKING,1.945,6.513,1.209,6.906,3.063,6.377,-0.892,0.06,0.894,15.61,21.42,0.984,-5.227,1.27,1,TRUE,TRUE,616.9,361.6,616.7,361.4,601,370.6,FALSE,63,0.5
2.56,160,TRACKING,1.841,6.522,1.363,7.059,2.978,6.394,-1.172,-0.109,1.177,20.55,28.2,0.979,-5.298,1.084,1,TRUE,TRUE,610.3,357.5,609.9,357.8,600.5,370,FALSE,63,0.5
2.576,161,TRACKING,1.736,6.531,1.446,6.524,2.892,6.413,-1.386,0.43,1.451,25.33,34.71,0.974,-5.431,1.192,1,TRUE,TRUE,605.1,370.1,606.1,369.7,599.8,369.9,FALSE,63,1.21
2.592,162,TRACKING,1.632,6.539,0.962,6.875,2.806,6.431,-1.019,0.069,1.021,17.82,24.46,0.972,-5.357,1.096,1,TRUE,TRUE,613.9,361.7,614.3,361.8,599.5,369.5,FALSE,63,1.43
2.608,163,TRACKING,1.527,6.546,0.851,6.991,2.721,6.446,-1.023,-0.062,1.025,17.89,24.56,0.976,-5.307,0.955,1,TRUE,TRUE,613.7,358.8,614,359,599.3,369,FALSE,63,0.51
2.624,164,TRACKING,1.422,6.553,1.16,6.842,2.633,6.46,-1.468,0.077,1.47,25.65,35.21,0.987,-5.512,0.906,1,TRUE,TRUE,602.9,362.2,602.3,362,598.6,368.6,FALSE,63,0.52
2.64,165,TRACKING,1.317,6.56,0.841,6.537,2.544,6.477,-1.273,0.385,1.33,23.22,31.81,1,-5.56,1.019,1,TRUE,TRUE,607.4,369.7,607.4,369.3,598.1,368.5,FALSE,63,0.49
2.656,166,TRACKING,1.212,6.566,0.403,7.084,2.457,6.49,-0.946,-0.179,0.963,16.8,23.05,1,-5.431,0.839,1,TRUE,TRUE,615.1,356.5,615.2,357.2,597.9,367.9,FALSE,63,1.14
2.672,167,TRACKING,1.107,6.572,0.697,6.881,2.367,6.503,-1.371,0.013,1.371,23.93,32.85,1,-5.587,0.797,1,TRUE,TRUE,604.7,361,603,361.9,597.3,367.6,FALSE,63,2.22
2.688,168,TRACKING,1.002,6.577,0.72,6.668,2.275,6.516,-1.527,0.224,1.544,26.94,36.97,1,-5.754,0.848,1,TRUE,TRUE,600.8,365.9,600.6,366.2,596.6,367.4,FALSE,63,0.53
2.704,169,TRACKING,0.897,6.582,0.117,6.742,2.186,6.529,-1.036,0.142,1.046,18.25,25.04,1,-5.619,0.814,1,TRUE,TRUE,612.6,363.8,613.2,363,596.5,367.1,FALSE,63,0.52
2.72,170,TRACKING,0.791,6.586,0.141,7.121,2.096,6.539,-1.178,-0.261,1.207,21.06,28.88,1,-5.602,0.585,1,TRUE,TRUE,609.3,354,609,353.7,596.2,366.4,FALSE,63,0.48
2.736,171,TRACKING,0.686,6.589,0.474,6.666,2.003,6.549,-1.646,0.188,1.656,28.91,39.67,1,-5.806,0.626,1,TRUE,TRUE,598.1,364.4,598.5,364.2,595.5,366.2,FALSE,63,1.25
2.752,172,TRACKING,0.581,6.592,-0.007,6.657,1.911,6.559,-1.282,0.191,1.296,22.62,31.03,1,-5.765,0.664,1,TRUE,TRUE,607,364.3,607.9,364.8,595.2,366,FALSE,63,1.24
2.768,173,TRACKING,0.475,6.595,-0.358,6.958,1.821,6.568,-1.038,-0.128,1.046,18.26,25.05,1,-5.621,0.528,1,TRUE,TRUE,613,356.8,613.4,357.3,595.1,365.5,FALSE,63,0.52
2.784,174,TRACKING,0.369,6.597,0.048,6.929,1.728,6.575,-1.574,-0.116,1.578,27.54,37.81,0.983,-5.781,0.423,1,TRUE,TRUE,600.3,357.1,600.2,357.5,594.6,365,FALSE,63,0.54
2.8,175,TRACKING,0.264,6.598,-0.091,6.535,1.634,6.583,-1.563,0.275,1.587,27.69,37.99,0.959,-5.895,0.534,1,TRUE,TRUE,600.6,366.5,600.4,366.8,594.1,365,FALSE,63,0.5
2.816,176,TRACKING,0.158,6.599,-0.694,6.796,1.542,6.59,-1.066,0,1.066,18.61,25.55,0.943,-5.738,0.458,1,TRUE,TRUE,612.7,360.3,612.3,359.5,594,364.6,FALSE,63,1.1
2.832,177,TRACKING,0.053,6.6,-0.499,7.016,1.45,6.596,-1.377,-0.242,1.398,24.4,33.47,0.936,-5.732,0.319,1,TRUE,TRUE,605.2,354.7,606.7,355.9,593.8,364.1,FALSE,63,2.07
2.848,178,TRACKING,-0.053,6.6,-0.275,6.636,1.356,6.601,-1.732,0.13,1.737,30.31,41.61,0.939,-5.919,0.356,1,TRUE,TRUE,596.6,363.6,597.2,363,593.2,363.9,FALSE,63,0.56
2.864,179,TRACKING,-0.158,6.599,-0.849,6.606,1.262,6.608,-1.27,0.155,1.28,22.33,30.65,0.95,-5.849,0.419,1,TRUE,TRUE,607.6,364.2,607.5,364.9,593,363.8,FALSE,63,0.53
2.88,180,TRACKING,-0.264,6.598,-1.029,6.927,1.17,6.613,-1.199,-0.187,1.214,21.18,29.07,0.967,-5.765,0.293,1,TRUE,TRUE,609.2,356,608.9,356.8,592.9,363.3,FALSE,63,0.48
2.896,181,TRACKING,-0.37,6.597,-0.644,6.872,1.075,6.616,-1.712,-0.151,1.719,29.99,41.17,0.985,-5.926,0.197,1,TRUE,TRUE,596.6,356.6,597.7,357,592.4,362.9,FALSE,63,1.26
2.912,182,TRACKING,-0.475,6.595,-0.936,6.447,0.979,6.621,-1.541,0.273,1.565,27.31,37.47,1,-5.99,0.331,1,TRUE,TRUE,600.6,366.4,600.4,367.2,592,362.9,FALSE,63,1.26
2.928,183,TRACKING,-0.581,6.592,-1.416,6.82,0.886,6.625,-1.168,-0.119,1.174,20.49,28.12,1,-5.862,0.231,1,TRUE,TRUE,609.4,357,609.1,357.7,592,362.5,FALSE,63,0.52
2.944,184,TRACKING,-0.686,6.589,-1.159,6.883,0.79,6.626,-1.546,-0.206,1.559,27.21,37.35,1,-5.945,0.083,1,TRUE,TRUE,600.3,354.8,600.1,354.4,591.6,362.1,FALSE,63,0.48
2.96,185,TRACKING,-0.791,6.586,-1.1,6.638,0.693,6.627,-1.73,0.025,1.73,30.19,41.45,1,-6.078,0.087,1,TRUE,TRUE,595.8,360.2,596.5,360.2,591.1,361.8,FALSE,63,0.49
2.976,186,TRACKING,-0.897,6.582,-1.631,6.459,0.597,6.631,-1.309,0.198,1.324,23.1,31.7,1,-5.995,0.19,1,TRUE,TRUE,606,364.4,605.6,365.3,591,361.8,FALSE,63,1.34
2.992,187,TRACKING,-1.002,6.577,-1.693,6.963,0.501,6.623,-1.365,-0.346,1.408,24.58,33.7,1,-6.042,-0.486,1,TRUE,TRUE,604.7,351.6,600.1,345.3,590.7,360.9,FALSE,63,2.38
3.008,188,TRACKING,-1.107,6.572,-1.439,6.629,0.402,6.619,-1.744,-0.028,1.745,30.45,41.8,1,-6.173,-0.263,1,TRUE,TRUE,595.8,359.4,595.2,359.4,590.2,360.7,FALSE,63,0.59
3.024,189,TRACKING,-1.212,6.566,-1.766,6.478,0.303,6.617,-1.532,0.113,1.536,26.81,36.8,1,-6.158,-0.103,1,TRUE,TRUE,601,362.9,600.9,362.4,590,360.6,FALSE,63,0.54
3.04,190,TRACKING,-1.317,6.56,-2.1,6.597,0.207,6.617,-1.303,-0.022,1.303,22.74,31.22,1,-6.024,0.007,1,TRUE,TRUE,606.7,359.9,607,359.9,590,360.4,FALSE,63,0.5
3.056,191,TRACKING,-1.422,6.553,-1.903,6.924,0.11,6.618,-1.615,-0.377,1.658,28.94,39.68,1,-6.055,0.072,1,TRUE,TRUE,599.3,351.6,600.3,351.7,589.8,359.8,FALSE,63,1.26
3.072,192,TRACKING,-1.527,6.546,-1.931,6.37,0.012,6.62,-1.704,0.171,1.713,29.89,41.03,1,-6.125,0.134,1,TRUE,TRUE,597.2,364.3,597.8,365.7,589.5,359.9,FALSE,63,1.28
3.088,193,TRACKING,-1.632,6.539,-2.335,6.543,-0.085,6.623,-1.406,-0.017,1.406,24.53,33.68,1,-6.032,0.172,1,TRUE,TRUE,604.4,359.7,605,359.7,589.5,359.7,FALSE,63,0.5
3.104,194,TRACKING,-1.736,6.531,-2.388,6.745,-0.181,6.626,-1.462,-0.246,1.482,25.87,35.49,1,-6.011,0.191,1,TRUE,TRUE,603,354.2,602.4,353.7,589.4,359.3,FALSE,63,0.49
3.12,195,TRACKING,-1.841,6.522,-2.239,6.686,-0.278,6.619,-1.727,-0.213,1.74,30.37,41.69,1,-6.097,-0.46,1,TRUE,TRUE,596.5,354.5,597.1,354.1,589.1,358.9,FALSE,63,0.48
3.136,196,TRACKING,-1.945,6.513,-2.482,6.249,-0.376,6.614,-1.597,0.216,1.611,28.12,38.59,1,-6.109,-0.281,1,TRUE,TRUE,599.5,364.6,599.7,364.3,588.9,358.9,FALSE,63,1.29
3.152,197,TRACKING,-2.049,6.503,-2.781,6.668,-0.474,6.606,-1.41,-0.242,1.431,24.97,34.26,1,-6.14,-0.521,1,TRUE,TRUE,603.8,353.7,598.4,346.1,588.7,358.2,FALSE,63,1.74
3.168,198,TRACKING,-2.153,6.493,-2.693,6.662,-0.573,6.597,-1.61,-0.263,1.631,28.47,39.06,0.979,-6.149,-0.566,1,TRUE,TRUE,598.8,353.4,599,353.2,588.5,357.8,FALSE,63,0.52
3.184,199,TRACKING,-2.257,6.482,-2.682,6.36,-0.672,6.589,-1.738,0.024,1.738,30.33,41.64,0.956,-6.232,-0.463,1,TRUE,TRUE,595.6,360.3,595.1,360.3,588.2,357.7,FALSE,63,0.53
3.2,200,TRACKING,-2.361,6.471,-3.019,6.316,-0.771,6.583,-1.507,0.054,1.508,26.32,36.13,0.939,-6.178,-0.375,1,TRUE,TRUE,601.1,361.3,601,361.1,588.1,357.6,FALSE,63,0.5
3.216,201,TRACKING,-2.464,6.459,-3.163,6.72,-0.868,6.575,-1.465,-0.382,1.514,26.43,36.23,0.93,-6.077,-0.533,1,TRUE,TRUE,602.2,351.2,603.9,350.1,588.1,357.1,FALSE,63,1.36
3.232,202,TRACKING,-2.567,6.447,-3.005,6.437,-0.967,6.567,-1.736,-0.118,1.74,30.37,41.7,0.931,-6.154,-0.495,1,TRUE,TRUE,595.7,357.5,595.9,358.2,587.9,357,FALSE,63,1.28
3.248,203,TRACKING,-2.67,6.435,-3.159,6.194,-1.066,6.561,-1.692,0.112,1.696,29.6,40.64,0.942,-6.18,-0.386,1,TRUE,TRUE,596.9,362.9,597.4,362.4,587.7,357,FALSE,63,0.59
3.264,204,TRACKING,-2.773,6.421,-3.528,6.514,-1.163,6.553,-1.425,-0.234,1.444,25.2,34.57,0.962,-6.092,-0.469,1,TRUE,TRUE,603.5,354.6,602.8,354.3,587.8,356.7,FALSE,63,0.5
3.28,205,TRACKING,-2.876,6.408,-3.459,6.574,-1.261,6.544,-1.599,-0.323,1.631,28.47,39.06,0.987,-6.085,-0.574,1,TRUE,TRUE,599.5,352.3,599.6,352.3,587.7,356.3,FALSE,63,0.5
3.296,206,TRACKING,-2.978,6.394,-3.342,6.204,-1.36,6.536,-1.831,0.03,1.831,31.96,43.88,1,-6.194,-0.497,1,TRUE,TRUE,594,360.4,593.5,360.3,587.4,356.3,FALSE,63,1.24
3.312,207,TRACKING,-3.08,6.379,-3.734,6.227,-1.458,6.529,-1.54,-0.012,1.54,26.88,36.91,1,-6.128,-0.46,1,TRUE,TRUE,601.1,359.2,601,359.3,587.4,356.2,FALSE,63,2.35
3.328,208,TRACKING,-3.182,6.364,-3.939,6.622,-1.554,6.519,-1.433,-0.441,1.5,26.17,35.87,1,-6.036,-0.628,1,TRUE,TRUE,603.8,349,603,349.6,587.5,355.7,FALSE,63,0.56
3.344,209,TRACKING,-3.284,6.348,-3.665,6.263,-1.652,6.509,-1.819,-0.103,1.822,31.8,43.66,1,-6.136,-0.6,1,TRUE,TRUE,594.5,357,594.1,357.5,587.3,355.6,FALSE,63,0.49
3.36,210,TRACKING,-3.385,6.332,-3.841,6.128,-1.751,6.501,-1.751,0.014,1.751,30.57,41.97,1,-6.186,-0.533,1,TRUE,TRUE,596,359.9,595.3,359.9,587.1,355.5,FALSE,63,0.51
3.376,211,TRACKING,-3.487,6.315,-4.311,6.351,-1.848,6.491,-1.374,-0.234,1.394,24.33,33.38,1,-6.031,-0.577,1,TRUE,TRUE,604.9,354.2,605.1,355.3,587.3,355.3,FALSE,63,1.28
3.392,212,TRACKING,-3.588,6.298,-4.133,6.517,-1.945,6.48,-1.655,-0.436,1.711,29.86,40.94,1,-6.037,-0.717,1,TRUE,TRUE,598,349.7,598.5,349.9,587.3,354.9,FALSE,63,1.41
3.408,213,TRACKING,-3.688,6.281,-3.978,5.972,-2.043,6.471,-1.922,0.095,1.925,33.59,46.12,1,-6.171,-0.585,1,TRUE,TRUE,591.4,362.4,591.6,362,587,355,FALSE,63,0.52
3.424,214,TRACKING,-3.789,6.262,-4.509,6.236,-2.14,6.461,-1.488,-0.195,1.5,26.19,35.94,1,-6.076,-0.627,1,TRUE,TRUE,601.7,355.6,601.6,354.9,587.1,354.8,FALSE,63,0.5
3.44,215,TRACKING,-3.889,6.244,-4.647,6.378,-2.236,6.449,-1.445,-0.37,1.491,26.03,35.68,0.996,-5.988,-0.726,1,TRUE,TRUE,602.7,351.4,602.3,351.7,587.2,354.5,FALSE,63,0.5
3.456,216,TRACKING,-3.988,6.225,-4.27,6.244,-2.335,6.437,-1.934,-0.264,1.952,34.07,46.76,0.993,-6.147,-0.765,1,TRUE,TRUE,590.9,353.8,590.4,353.6,586.9,354.2,FALSE,63,1.3
3.472,217,TRACKING,-4.088,6.205,-4.586,5.865,-2.433,6.427,-1.72,0.099,1.723,30.07,41.28,0.994,-6.141,-0.627,1,TRUE,TRUE,596,362.1,596.8,362.2,586.8,354.3,FALSE,63,2.42
3.488,218,TRACKING,-4.187,6.185,-5.06,6.388,-2.528,6.414,-1.333,-0.46,1.41,24.61,33.7,0.997,-5.96,-0.778,1,TRUE,TRUE,605.5,348.7,605.8,349.3,587.1,354,FALSE,63,0.53
3.504,219,TRACKING,-4.286,6.165,-4.727,6.21,-2.625,6.401,-1.77,-0.315,1.798,31.38,43.05,0.999,-6.034,-0.841,1,TRUE,TRUE,595.1,352,594.6,352,587,353.7,FALSE,63,0.49
3.52,220,TRACKING,-4.384,6.144,-4.671,5.978,-2.723,6.388,-1.935,-0.106,1.938,33.83,46.44,0.998,-6.152,-0.784,1,TRUE,TRUE,591.3,356.8,591.2,357.4,586.8,353.6,FALSE,63,0.48
3.536,221,TRACKING,-4.482,6.122,-5.289,5.961,-2.819,6.376,-1.404,-0.114,1.409,24.59,33.75,0.992,-5.98,-0.758,1,TRUE,TRUE,604.2,356.7,604.7,356.6,587,353.5,FALSE,63,1.19
3.552,222,TRACKING,-4.58,6.1,-5.254,6.388,-2.913,6.361,-1.53,-0.586,1.638,28.59,39.14,0.983,-5.903,-0.969,1,TRUE,TRUE,601.4,345.7,601.7,345,587.2,353,FALSE,63,1.53
3.568,223,TRACKING,-4.677,6.078,-4.891,5.918,-3.01,6.346,-2.001,-0.14,2.006,35.01,48.06,0.971,-6.057,-0.895,1,TRUE,TRUE,590.1,356.4,590.3,357,586.9,353,FALSE,63,0.54
3.584,224,TRACKING,-4.775,6.055,-5.36,5.873,-3.106,6.333,-1.626,-0.119,1.63,28.45,39.05,0.959,-6.001,-0.83,1,TRUE,TRUE,599.2,357.1,599.2,357.6,587,352.9,FALSE,63,0.54
3.6,225,TRACKING,-4.871,6.032,-5.704,6.114,-3.2,6.318,-1.364,-0.395,1.42,24.78,33.97,0.951,-5.827,-0.91,1,TRUE,TRUE,605.5,350.8,605.9,351,587.3,352.7,FALSE,63,0.51
3.616,226,TRACKING,-4.968,6.008,-5.222,6.419,-3.283,6.344,-1.89,-0.528,1.962,34.25,46.96,0.95,-5.221,1.575,1,TRUE,TRUE,593,348.6,630.4,480.9,588.6,357.3,FALSE,63,2.2
3.632,227,TRACKING,-5.063,5.984,-5.332,5.971,-3.371,6.361,-1.885,-0.106,1.888,32.95,45.23,0.957,-5.478,1.09,1,TRUE,TRUE,592.9,358.3,592.3,358.8,588.4,357.2,FALSE,63,1.67
3.648,228,TRACKING,-5.159,5.959,-5.898,6.232,-3.457,6.371,-1.401,-0.406,1.459,25.46,34.9,0.973,-5.417,0.604,1,TRUE,TRUE,604.3,350.9,605.1,351.2,588.7,356.9,FALSE,63,0.52
3.664,229,TRACKING,-5.254,5.934,-5.713,6.444,-3.545,6.373,-1.68,-0.668,1.808,31.56,43.2,0.994,-5.498,0.119,1,TRUE,TRUE,597.4,344.4,597.9,344.4,588.7,356.3,FALSE,63,0.52
3.68,230,TRACKING,-5.349,5.908,-5.484,6.126,-3.637,6.371,-2.015,-0.39,2.052,35.81,49.14,1,-5.709,-0.111,1,TRUE,TRUE,589.2,350.6,589.7,350.9,588.5,356,FALSE,63,0.5
3.696,231,TRACKING,-5.443,5.882,-6,5.975,-3.727,6.367,-1.588,-0.275,1.612,28.13,38.6,1,-5.663,-0.252,1,TRUE,TRUE,599.4,353.1,600.2,352.5,588.6,355.7,FALSE,63,1.18
3.712,232,TRACKING,-5.537,5.855,-6.172,6.323,-3.816,6.358,-1.5,-0.675,1.645,28.7,39.26,1,-5.567,-0.524,1,TRUE,TRUE,601.5,343.6,603.2,343.9,588.8,355.2,FALSE,63,1.34
3.728,233,TRACKING,-5.631,5.828,-5.821,6.26,-3.908,6.347,-1.953,-0.662,2.062,35.99,49.31,1,-5.724,-0.733,1,TRUE,TRUE,590.6,343.8,590.9,343.9,588.6,354.6,FALSE,63,0.48
3.744,234,TRACKING,-5.724,5.801,-6.056,5.826,-4.001,6.335,-1.816,-0.264,1.835,32.02,43.94,1,-5.786,-0.717,1,TRUE,TRUE,594,353.3,593.6,353.1,588.5,354.4,FALSE,63,0.47
3.76,235,TRACKING,-5.816,5.773,-6.488,6.093,-4.091,6.322,-1.467,-0.578,1.577,27.52,37.67,1,-5.673,-0.852,1,TRUE,TRUE,602.6,346.1,602,345.9,588.8,353.9,FALSE,63,0.5
3.776,236,TRACKING,-5.908,5.745,-6.285,6.219,-4.183,6.305,-1.763,-0.758,1.919,33.49,45.83,1,-5.717,-1.039,1,TRUE,TRUE,595.6,342.1,595,341.8,588.7,353.4,FALSE,63,1.97
3.792,237,TRACKING,-6,5.716,-6.203,5.942,-4.276,6.288,-1.943,-0.523,2.012,35.12,48.15,1,-5.803,-1.047,1,TRUE,TRUE,591.4,347.7,592.1,349.1,588.6,353,FALSE,63,1.41
3.808,238,TRACKING,-6.091,5.686,-6.64,5.709,-4.367,6.272,-1.591,-0.327,1.624,28.35,38.89,0.992,-5.715,-0.998,1,TRUE,TRUE,600,352.4,600.1,352.4,588.7,352.9,FALSE,63,0.51
3.824,239,TRACKING,-6.182,5.657,-6.729,6.188,-4.457,6.253,-1.585,-0.864,1.805,31.51,43.05,0.972,-5.645,-1.227,1,TRUE,TRUE,600.3,339.6,600.1,339,588.9,352.2,FALSE,63,0.48
3.84,240,TRACKING,-6.272,5.627,-6.507,5.905,-4.549,6.232,-1.903,-0.631,2.005,34.99,47.93,0.958,-5.736,-1.3,1,TRUE,TRUE,592.6,344.9,592.3,344.6,588.8,351.7,FALSE,63,0.58
3.856,241,TRACKING,-6.362,5.596,-6.728,5.682,-4.641,6.211,-1.773,-0.45,1.829,31.92,43.77,0.953,-5.763,-1.274,1,TRUE,TRUE,595.7,349,594.5,349.3,588.7,351.5,FALSE,63,1.11
3.872,242,TRACKING,-6.451,5.565,-7.045,5.741,-4.732,6.19,-1.536,-0.557,1.634,28.52,39.06,0.956,-5.643,-1.336,1,TRUE,TRUE,601.3,346.2,601.8,345.5,589,351.1,FALSE,63,1.29
3.888,243,TRACKING,-6.54,5.534,-6.928,6.079,-4.822,6.165,-1.74,-0.956,1.985,34.65,47.33,0.964,-5.642,-1.566,1,TRUE,TRUE,596.2,336.6,596.9,336.4,589,350.4,FALSE,63,0.53
3.904,244,TRACKING,-6.628,5.502,-6.883,5.506,-4.913,6.141,-1.877,-0.424,1.924,33.58,46.06,0.974,-5.719,-1.499,1,TRUE,TRUE,592.7,349.1,592.6,349.5,588.9,350.1,FALSE,63,0.54
3.92,245,TRACKING,-6.716,5.469,-7.206,5.591,-5.004,6.117,-1.636,-0.556,1.728,30.16,41.31,0.985,-5.66,-1.529,1,TRUE,TRUE,598.4,346,598.8,345.7,589.1,349.8,FALSE,63,0.48
3.936,246,TRACKING,-6.803,5.437,-7.34,5.762,-5.093,6.091,-1.581,-0.78,1.763,30.77,42.06,0.992,-5.581,-1.622,1,TRUE,TRUE,599.6,340.9,600.5,342.5,589.3,349.3,FALSE,63,1.09
3.952,247,TRACKING,-6.89,5.404,-7.183,5.747,-5.183,6.063,-1.826,-0.821,2.002,34.94,47.8,0.995,-5.633,-1.75,1,TRUE,TRUE,593.7,340.1,594.3,340,589.2,348.8,FALSE,63,2.27
3.968,248,TRACKING,-6.976,5.37,-7.304,5.225,-5.274,6.037,-1.793,-0.337,1.824,31.83,43.68,0.995,-5.676,-1.626,1,TRUE,TRUE,594.5,351.7,594.1,351.9,589.2,348.7,FALSE,63,0.52
3.984,249,TRACKING,-7.062,5.336,-7.63,5.624,-5.364,6.009,-1.543,-0.789,1.733,30.24,41.34,0.992,-5.583,-1.735,1,TRUE,TRUE,600.6,341.2,600.6,341.7,589.4,348.3,FALSE,63,0.56
4,250,TRACKING,-7.147,5.302,-7.597,5.618,-5.452,5.979,-1.656,-0.837,1.856,32.39,44.27,0.99,-5.553,-1.84,1,TRUE,TRUE,598,340.1,598.4,340.9,589.5,347.8,FALSE,63,0.5
4.016,251,TRACKING,-7.232,5.267,-7.47,5.332,-5.543,5.95,-1.872,-0.598,1.966,34.31,47.01,0.99,-5.65,-1.84,1,TRUE,TRUE,592.9,345.6,591.8,345.4,589.4,347.5,FALSE,63,1.21
4.032,252,TRACKING,-7.316,5.232,-7.784,5.144,-5.635,5.918,-1.648,-0.47,1.713,29.9,40.99,0.994,-5.736,-1.993,1,TRUE,TRUE,598.4,348.4,591,337.9,589.3,346.9,FALSE,63,1.32
4.048,253,TRACKING,-7.399,5.196,-8.016,5.575,-5.724,5.884,-1.487,-0.961,1.771,30.91,42.16,1,-5.591,-2.142,1,TRUE,TRUE,602.5,336.6,602.2,336.6,589.6,346.3,FALSE,63,0.49
4.064,254,TRACKING,-7.482,5.16,-7.796,5.265,-5.814,5.849,-1.79,-0.703,1.923,33.57,45.95,1,-5.622,-2.147,1,TRUE,TRUE,595.3,342.5,594.6,342.7,589.6,346,FALSE,63,0.5
4.08,255,TRACKING,-7.564,5.124,-7.858,4.991,-5.904,5.816,-1.81,-0.474,1.871,32.66,44.78,1,-5.648,-2.081,1,TRUE,TRUE,594.9,347.7,594.4,346.8,589.6,345.8,FALSE,63,0.48
4.096,256,TRACKING,-7.646,5.087,-8.289,5.203,-5.992,5.782,-1.446,-0.738,1.623,28.33,38.72,1,-5.479,-2.142,1,TRUE,TRUE,603.7,341.5,604.4,341.5,589.9,345.4,FALSE,63,1.63
4.112,257,TRACKING,-7.727,5.05,-8.222,5.332,-6.079,5.746,-1.586,-0.927,1.837,32.06,43.78,1,-5.436,-2.276,1,TRUE,TRUE,600.2,337.1,599.7,337.2,590.1,344.9,FALSE,63,1.48
4.128,258,TRACKING,-7.807,5.012,-7.993,4.888,-6.168,5.71,-1.899,-0.528,1.971,34.4,47.16,1,-5.535,-2.212,1,TRUE,TRUE,592.6,346.6,592.4,346.2,590,344.7,FALSE,63,0.57
4.144,259,TRACKING,-7.887,4.974,-8.397,4.867,-6.255,5.675,-1.566,-0.553,1.661,28.99,39.7,1,-5.459,-2.179,1,TRUE,TRUE,600.4,346.3,600.4,345.8,590.3,344.5,FALSE,63,0.49
4.16,260,TRACKING,-7.967,4.936,-8.644,5.209,-6.34,5.638,-1.382,-0.955,1.68,29.32,39.97,1,-5.305,-2.334,1,TRUE,TRUE,604.7,337,605.4,336.7,590.7,344,FALSE,63,0.49
4.176,261,TRACKING,-8.045,4.897,-8.289,4.908,-6.427,5.601,-1.819,-0.704,1.951,34.05,46.62,1,-5.434,-2.325,1,TRUE,TRUE,594,343,591.9,343.6,590.6,343.7,FALSE,63,1.16
4.192,262,TRACKING,-8.123,4.858,-8.242,4.461,-6.485,5.532,-1.793,-0.464,1.852,32.33,44.32,0.984,-3.619,-4.267,1,TRUE,TRUE,595.3,347.9,694.5,241.8,594.2,339.8,FALSE,63,1.26
4.208,263,TRACKING,-8.201,4.818,-8.738,4.644,-6.546,5.471,-1.359,-0.695,1.526,26.64,36.41,0.959,-3.865,-3.84,1,TRUE,TRUE,605.5,342.6,606.1,342.8,594.6,339.6,FALSE,63,0.52
4.224,264,TRACKING,-8.278,4.778,-8.51,4.789,-6.613,5.413,-1.661,-0.895,1.887,32.93,45,0.94,-4.169,-3.641,1,TRUE,TRUE,598.2,337.8,598.5,337.7,594.6,339.3,FALSE,63,0.54
4.24,265,TRACKING,-8.354,4.738,-8.277,4.232,-6.686,5.36,-1.978,-0.374,2.013,35.14,48.21,0.931,-4.524,-3.271,1,TRUE,TRUE,590.6,350,590.8,350.3,594.4,339.4,FALSE,63,0.56
4.256,266,TRACKING,-8.429,4.698,-8.816,4.377,-6.759,5.311,-1.506,-0.564,1.608,28.07,38.43,0.932,-4.575,-3.116,1,TRUE,TRUE,602,345.4,601.9,344.4,594.6,339.3,FALSE,63,1.15
4.272,267,TRACKING,-8.504,4.657,-8.944,4.534,-6.832,5.261,-1.442,-0.772,1.635,28.54,39,0.942,-4.562,-3.081,1,TRUE,TRUE,603.7,340.4,604.2,340.5,594.9,339,FALSE,63,2.43
4.288,268,TRACKING,-8.578,4.615,-8.504,4.395,-6.908,5.213,-1.963,-0.681,2.078,36.26,49.67,0.96,-4.785,-3.019,1,TRUE,TRUE,591.3,342.5,591.3,342.7,594.7,338.9,FALSE,63,0.6
4.304,269,TRACKING,-8.652,4.574,-8.797,3.949,-6.986,5.168,-1.742,-0.268,1.762,30.76,42.21,0.982,-4.837,-2.794,1,TRUE,TRUE,596.7,352.3,597.4,352.4,594.8,339.1,FALSE,63,0.58
4.32,270,TRACKING,-8.725,4.532,-9.269,4.418,-7.061,5.123,-1.327,-0.789,1.543,26.94,36.77,1,-4.697,-2.843,1,TRUE,TRUE,606.8,340.3,606.9,340.9,595.2,338.9,FALSE,63,0.5
4.336,271,TRACKING,-8.797,4.489,-8.906,4.274,-7.138,5.077,-1.764,-0.692,1.895,33.07,45.28,1,-4.804,-2.835,1,TRUE,TRUE,596.3,342.8,595.2,343.3,595.1,338.7,FALSE,63,1.28
4.352,272,TRACKING,-8.868,4.446,-8.817,4.016,-7.217,5.034,-1.931,-0.473,1.988,34.7,47.58,1,-4.939,-2.726,1,TRUE,TRUE,592.2,348.1,592.2,348.8,594.9,338.8,FALSE,63,1.17
4.368,273,TRACKING,-8.939,4.403,-9.413,3.913,-7.293,4.992,-1.392,-0.407,1.45,25.31,34.69,1,-4.792,-2.614,1,TRUE,TRUE,605.1,349.9,605.7,350.2,595.3,339,FALSE,63,0.51
4.384,274,TRACKING,-9.009,4.36,-9.367,4.37,-7.369,4.948,-1.5,-0.919,1.759,30.7,41.9,1,-4.747,-2.766,1,TRUE,TRUE,602.4,337.8,602,337.6,595.5,338.7,FALSE,63,0.48
4.4,275,TRACKING,-9.078,4.316,-8.991,3.894,-7.448,4.905,-1.953,-0.486,2.012,35.12,48.16,1,-4.908,-2.697,1,TRUE,TRUE,591.3,347.9,591.3,347.3,595.3,338.7,FALSE,63,0.5
4.416,276,TRACKING,-9.147,4.272,-9.417,3.803,-7.525,4.863,-1.588,-0.431,1.646,28.73,39.38,1,-4.85,-2.585,1,TRUE,TRUE,599.9,349.1,601,350.3,595.5,338.9,FALSE,63,1.04
4.432,277,TRACKING,-9.215,4.228,-9.739,3.98,-7.601,4.821,-1.321,-0.655,1.475,25.74,35.18,1,-4.714,-2.622,1,TRUE,TRUE,606.2,343.6,606,343.7,595.8,338.8,FALSE,63,1.91
4.448,278,TRACKING,-9.282,4.183,-9.342,4.102,-7.678,4.777,-1.788,-0.834,1.973,34.43,47.1,1,-4.823,-2.746,1,TRUE,TRUE,594.9,339.1,594.4,338.5,595.7,338.6,FALSE,63,0.51
4.464,279,TRACKING,-9.349,4.138,-9.422,3.556,-7.756,4.736,-1.778,-0.324,1.807,31.54,43.27,1,-4.902,-2.599,1,TRUE,TRUE,595.1,351,594.6,351.2,595.6,338.8,FALSE,63,0.51
4.48,280,TRACKING,-9.415,4.092,-9.936,3.767,-7.832,4.694,-1.315,-0.581,1.437,25.09,34.32,1,-4.743,-2.604,1,TRUE,TRUE,606.3,345,606.5,344.8,596,338.8,FALSE,63,0.5
4.496,281,TRACKING,-9.48,4.047,-9.778,3.945,-7.908,4.651,-1.532,-0.812,1.734,30.26,41.35,1,-4.728,-2.694,1,TRUE,TRUE,601.2,339.6,600.7,340.1,596.1,338.6,FALSE,63,1.35
4.512,282,TRACKING,-9.544,4,-9.498,3.9,-7.977,4.644,-1.837,-0.63,1.942,33.89,46.43,1,-4.297,-0.416,1,TRUE,TRUE,594.2,344.9,623.4,464,597.1,342.9,FALSE,63,1.37
4.528,283,TRACKING,-9.608,3.954,-9.922,3.654,-8.046,4.631,-1.468,-0.426,1.529,26.68,36.57,1,-4.344,-0.815,1,TRUE,TRUE,603.2,349.8,602.7,350.2,597.3,343,FALSE,63,0.53
4.544,284,TRACKING,-9.671,3.907,-10.087,4.039,-8.115,4.61,-1.353,-0.87,1.608,28.07,38.3,1,-4.305,-1.304,1,TRUE,TRUE,606.1,339.4,606.4,338.7,597.6,342.7,FALSE,63,0.52
4.56,285,TRACKING,-9.733,3.861,-9.774,3.984,-8.186,4.584,-1.727,-0.875,1.936,33.79,46.19,1,-4.429,-1.658,1,TRUE,TRUE,597.2,339.3,597.7,338.6,597.6,342.4,FALSE,63,0.49
4.576,286,TRACKING,-9.794,3.813,-9.923,3.572,-8.258,4.556,-1.639,-0.508,1.716,29.96,41.05,0.982,-4.516,-1.745,1,TRUE,TRUE,599.4,347.8,597.9,347.6,597.6,342.4,FALSE,63,1.25
4.592,287,TRACKING,-9.855,3.766,-10.29,3.74,-8.329,4.526,-1.318,-0.729,1.506,26.29,35.91,0.963,-4.404,-1.891,1,TRUE,TRUE,607.2,342.5,607.4,343,598,342.3,FALSE,63,2.13
4.608,288,TRACKING,-9.915,3.718,-10.15,3.944,-8.399,4.492,-1.511,-0.997,1.81,31.6,43.1,0.946,-4.415,-2.129,1,TRUE,TRUE,602.5,336,602,335.9,598.2,341.9,FALSE,63,0.62
4.624,289,TRACKING,-9.974,3.67,-10.027,3.644,-8.471,4.456,-1.693,-0.752,1.852,32.33,44.23,0.936,-4.489,-2.196,1,TRUE,TRUE,598,341.4,598.3,341.8,598.2,341.8,FALSE,63,0.61
4.64,290,TRACKING,-10.032,3.621,-10.348,3.383,-8.542,4.422,-1.419,-0.539,1.518,26.5,36.28,0.935,-4.418,-2.169,1,TRUE,TRUE,604.4,346.3,605.1,345.9,598.4,341.8,FALSE,63,0.58
4.656,291,TRACKING,-10.09,3.573,-10.481,3.815,-8.611,4.384,-1.332,-1.038,1.688,29.47,40.13,0.944,-4.349,-2.366,1,TRUE,TRUE,606.4,334.4,605.8,334.4,598.7,341.4,FALSE,63,1.32
4.672,292,TRACKING,-10.147,3.524,-10.283,3.612,-8.682,4.345,-1.584,-0.894,1.819,31.75,43.36,0.962,-4.393,-2.448,1,TRUE,TRUE,600.1,337.7,600.4,338.1,598.8,341.1,FALSE,63,1.41
4.688,293,TRACKING,-10.203,3.474,-10.372,3.328,-8.752,4.306,-1.546,-0.663,1.682,29.36,40.18,0.986,-4.419,-2.411,1,TRUE,TRUE,600.9,343.2,600.7,343.5,598.9,341,FALSE,63,0.56
4.704,294,TRACKING,-10.258,3.425,-10.671,3.357,-8.822,4.267,-1.29,-0.746,1.49,26,35.51,1,-4.319,-2.418,1,TRUE,TRUE,607,341.5,607.2,341.8,599.2,340.9,FALSE,63,0.5
4.72,295,TRACKING,-10.312,3.375,-10.627,3.715,-8.89,4.225,-1.377,-1.176,1.811,31.61,43.01,1,-4.272,-2.633,1,TRUE,TRUE,605,331.5,605.4,330.8,599.5,340.4,FALSE,63,0.48
4.736,296,TRACKING,-10.366,3.325,-10.484,3.17,-8.959,4.185,-1.57,-0.682,1.712,29.89,40.89,1,-4.325,-2.551,1,TRUE,TRUE,600.4,343.3,600.5,344.1,599.5,340.4,FALSE,63,1.28
4.752,297,TRACKING,-10.419,3.275,-10.718,3.185,-9.028,4.144,-1.38,-0.752,1.572,27.43,37.48,1,-4.277,-2.531,1,TRUE,TRUE,605.1,341.8,605.2,342,599.8,340.3,FALSE,63,2.35
4.768,298,TRACKING,-10.471,3.224,-10.928,3.351,-9.094,4.102,-1.207,-0.981,1.555,27.14,36.95,1,-4.163,-2.625,1,TRUE,TRUE,609.4,336.4,609.2,336.4,600.1,340,FALSE,63,0.54
4.784,299,TRACKING,-10.522,3.173,-10.74,3.389,-9.161,4.058,-1.439,-1.085,1.802,31.45,42.84,1,-4.183,-2.741,1,TRUE,TRUE,604,333.8,603.3,334.2,600.3,339.6,FALSE,63,0.52
4.8,300,TRACKING,-10.572,3.122,-10.727,2.819,-9.229,4.016,-1.498,-0.564,1.6,27.93,38.24,1,-4.213,-2.619,1,TRUE,TRUE,602.7,345.9,602.3,345.6,600.4,339.7,FALSE,63,0.5
4.816,301,TRACKING,-10.622,3.071,-11.083,3.18,-9.294,3.973,-1.175,-0.989,1.536,26.81,36.48,1,-4.098,-2.718,1,TRUE,TRUE,610.6,335.7,609.7,335.6,600.8,339.4,FALSE,63,1.22
4.832,302,TRACKING,-10.67,3.02,-11.079,3.189,-9.358,3.927,-1.211,-1.068,1.614,28.18,38.32,1,-3.99,-2.869,1,TRUE,TRUE,609.9,333.6,610.7,331.8,601.2,338.9,FALSE,63,1.17
4.848,303,TRACKING,-10.718,2.968,-10.822,2.935,-9.423,3.881,-1.512,-0.874,1.746,30.48,41.62,0.987,-4.059,-2.874,1,TRUE,TRUE,602.6,338,602.2,337.9,601.3,338.7,FALSE,63,0.49
4.864,304,TRACKING,-10.765,2.916,-11.083,2.67,-9.487,3.836,-1.286,-0.661,1.446,25.23,34.48,0.979,-4.003,-2.782,1,TRUE,TRUE,608,343.1,607.9,343.2,601.6,338.7,FALSE,63,0.48
4.88,305,TRACKING,-10.812,2.864,-11.371,3.134,-9.548,3.789,-1.022,-1.198,1.574,27.48,37.26,0.976,-3.837,-2.963,1,TRUE,TRUE,614.3,330.5,614.5,330.1,602.1,338.3,FALSE,63,0.51
4.896,306,TRACKING,-10.857,2.811,-11.068,2.833,-9.61,3.741,-1.362,-0.96,1.666,29.08,39.63,0.979,-3.853,-3.002,1,TRUE,TRUE,605.9,336.3,606.4,335.7,602.3,338,FALSE,63,1.17
4.912,307,TRACKING,-10.902,2.759,-11.037,2.558,-9.673,3.694,-1.433,-0.74,1.612,28.14,38.46,0.983,-3.918,-2.927,1,TRUE,TRUE,604.1,341.7,603.3,341.5,602.4,338,FALSE,63,1.26
4.928,308,TRACKING,-10.945,2.706,-11.509,2.683,-9.733,3.647,-0.982,-0.925,1.35,23.55,32.01,0.987,-3.749,-2.954,1,TRUE,TRUE,614.8,337.5,615,337.2,603,337.8,FALSE,63,0.48
4.944,309,TRACKING,-10.988,2.653,-11.419,2.9,-9.792,3.597,-1.1,-1.214,1.638,28.59,38.79,0.989,-3.686,-3.107,1,TRUE,TRUE,611.9,330.8,611.2,330.4,603.3,337.3,FALSE,63,1.61
4.96,310,TRACKING,-11.03,2.599,-11.083,2.418,-9.852,3.549,-1.475,-0.786,1.671,29.17,39.86,0.987,-3.793,-3.022,1,TRUE,TRUE,602.8,340.8,602.4,341.4,603.4,337.3,FALSE,63,0.54
4.976,311,TRACKING,-11.071,2.546,-11.482,2.38,-9.912,3.501,-1.103,-0.802,1.364,23.8,32.43,0.981,-3.719,-2.954,1,TRUE,TRUE,611.7,340.4,610.7,341.7,603.7,337.3,FALSE,63,1.49
4.992,312,TRACKING,-11.112,2.492,-11.74,2.679,-9.968,3.451,-0.861,-1.173,1.455,25.4,34.38,0.973,-3.531,-3.134,1,TRUE,TRUE,617.7,331.4,617.7,329.6,604.3,336.9,FALSE,63,1.14
5.008,313,TRACKING,-11.151,2.438,-11.296,2.464,-10.026,3.401,-1.337,-1.023,1.683,29.38,40.02,0.967,-3.584,-3.174,1,TRUE,TRUE,606.4,334.7,606.7,334.9,604.5,336.6,FALSE,63,0.52
5.024,314,TRACKING,-11.19,2.384,-11.377,2.12,-10.083,3.351,-1.285,-0.732,1.479,25.82,35.26,0.964,-3.6,-3.08,1,TRUE,TRUE,607.8,341.4,607.7,341.8,604.7,336.6,FALSE,63,0.56
5.04,315,TRACKING,-11.227,2.33,-11.896,2.323,-10.137,3.301,-0.776,-0.999,1.265,22.07,29.9,0.968,-3.37,-3.136,1,TRUE,TRUE,620.3,335,620.7,335.2,605.4,336.4,FALSE,63,0.51
5.056,316,TRACKING,-11.264,2.275,-11.629,2.489,-10.19,3.249,-1.062,-1.233,1.627,28.4,38.52,0.978,-3.302,-3.242,1,TRUE,TRUE,613.6,329.5,614.5,332,605.8,336.1,FALSE,63,1.09
5.072,317,TRACKING,-11.3,2.221,-11.342,1.977,-10.245,3.199,-1.382,-0.775,1.585,27.66,37.78,0.995,-3.437,-3.153,1,TRUE,TRUE,605.9,340.4,603.9,341.2,605.9,336.1,FALSE,63,1.44
5.088,318,TRACKING,-11.335,2.166,-11.863,2.027,-10.297,3.148,-0.874,-0.884,1.243,21.7,29.47,1,-3.281,-3.156,1,TRUE,TRUE,618.2,338,617.8,337.6,606.4,336,FALSE,63,0.5
5.104,319,TRACKING,-11.37,2.111,-11.961,2.228,-10.347,3.096,-0.782,-1.155,1.395,24.34,32.94,1,-3.098,-3.284,1,TRUE,TRUE,620.5,331.8,621,331,607.1,335.7,FALSE,63,0.51
5.12,320,TRACKING,-11.403,2.056,-11.473,2.103,-10.398,3.043,-1.297,-1.094,1.697,29.62,40.3,1,-3.19,-3.326,1,TRUE,TRUE,608,333.4,608,334.2,607.2,335.4,FALSE,63,0.5
5.136,321,TRACKING,-11.435,2.001,-11.719,1.629,-10.448,2.992,-1.069,-0.669,1.261,22,30.02,1,-3.148,-3.168,1,TRUE,TRUE,613.4,343.5,613.7,344.5,607.6,335.6,FALSE,63,1.79
5.152,322,TRACKING,-11.467,1.945,-12.152,2.021,-10.496,2.936,-0.64,-1.145,1.312,22.9,30.93,1,-2.961,-3.485,1,TRUE,TRUE,623.5,332.2,621.9,321.3,608.2,334.9,FALSE,63,1.64
5.168,323,TRACKING,-11.498,1.89,-11.758,1.931,-10.543,2.88,-1.05,-1.121,1.536,26.81,36.39,1,-2.956,-3.505,1,TRUE,TRUE,613.6,332.6,614,333.3,608.6,334.7,FALSE,63,0.52
5.184,324,TRACKING,-11.527,1.834,-11.623,1.649,-10.592,2.825,-1.207,-0.898,1.505,26.26,35.78,1,-3.029,-3.448,1,TRUE,TRUE,609.6,337.7,609.4,337.5,608.8,334.6,FALSE,63,0.49
5.2,325,TRACKING,-11.556,1.778,-12.147,1.475,-10.637,2.771,-0.685,-0.777,1.036,18.09,24.53,1,-2.842,-3.344,1,TRUE,TRUE,622.1,340.4,622.4,341,609.4,334.7,FALSE,63,0.48
5.216,326,TRACKING,-11.584,1.722,-12.075,1.943,-10.681,2.715,-0.764,-1.319,1.524,26.6,35.94,0.991,-2.746,-3.518,1,TRUE,TRUE,620.2,327.4,619.5,327.6,609.9,334.2,FALSE,63,1.13
5.232,327,TRACKING,-11.611,1.666,-11.68,1.487,-10.726,2.659,-1.179,-0.923,1.497,26.13,35.58,0.968,-2.834,-3.481,1,TRUE,TRUE,610.3,336.6,610.3,336.8,610.1,334.2,FALSE,63,1.47
5.248,328,TRACKING,-11.638,1.61,-12.017,1.341,-10.77,2.604,-0.85,-0.834,1.19,20.78,28.23,0.95,-2.755,-3.429,1,TRUE,TRUE,618.3,338.8,617.9,338.3,610.6,334.1,FALSE,63,1.01
5.264,329,TRACKING,-11.663,1.553,-12.28,1.458,-10.811,2.549,-0.584,-1.013,1.17,20.41,27.58,0.942,-2.565,-3.457,1,TRUE,TRUE,624.9,334.7,624.7,334.8,611.2,334,FALSE,63,0.57
5.28,330,TRACKING,-11.687,1.497,-11.891,1.645,-10.853,2.492,-0.983,-1.272,1.608,28.06,38.01,0.942,-2.579,-3.594,1,TRUE,TRUE,615.5,328.8,615.6,328.7,611.6,333.6,FALSE,63,0.51
5.296,331,TRACKING,-11.711,1.44,-11.892,1.05,-10.894,2.436,-0.992,-0.728,1.231,21.48,29.27,0.951,-2.589,-3.452,1,TRUE,TRUE,615.4,341.8,615.2,342,611.9,333.8,FALSE,63,1.16
5.312,332,TRACKING,-11.733,1.384,-12.3,1.222,-10.933,2.381,-0.58,-0.959,1.121,19.56,26.43,0.965,-2.414,-3.44,1,TRUE,TRUE,625.5,336.6,624.9,337.1,612.5,333.7,FALSE,63,1.35
5.328,333,TRACKING,-11.755,1.327,-12.152,1.376,-10.97,2.325,-0.727,-1.182,1.388,24.22,32.74,0.981,-2.317,-3.549,1,TRUE,TRUE,622.1,331.4,622.5,330.8,613.1,333.5,FALSE,63,0.55
5.344,334,TRACKING,-11.776,1.27,-11.892,1.175,-11.008,2.268,-0.995,-1.042,1.441,25.16,34.15,0.995,-2.36,-3.556,1,TRUE,TRUE,615.7,334.6,615.7,334.9,613.4,333.3,FALSE,63,0.5
5.36,335,TRACKING,-11.796,1.213,-12.181,0.797,-11.044,2.213,-0.704,-0.715,1.003,17.51,23.78,1,-2.254,-3.423,1,TRUE,TRUE,622.6,342.2,622.9,342.5,613.9,333.5,FALSE,63,0.47
5.376,336,TRACKING,-11.815,1.156,-12.327,1.174,-11.078,2.156,-0.552,-1.16,1.284,22.41,30.24,1,-2.13,-3.54,1,TRUE,TRUE,626.2,331.5,624.9,330.8,614.5,333.2,FALSE,63,1.14
5.392,337,TRACKING,-11.833,1.098,-12.043,1.102,-11.112,2.098,-0.84,-1.156,1.429,24.94,33.76,1,-2.145,-3.64,1,TRUE,TRUE,619.2,331.4,618.5,330.3,614.8,333,FALSE,63,1.2
5.408,338,TRACKING,-11.85,1.041,-12.061,0.699,-11.146,2.041,-0.824,-0.808,1.154,20.14,27.35,1,-2.142,-3.559,1,TRUE,TRUE,619.4,339.4,618.8,338.8,615.2,333,FALSE,63,0.5
5.424,339,TRACKING,-11.866,0.984,-12.343,0.743,-11.178,1.985,-0.533,-0.91,1.055,18.41,24.88,1,-2.006,-3.538,1,TRUE,TRUE,626.3,336.9,625.8,336.8,615.8,333,FALSE,63,0.92
5.44,340,TRACKING,-11.881,0.926,-12.253,1.007,-11.209,1.926,-0.617,-1.245,1.39,24.26,32.73,1,-1.926,-3.669,1,TRUE,TRUE,624.1,329,624.1,328.9,616.3,332.7,FALSE,63,0.5
5.456,341,TRACKING,-11.896,0.869,-12.049,0.68,-11.24,1.867,-0.819,-0.978,1.276,22.27,30.19,1,-1.923,-3.658,1,TRUE,TRUE,619.2,335.5,620.5,335,616.7,332.6,FALSE,63,1.07
5.472,342,TRACKING,-11.909,0.811,-12.224,0.391,-11.269,1.81,-0.636,-0.743,0.978,17.08,23.15,1,-1.836,-3.569,1,TRUE,TRUE,623.6,341.2,624.8,339.4,617.2,332.7,FALSE,63,1.09
5.488,343,TRACKING,-11.922,0.753,-12.383,0.756,-11.297,1.752,-0.465,-1.175,1.264,22.06,29.72,1,-1.718,-3.663,1,TRUE,TRUE,627.8,331.3,627.2,330.8,617.8,332.5,FALSE,63,0.52
5.504,344,TRACKING,-11.933,0.696,-12.175,0.637,-11.324,1.693,-0.667,-1.12,1.303,22.75,30.74,1,-1.691,-3.688,1,TRUE,TRUE,623.1,332.7,623.3,333.3,618.2,332.4,FALSE,63,0.53
5.52,345,TRACKING,-11.944,0.638,-12.099,0.289,-11.351,1.635,-0.738,-0.826,1.108,19.33,26.22,1,-1.686,-3.603,1,TRUE,TRUE,621.6,339.7,622,339,618.6,332.5,FALSE,63,0.5
5.536,346,TRACKING,-11.954,0.58,-12.361,0.287,-11.376,1.578,-0.463,-0.88,0.994,17.35,23.42,1,-1.585,-3.567,1,TRUE,TRUE,628.4,338.4,627,337.5,619.2,332.5,FALSE,63,1.28
5.552,347,TRACKING,-11.962,0.522,-12.357,0.647,-11.4,1.518,-0.45,-1.312,1.387,24.21,32.6,1,-1.464,-3.73,1,TRUE,TRUE,628.9,328.1,629,327.3,619.8,332.2,FALSE,63,1.32
5.568,348,TRACKING,-11.97,0.464,-12.081,0.145,-11.423,1.46,-0.718,-0.865,1.124,19.63,26.6,1,-1.474,-3.658,1,TRUE,TRUE,622.6,338.4,623,337.9,620.1,332.2,FALSE,63,0.48
5.584,349,TRACKING,-11.977,0.406,-12.207,0.075,-11.446,1.402,-0.581,-0.851,1.03,17.98,24.33,1,-1.425,-3.599,1,TRUE,TRUE,625.9,338.5,625.7,338.2,620.6,332.3,FALSE,63,0.49
5.6,350,TRACKING,-11.983,0.348,-12.46,0.241,-11.466,1.344,-0.305,-1.078,1.12,19.55,26.32,0.986,-1.255,-3.637,1,TRUE,TRUE,632.6,333,632.6,333.7,621.3,332.2,FALSE,63,0.52
5.616,351,TRACKING,-11.988,0.29,-12.205,0.317,-11.486,1.284,-0.547,-1.223,1.339,23.38,31.53,0.962,-1.234,-3.754,1,TRUE,TRUE,626.8,329.5,626.2,329.1,621.7,331.9,FALSE,63,1.85
5.632,352,TRACKING,-11.993,0.232,-12.044,-0.278,-11.506,1.226,-0.699,-0.675,0.972,16.97,23.05,0.942,-1.275,-3.586,1,TRUE,TRUE,623,342.4,622.6,342.9,622,332.2,FALSE,63,1.37
5.648,353,TRACKING,-11.996,0.174,-12.403,0.033,-11.524,1.169,-0.317,-1.047,1.094,19.09,25.7,0.93,-1.127,-3.618,1,TRUE,TRUE,632,333.9,632.1,334.3,622.7,332.1,FALSE,63,0.56
5.664,354,TRACKING,-11.998,0.116,-12.394,0.075,-11.54,1.109,-0.303,-1.155,1.194,20.84,28.04,0.929,-1.003,-3.707,1,TRUE,TRUE,632.3,331.5,632.3,330.9,623.3,332,FALSE,63,0.53
5.68,355,TRACKING,-12,0.058,-11.996,-0.143,-11.557,1.05,-0.69,-0.995,1.211,21.13,28.6,0.938,-1.066,-3.687,1,TRUE,TRUE,622.8,335.5,623.2,335.5,623.6,332,FALSE,63,0.51
5.696,356,TRACKING,-12,0,-12.204,-0.485,-11.574,0.994,-0.465,-0.701,0.841,14.67,19.85,0.956,-1.026,-3.546,1,TRUE,TRUE,628.1,342.6,627.6,342.4,624,332.2,FALSE,63,1.22
5.712,357,TRACKING,-12,-0.058,-12.513,0.001,-11.587,0.935,-0.126,-1.254,1.261,22,29.57,0.979,-0.844,-3.674,1,TRUE,TRUE,636.2,329.6,635.6,329.7,624.7,332,FALSE,63,3.68
5.728,358,TRACKING,-11.998,-0.116,-12.114,-0.271,-11.601,0.876,-0.508,-1.041,1.159,20.22,27.28,1,-0.864,-3.675,1,TRUE,TRUE,627.1,334.6,626.5,334.8,625,332,FALSE,63,0.56
5.744,359,TRACKING,-11.996,-0.174,-11.985,-0.543,-11.616,0.818,-0.624,-0.821,1.031,18,24.38,1,-0.91,-3.597,1,TRUE,TRUE,624.4,339.6,624.4,339.1,625.3,332.1,FALSE,63,0.53
5.76,360,TRACKING,-11.993,-0.232,-12.458,-0.499,-11.627,0.761,-0.117,-0.921,0.929,16.21,21.79,1,-0.707,-3.58,1,TRUE,TRUE,636.7,337,637.2,336.8,626,332.1,FALSE,63,0.54
5.776,361,TRACKING,-11.988,-0.29,-12.317,-0.198,-11.637,0.702,-0.231,-1.292,1.312,22.9,30.8,1,-0.611,-3.721,1,TRUE,TRUE,634.2,328.1,633.5,328.5,626.6,331.9,FALSE,63,1.04
5.792,362,TRACKING,-11.983,-0.348,-11.875,-0.705,-11.648,0.643,-0.658,-0.839,1.066,18.61,25.21,1,-0.702,-3.661,1,TRUE,TRUE,624.1,338.6,624.2,337.5,626.8,332,FALSE,63,1.21
5.808,363,TRACKING,-11.977,-0.406,-12.236,-0.763,-11.658,0.585,-0.269,-0.834,0.877,15.3,20.6,1,-0.597,-3.601,1,TRUE,TRUE,633.6,338.7,633.3,338.2,627.4,332.1,FALSE,63,0.48
5.824,364,TRACKING,-11.97,-0.464,-12.464,-0.502,-11.664,0.526,-0.003,-1.16,1.16,20.25,27.21,1,-0.387,-3.701,1,TRUE,TRUE,640.2,331,640.1,330.4,628.1,331.9,FALSE,63,0.51
5.84,365,TRACKING,-11.962,-0.522,-11.94,-0.615,-11.671,0.467,-0.507,-1.109,1.219,21.27,28.69,1,-0.453,-3.727,1,TRUE,TRUE,628.1,332.4,627.3,333.1,628.4,331.8,FALSE,63,0.54
5.856,366,TRACKING,-11.954,-0.58,-11.956,-1.039,-11.678,0.409,-0.466,-0.734,0.87,15.18,20.52,1,-0.452,-3.612,1,TRUE,TRUE,629.1,341.4,629.8,340.3,628.8,332,FALSE,63,1.17
5.872,367,TRACKING,-11.944,-0.638,-12.437,-0.828,-11.682,0.351,0.057,-1.003,1.004,17.53,23.55,1,-0.219,-3.611,1,TRUE,TRUE,641.6,335.4,642.1,335.6,629.6,332,FALSE,63,1.36
5.888,368,TRACKING,-11.933,-0.696,-12.119,-0.658,-11.685,0.291,-0.229,-1.238,1.259,21.97,29.54,1,-0.179,-3.721,1,TRUE,TRUE,634.6,330,634.2,329.7,630,331.9,FALSE,63,0.53
5.904,369,TRACKING,-11.922,-0.753,-11.77,-1.11,-11.689,0.233,-0.559,-0.837,1.007,17.57,23.76,1,-0.29,-3.632,1,TRUE,TRUE,626.5,339.4,626,338.9,630.2,332,FALSE,63,0.5
5.92,370,TRACKING,-11.909,-0.811,-12.229,-1.159,-11.692,0.176,-0.062,-0.84,0.843,14.71,19.76,1,-0.142,-3.567,1,TRUE,TRUE,638.3,339.3,638.4,338.8,630.8,332.1,FALSE,63,0.53
5.936,371,TRACKING,-11.896,-0.869,-12.284,-0.904,-11.691,0.118,0.033,-1.158,1.159,20.23,27.18,1,0.008,-3.664,1,TRUE,TRUE,640.5,331.6,640.1,330.9,631.5,332,FALSE,63,3.69
5.952,372,TRACKING,-11.881,-0.926,-11.76,-1.015,-11.693,0.058,-0.465,-1.111,1.204,21.02,28.33,1,-0.068,-3.738,1,TRUE,TRUE,628.5,332.5,629.3,330.9,631.8,331.9,FALSE,63,2.96
5.968,373,TRACKING,-11.866,-0.984,-11.936,-1.493,-11.693,0.001,-0.258,-0.678,0.725,12.66,17.06,0.997,-0.049,-3.573,1,TRUE,TRUE,633.4,342.5,633.1,342.7,632.1,332.1,FALSE,63,0.53
5.984,374,TRACKING,-11.85,-1.041,-12.299,-1.143,-11.691,-0.057,0.15,-1.088,1.099,19.17,25.78,0.985,0.144,-3.623,1,TRUE,TRUE,643.3,332.7,642.6,333.3,632.8,332.1,FALSE,63,0.56
6,375,TRACKING,-11.833,-1.098,-11.894,-1.153,-11.689,-0.117,-0.221,-1.141,1.163,20.29,27.29,0.971,0.14,-3.705,1,TRUE,TRUE,634.5,331.4,634,330.9,633.2,332,FALSE,63,0.61
6.016,376,TRACKING,-11.815,-1.156,-11.693,-1.443,-11.685,-0.176,-0.382,-0.907,0.985,17.18,23.16,0.957,0.22,-3.69,1,TRUE,TRUE,630.8,337,638.2,335,633.7,332,FALSE,63,2.76
6.032,377,TRACKING,-11.796,-1.213,-12.113,-1.659,-11.679,-0.233,0.083,-0.739,0.744,12.99,17.45,0.947,0.368,-3.581,1,TRUE,TRUE,642.1,341.1,642.6,340.3,634.4,332.2,FALSE,63,2.86
6.048,378,TRACKING,-11.776,-1.27,-12.019,-1.179,-11.672,-0.292,0.034,-1.286,1.286,22.45,30.17,0.944,0.46,-3.721,1,TRUE,TRUE,641.1,328.5,641,328.3,635,332,FALSE,63,0.61
6.064,379,TRACKING,-11.755,-1.327,-11.613,-1.576,-11.666,-0.351,-0.341,-0.943,1.003,17.5,23.57,0.949,0.377,-3.672,1,TRUE,TRUE,632.3,336.8,632.2,336.6,635.2,332,FALSE,63,0.55
6.08,380,TRACKING,-11.733,-1.384,-11.832,-1.753,-11.659,-0.408,-0.081,-0.813,0.817,14.26,19.16,0.964,0.439,-3.557,1,TRUE,TRUE,638.6,340,638.7,340.8,635.7,332.3,FALSE,63,0.59
6.096,381,TRACKING,-11.711,-1.44,-12.033,-1.668,-11.649,-0.465,0.172,-0.953,0.968,16.9,22.72,0.986,0.617,-3.562,1,TRUE,TRUE,644.8,336.7,645.5,335.8,636.4,332.3,FALSE,63,2.27
6.112,382,TRACKING,-11.687,-1.497,-11.672,-1.407,-11.639,-0.524,-0.149,-1.278,1.287,22.46,30.19,1,0.611,-3.686,1,TRUE,TRUE,637.1,329,637.3,329.3,636.8,332.1,FALSE,63,1.2
6.128,383,TRACKING,-11.663,-1.553,-11.584,-2.009,-11.63,-0.581,-0.2,-0.721,0.748,13.05,17.57,1,0.571,-3.536,1,TRUE,TRUE,635.7,341.9,635.1,342.3,637.1,332.4,FALSE,63,0.51
6.144,384,TRACKING,-11.638,-1.61,-11.879,-1.868,-11.619,-0.637,0.144,-0.913,0.925,16.14,21.7,1,0.696,-3.519,1,TRUE,TRUE,643.9,337.2,643.2,337,637.7,332.5,FALSE,63,0.54
6.16,385,TRACKING,-11.611,-1.666,-11.766,-1.713,-11.607,-0.695,0.079,-1.13,1.133,19.77,26.57,1,0.774,-3.615,1,TRUE,TRUE,642.2,331.9,641.9,331.1,638.2,332.4,FALSE,63,0.47
6.176,386,TRACKING,-11.584,-1.722,-11.469,-1.834,-11.587,-0.753,-0.178,-1.068,1.082,18.89,25.4,1,1.231,-3.655,1,TRUE,TRUE,636,333.2,636.6,332.9,638.5,332.3,FALSE,63,1.12
6.192,387,TRACKING,-11.556,-1.778,-11.601,-2.298,-11.571,-0.811,0.007,-0.656,0.656,11.44,15.37,1,0.976,-3.615,1,TRUE,TRUE,640.2,342.9,645.9,336.6,639.1,332.4,FALSE,63,1.24
6.208,388,TRACKING,-11.527,-1.834,-11.74,-1.902,-11.559,-0.87,0.2,-1.109,1.127,19.67,26.46,1,0.799,-3.649,1,TRUE,TRUE,644.7,332.3,645.3,333.2,639.7,332.4,FALSE,63,0.47
6.224,389,TRACKING,-11.498,-1.89,-11.493,-1.95,-11.548,-0.928,-0.002,-1.12,1.12,19.54,26.26,1,0.67,-3.68,1,TRUE,TRUE,639.8,332.2,639.8,332.9,640.1,332.3,FALSE,63,0.49
6.24,390,TRACKING,-11.467,-1.945,-11.379,-2.305,-11.539,-0.986,-0.072,-0.813,0.816,14.24,19.14,1,0.577,-3.589,1,TRUE,TRUE,638.1,339.7,638.3,339,640.4,332.5,FALSE,63,0.48
6.256,391,TRACKING,-11.435,-2.001,-11.585,-2.355,-11.52,-1.042,0.185,-0.811,0.831,14.51,19.52,0.98,1.137,-3.52,1,TRUE,TRUE,644.6,339.9,643.1,339,640.8,332.7,FALSE,63,2.45
6.272,392,TRACKING,-11.403,-2.056,-11.552,-2.01,-11.501,-1.1,0.209,-1.218,1.236,21.57,29,0.967,1.232,-3.646,1,TRUE,TRUE,645.4,330.5,646.6,329.4,641.4,332.5,FALSE,63,3.54
6.288,393,TRACKING,-11.369,-2.111,-11.267,-2.333,-11.482,-1.158,-0.03,-0.946,0.947,16.53,22.21,0.961,1.189,-3.603,1,TRUE,TRUE,639.8,336.9,639.9,336.8,641.7,332.6,FALSE,63,0.67
6.304,394,TRACKING,-11.335,-2.166,-11.309,-2.612,-11.463,-1.214,0.062,-0.709,0.712,12.42,16.69,0.962,1.198,-3.462,1,TRUE,TRUE,642.1,342.4,641.8,342.6,642.1,332.9,FALSE,63,0.67
6.32,395,TRACKING,-11.3,-2.221,-11.506,-2.304,-11.441,-1.27,0.319,-1.073,1.119,19.53,26.29,0.968,1.333,-3.512,1,TRUE,TRUE,648.5,333.7,648.5,334.1,642.7,332.9,FALSE,63,0.59
6.336,396,TRACKING,-11.264,-2.276,-11.284,-2.315,-11.419,-1.327,0.153,-1.12,1.13,19.72,26.51,0.976,1.398,-3.583,1,TRUE,TRUE,644.6,332.3,646.1,332.2,643.2,332.8,FALSE,63,2.76
6.352,397,TRACKING,-11.227,-2.33,-11.057,-2.703,-11.397,-1.383,-0.026,-0.775,0.775,13.53,18.18,0.984,1.342,-3.471,1,TRUE,TRUE,640.3,340.3,640,341.1,643.5,333.1,FALSE,63,4.55
6.368,398,TRACKING,-11.19,-2.384,-11.297,-2.713,-11.374,-1.437,0.274,-0.813,0.857,14.96,20.15,0.989,1.445,-3.429,1,TRUE,TRUE,647.5,339.3,647.6,338.6,644,333.2,FALSE,63,0.5
6.384,399,TRACKING,-11.151,-2.438,-11.334,-2.35,-11.349,-1.495,0.373,-1.238,1.293,22.57,30.39,0.99,1.564,-3.577,1,TRUE,TRUE,649.8,329.2,649.5,329,644.6,333,FALSE,63,0.51
6.4,400,TRACKING,-11.112,-2.492,-10.941,-2.773,-11.325,-1.551,0.03,-0.864,0.864,15.09,20.27,0.988,1.507,-3.524,1,TRUE,TRUE,641.4,338.1,641.1,337.8,644.8,333.2,FALSE,63,0.51
6.416,401,TRACKING,-11.071,-2.546,-10.981,-2.915,-11.3,-1.606,0.127,-0.766,0.777,13.55,18.22,0.984,1.54,-3.429,1,TRUE,TRUE,643.6,340.6,645,340.6,645.2,333.4,FALSE,63,1.25
6.432,402,TRACKING,-11.03,-2.599,-11.284,-2.729,-11.274,-1.661,0.496,-1.002,1.118,19.51,26.33,0.981,1.679,-3.44,1,TRUE,TRUE,652.3,335.3,650.9,336.2,645.8,333.4,FALSE,63,1.13
6.448,403,TRACKING,-10.988,-2.653,-10.969,-2.607,-11.246,-1.718,0.24,-1.184,1.208,21.08,28.36,0.981,1.707,-3.548,1,TRUE,TRUE,646,331.2,646.4,330.7,646.2,333.3,FALSE,63,0.52
6.464,404,TRACKING,-10.945,-2.706,-10.691,-3.191,-11.22,-1.772,0.012,-0.638,0.638,11.14,14.97,0.987,1.623,-3.379,1,TRUE,TRUE,640.5,344.2,640.3,344.1,646.4,333.7,FALSE,63,0.5
6.48,405,TRACKING,-10.902,-2.759,-11.064,-2.934,-11.192,-1.826,0.45,-0.944,1.046,18.25,24.63,0.998,1.749,-3.383,1,TRUE,TRUE,651,337,650.5,336.9,646.9,333.7,FALSE,63,0.49
6.496,406,TRACKING,-10.857,-2.811,-11.046,-2.837,-11.162,-1.881,0.502,-1.094,1.203,21,28.33,1,1.897,-3.439,1,TRUE,TRUE,652.4,333.4,653.1,334,647.5,333.7,FALSE,63,1.18
6.512,407,TRACKING,-10.812,-2.864,-10.542,-3.013,-11.133,-1.936,0.048,-0.969,0.97,16.93,22.74,1,1.784,-3.444,1,TRUE,TRUE,641.6,336.1,640.5,335.9,647.6,333.8,FALSE,63,1.42
6.528,408,TRACKING,-10.765,-2.916,-10.711,-3.407,-11.104,-1.989,0.279,-0.612,0.673,11.74,15.83,1,1.829,-3.29,1,TRUE,TRUE,647.3,344.3,647.3,344.3,648,334.1,FALSE,63,0.53
6.544,409,TRACKING,-10.718,-2.968,-11.028,-2.913,-11.072,-2.044,0.672,-1.165,1.345,23.47,31.7,1,2.038,-3.43,1,TRUE,TRUE,657,331.1,656.7,330.5,648.7,334,FALSE,63,0.52
6.56,410,TRACKING,-10.67,-3.02,-10.553,-3.137,-11.039,-2.099,0.259,-0.992,1.025,17.89,24.07,1,2.032,-3.448,1,TRUE,TRUE,647.2,335,647.4,335.1,649,334,FALSE,63,0.49
6.576,411,TRACKING,-10.622,-3.071,-10.354,-3.399,-11.008,-2.153,0.117,-0.772,0.781,13.63,18.32,1,1.969,-3.368,1,TRUE,TRUE,643.9,340.2,643.9,340,649.2,334.2,FALSE,63,1.22
6.592,412,TRACKING,-10.572,-3.122,-10.821,-3.426,-10.973,-2.206,0.659,-0.792,1.031,17.99,24.39,1,2.151,-3.353,1,TRUE,TRUE,657,339.9,656.2,337.6,649.8,334.3,FALSE,63,1.32
6.608,413,TRACKING,-10.522,-3.174,-10.637,-3.045,-10.937,-2.262,0.55,-1.232,1.349,23.55,31.75,1,2.267,-3.492,1,TRUE,TRUE,654.4,329.7,654.8,329.5,650.4,334.1,FALSE,63,0.48
6.624,414,TRACKING,-10.471,-3.224,-10.13,-3.545,-10.903,-2.316,0.098,-0.773,0.779,13.59,18.27,0.992,2.144,-3.376,1,TRUE,TRUE,643.5,340.7,642.8,341.3,650.5,334.4,FALSE,63,0.48
6.64,415,TRACKING,-10.419,-3.275,-10.452,-3.61,-10.867,-2.369,0.493,-0.747,0.895,15.63,21.13,0.967,2.248,-3.275,1,TRUE,TRUE,652.9,341.5,653.4,341.9,651,334.6,FALSE,63,0.51
6.656,416,TRACKING,-10.366,-3.325,-10.65,-3.381,-10.828,-2.422,0.771,-1.027,1.284,22.41,30.35,0.946,2.43,-3.33,1,TRUE,TRUE,659.5,335.1,658.7,334.8,651.7,334.6,FALSE,63,1.02
6.672,417,TRACKING,-10.312,-3.375,-10.084,-3.384,-10.79,-2.476,0.268,-1.074,1.107,19.33,26,0.935,2.36,-3.381,1,TRUE,TRUE,647.2,333.9,647,334.3,651.9,334.6,FALSE,63,2.39
6.688,418,TRACKING,-10.258,-3.425,-10.054,-3.865,-10.753,-2.528,0.302,-0.629,0.698,12.18,16.43,0.933,2.326,-3.23,1,TRUE,TRUE,647.9,344.3,647.8,344.3,652.1,334.9,FALSE,63,0.6
6.704,419,TRACKING,-10.203,-3.475,-10.485,-3.645,-10.712,-2.58,0.817,-0.894,1.212,21.15,28.69,0.941,2.546,-3.243,1,TRUE,TRUE,660.2,337.9,661,337.4,652.8,335,FALSE,63,0.53
6.72,420,TRACKING,-10.147,-3.524,-10.143,-3.466,-10.67,-2.633,0.549,-1.126,1.253,21.87,29.51,0.957,2.593,-3.336,1,TRUE,TRUE,653.7,332.2,654.2,332.9,653.3,334.9,FALSE,63,0.62
6.736,421,TRACKING,-10.09,-3.573,-9.761,-3.839,-10.631,-2.685,0.23,-0.795,0.827,14.44,19.44,0.977,2.494,-3.279,1,TRUE,TRUE,646.1,339.8,646.4,339.6,653.4,335.1,FALSE,63,1.19
6.752,422,TRACKING,-10.032,-3.621,-10.143,-3.98,-10.588,-2.736,0.693,-0.691,0.978,17.08,23.19,0.996,2.631,-3.174,1,TRUE,TRUE,657.3,342.2,657.8,342.8,653.9,335.4,FALSE,63,1.13
6.768,423,TRACKING,-9.974,-3.67,-10.164,-3.668,-10.544,-2.788,0.796,-1.054,1.321,23.05,31.22,1,2.769,-3.259,1,TRUE,TRUE,660,333.7,659.4,334,654.5,335.3,FALSE,63,0.5
6.784,424,TRACKING,-9.915,-3.718,-9.643,-3.752,-10.501,-2.841,0.342,-1.017,1.073,18.73,25.22,1,2.69,-3.302,1,TRUE,TRUE,649.2,334.6,649,335,654.7,335.3,FALSE,63,0.53
6.8,425,TRACKING,-9.855,-3.766,-9.739,-4.21,-10.458,-2.892,0.513,-0.593,0.784,13.69,18.56,1,2.723,-3.152,1,TRUE,TRUE,653.5,344.8,653.8,344.7,655.1,335.7,FALSE,63,0.5
6.816,426,TRACKING,-9.794,-3.813,-10.029,-3.924,-10.411,-2.942,0.89,-0.92,1.28,22.34,30.33,1,2.901,-3.135,1,TRUE,TRUE,662.7,337.4,661.9,339.5,655.7,335.8,FALSE,63,1.26
6.832,427,TRACKING,-9.733,-3.861,-9.644,-3.838,-10.364,-2.993,0.582,-1.055,1.205,21.03,28.41,1,2.928,-3.218,1,TRUE,TRUE,655.5,334.4,655.7,334.2,656.1,335.8,FALSE,63,1.32
6.848,428,TRACKING,-9.671,-3.908,-9.411,-4.126,-10.318,-3.044,0.42,-0.808,0.911,15.9,21.46,1,2.867,-3.179,1,TRUE,TRUE,651.6,340.3,651,339.6,656.3,335.9,FALSE,63,0.49
6.864,429,TRACKING,-9.608,-3.954,-9.718,-4.36,-10.27,-3.093,0.814,-0.606,1.015,17.71,24.13,1,3.018,-3.046,1,TRUE,TRUE,661,345,661.5,345,656.9,336.3,FALSE,63,0.49
6.88,430,TRACKING,-9.544,-4.001,-9.631,-3.879,-10.22,-3.144,0.814,-1.137,1.398,24.41,33.04,1,3.139,-3.166,1,TRUE,TRUE,661,332.4,661.5,333.1,657.4,336.2,FALSE,63,0.5
6.896,431,TRACKING,-9.48,-4.047,-9.239,-4.195,-10.171,-3.194,0.492,-0.863,0.994,17.34,23.43,1,3.045,-3.151,1,TRUE,TRUE,653.1,338.7,651.1,338.7,657.6,336.3,FALSE,63,1.22
6.912,432,TRACKING,-9.415,-4.092,-9.333,-4.408,-10.122,-3.243,0.668,-0.685,0.956,16.69,22.66,1,3.095,-3.054,1,TRUE,TRUE,657.2,342.7,657.4,343.2,658,336.5,FALSE,63,1.31
6.928,433,TRACKING,-9.349,-4.138,-9.493,-4.342,-10.07,-3.291,0.917,-0.789,1.209,21.11,28.71,1,3.243,-3.023,1,TRUE,TRUE,663,340.1,663.2,340.8,658.5,336.7,FALSE,63,0.51
6.944,434,TRACKING,-9.282,-4.183,-9.188,-4.021,-10.018,-3.342,0.693,-1.163,1.354,23.62,31.92,1,3.253,-3.19,1,TRUE,TRUE,657.5,331.1,657.3,330.5,658.9,336.5,FALSE,63,0.53
6.96,435,TRACKING,-9.215,-4.228,-9.006,-4.606,-9.966,-3.391,0.589,-0.61,0.848,14.8,20.09,1,3.227,-3.061,1,TRUE,TRUE,654.9,344.1,655.1,344.2,659.1,336.8,FALSE,63,0.5
6.976,436,TRACKING,-9.147,-4.272,-9.204,-4.51,-9.915,-3.441,0.866,-0.749,1.145,19.98,27.18,1,3.216,-3.098,1,TRUE,TRUE,661.6,341,655.4,336.8,659.4,336.9,FALSE,63,1.22
6.992,437,TRACKING,-9.078,-4.316,-9.147,-4.345,-9.861,-3.491,0.9,-0.959,1.315,22.95,31.15,1,3.357,-3.148,1,TRUE,TRUE,662.5,336.3,663.3,335.7,659.9,336.8,FALSE,63,1.35
7.008,438,TRACKING,-9.009,-4.36,-8.832,-4.382,-9.807,-3.542,0.665,-0.965,1.172,20.45,27.67,0.988,3.345,-3.174,1,TRUE,TRUE,656.9,336.3,656.6,336.3,660.2,336.8,FALSE,63,0.5
7.024,439,TRACKING,-8.939,-4.403,-8.829,-4.887,-9.753,-3.59,0.745,-0.486,0.89,15.53,21.19,0.966,3.374,-2.99,1,TRUE,TRUE,659,347.8,658.5,347.1,660.5,337.2,FALSE,63,0.5
7.04,440,TRACKING,-8.868,-4.446,-8.978,-4.483,-9.697,-3.638,0.987,-0.933,1.358,23.7,32.21,0.948,3.517,-3.039,1,TRUE,TRUE,665,337.4,664.8,337,661,337.3,FALSE,63,0.55
7.056,441,TRACKING,-8.797,-4.489,-8.765,-4.496,-9.64,-3.687,0.86,-0.961,1.29,22.51,30.54,0.935,3.544,-3.069,1,TRUE,TRUE,662.2,336.7,660.1,337.3,661.4,337.3,FALSE,63,2.48
7.072,442,TRACKING,-8.724,-4.532,-8.499,-4.787,-9.582,-3.734,0.685,-0.697,0.977,17.06,23.16,0.931,3.625,-2.924,1,TRUE,TRUE,658.1,342.8,663.2,346.2,661.8,337.7,FALSE,63,1.57
7.088,443,TRACKING,-8.652,-4.574,-8.642,-4.921,-9.523,-3.78,0.921,-0.593,1.095,19.11,26.08,0.938,3.703,-2.836,1,TRUE,TRUE,663.9,345.1,663.8,344.9,662.3,337.9,FALSE,63,0.55
7.104,444,TRACKING,-8.578,-4.615,-8.679,-4.499,-9.462,-3.827,1.053,-1.06,1.494,26.08,35.43,0.954,3.821,-2.969,1,TRUE,TRUE,667.1,333.9,666.7,334.1,662.8,337.9,FALSE,63,0.55
7.12,445,TRACKING,-8.504,-4.657,-8.309,-4.804,-9.401,-3.874,0.771,-0.79,1.104,19.27,26.17,0.977,3.812,-2.944,1,TRUE,TRUE,660.3,340,660.9,340.7,663.1,338,FALSE,63,0.51
7.136,446,TRACKING,-8.429,-4.698,-8.229,-5.072,-9.34,-3.92,0.78,-0.552,0.956,16.68,22.74,1,3.833,-2.852,1,TRUE,TRUE,660.4,345.6,662.1,344.5,663.5,338.3,FALSE,63,1.06
7.152,447,TRACKING,-8.354,-4.738,-8.471,-4.828,-9.276,-3.966,1.123,-0.835,1.399,24.42,33.27,1,3.989,-2.898,1,TRUE,TRUE,668.5,338.9,669.5,338.2,664.1,338.3,FALSE,63,1.16
7.168,448,TRACKING,-8.277,-4.779,-8.237,-4.724,-9.211,-4.014,0.982,-0.981,1.388,24.23,32.91,1,4.03,-2.98,1,TRUE,TRUE,665,335.6,664.9,335.6,664.5,338.3,FALSE,63,0.48
7.184,449,TRACKING,-8.201,-4.818,-7.876,-5.145,-9.148,-4.06,0.704,-0.587,0.917,16,21.77,1,3.935,-2.865,1,TRUE,TRUE,658.1,345.1,657.7,345,664.6,338.6,FALSE,63,0.51
7.2,450,TRACKING,-8.123,-4.858,-8.109,-5.153,-9.084,-4.104,1.032,-0.608,1.198,20.91,28.54,1,4.015,-2.783,1,TRUE,TRUE,665.9,344.9,665.7,344.7,665.1,338.8,FALSE,63,0.47
7.216,451,TRACKING,-8.045,-4.897,-8.176,-4.789,-9.017,-4.15,1.202,-1.012,1.571,27.42,37.31,1,4.18,-2.867,1,TRUE,TRUE,670,335.5,671.1,336.8,665.7,338.8,FALSE,63,1.13
7.232,452,TRACKING,-7.967,-4.936,-7.677,-5.112,-8.952,-4.196,0.789,-0.721,1.068,18.65,25.35,1,4.103,-2.836,1,TRUE,TRUE,660.1,342.5,659.8,341.7,665.8,339,FALSE,63,1
7.248,453,TRACKING,-7.887,-4.974,-7.654,-5.325,-8.886,-4.239,0.856,-0.533,1.008,17.6,24.01,1,4.095,-2.723,1,TRUE,TRUE,661.7,346.9,662.2,346.4,666.1,339.3,FALSE,63,0.48
7.264,454,TRACKING,-7.807,-5.012,-7.989,-5.113,-8.818,-4.283,1.297,-0.777,1.511,26.38,36.01,1,4.281,-2.72,1,TRUE,TRUE,672.5,341,672.5,341.8,666.7,339.4,FALSE,63,0.47
7.28,455,TRACKING,-7.727,-5.05,-7.619,-4.949,-8.749,-4.328,1.021,-0.981,1.416,24.72,33.59,0.994,4.305,-2.826,1,TRUE,TRUE,666,336,665.8,335.9,667.1,339.4,FALSE,63,0.5
7.296,456,TRACKING,-7.646,-5.087,-7.24,-5.503,-8.68,-4.372,0.734,-0.453,0.862,15.05,20.54,0.987,4.281,-2.738,1,TRUE,TRUE,659.3,348.2,663.2,344.9,667.3,339.6,FALSE,63,0.91
7.312,457,TRACKING,-7.564,-5.124,-7.613,-5.313,-8.61,-4.415,1.209,-0.675,1.385,24.17,33.01,0.985,4.396,-2.732,1,TRUE,TRUE,670.9,342.8,670.2,341.5,667.8,339.7,FALSE,63,1.13
7.328,458,TRACKING,-7.482,-5.16,-7.579,-5.158,-8.537,-4.46,1.28,-0.866,1.546,26.98,36.79,0.987,4.531,-2.795,1,TRUE,TRUE,672.8,338.2,672.5,337.8,668.3,339.7,FALSE,63,0.52
7.344,459,TRACKING,-7.399,-5.196,-6.988,-5.29,-8.467,-4.504,0.777,-0.765,1.091,19.04,25.86,0.99,4.434,-2.777,1,TRUE,TRUE,660.7,340.6,661.3,341.3,668.5,339.9,FALSE,63,0.48
7.36,460,TRACKING,-7.316,-5.232,-7.122,-5.712,-8.395,-4.546,1.007,-0.36,1.069,18.66,25.55,0.993,4.449,-2.587,1,TRUE,TRUE,666.2,350.4,665.9,350.6,668.8,340.3,FALSE,63,0.51
7.376,461,TRACKING,-7.232,-5.267,-7.429,-5.221,-8.321,-4.589,1.425,-0.888,1.679,29.3,39.98,0.992,4.648,-2.693,1,TRUE,TRUE,676.3,338.1,675.9,337.2,669.4,340.3,FALSE,63,1.08
7.392,462,TRACKING,-7.147,-5.302,-6.902,-5.378,-8.247,-4.633,0.993,-0.764,1.253,21.87,29.78,0.987,4.625,-2.73,1,TRUE,TRUE,665.8,341.2,666.1,339.4,669.7,340.3,FALSE,63,1.31
7.408,463,TRACKING,-7.062,-5.336,-6.652,-5.625,-8.174,-4.675,0.833,-0.539,0.992,17.32,23.63,0.979,4.539,-2.626,1,TRUE,TRUE,661.8,346.7,662.1,346.4,669.8,340.6,FALSE,63,0.56
7.424,464,TRACKING,-6.976,-5.37,-7.091,-5.696,-8.099,-4.715,1.38,-0.487,1.463,25.54,34.98,0.969,4.7,-2.5,1,TRUE,TRUE,674.8,348.1,674.2,348.8,670.3,340.9,FALSE,63,0.55
7.44,465,TRACKING,-6.89,-5.404,-6.879,-5.243,-8.022,-4.757,1.272,-0.978,1.604,28,38.14,0.961,4.792,-2.637,1,TRUE,TRUE,672.1,336.5,672.3,336.3,670.8,340.8,FALSE,63,0.52
7.456,466,TRACKING,-6.803,-5.437,-6.335,-5.716,-7.948,-4.798,0.817,-0.527,0.972,16.96,23.14,0.957,4.667,-2.564,1,TRUE,TRUE,661,346.9,661.4,345.6,670.8,341.1,FALSE,63,1.79
7.472,467,TRACKING,-6.716,-5.47,-6.613,-5.793,-7.873,-4.838,1.194,-0.472,1.284,22.4,30.67,0.959,4.692,-2.496,1,TRUE,TRUE,670,348,667.8,346.1,671.1,341.3,FALSE,63,1.34
7.488,468,TRACKING,-6.628,-5.502,-6.773,-5.591,-7.794,-4.878,1.466,-0.701,1.625,28.36,38.78,0.97,4.891,-2.504,1,TRUE,TRUE,676.6,342.4,677.4,342.8,671.7,341.5,FALSE,63,0.54
7.504,469,TRACKING,-6.54,-5.534,-6.198,-5.486,-7.717,-4.919,0.985,-0.839,1.294,22.58,30.72,0.987,4.817,-2.591,1,TRUE,TRUE,665.1,339,664.9,338.4,671.8,341.4,FALSE,63,0.51
7.52,470,TRACKING,-6.451,-5.565,-6.12,-6.005,-7.641,-4.958,1.002,-0.333,1.056,18.43,25.24,1,4.775,-2.418,1,TRUE,TRUE,665.6,350.9,665.4,351.1,671.9,341.9,FALSE,63,0.47
7.536,471,TRACKING,-6.362,-5.596,-6.486,-5.776,-7.562,-4.996,1.48,-0.584,1.591,27.77,38.01,1,4.965,-2.386,1,TRUE,TRUE,677.3,345,677.3,345.7,672.5,342.1,FALSE,63,0.94
7.552,472,TRACKING,-6.272,-5.627,-6.145,-5.585,-7.481,-5.036,1.244,-0.806,1.483,25.88,35.3,1,5.029,-2.472,1,TRUE,TRUE,671.9,340,672.8,339.6,672.9,342.1,FALSE,63,1.06
7.568,473,TRACKING,-6.182,-5.657,-5.746,-5.863,-7.402,-5.074,0.939,-0.549,1.088,18.99,25.92,1,4.932,-2.418,1,TRUE,TRUE,664.7,346.2,664.6,345.8,672.9,342.3,FALSE,63,0.49
7.584,474,TRACKING,-6.091,-5.687,-6.036,-6.086,-7.322,-5.111,1.337,-0.338,1.379,24.07,33,1,5.032,-2.269,1,TRUE,TRUE,674.3,351.4,673.9,351.5,673.3,342.7,FALSE,63,0.49
7.6,475,TRACKING,-6,-5.716,-6.035,-5.713,-7.239,-5.148,1.448,-0.737,1.625,28.36,38.77,1,5.178,-2.324,1,TRUE,TRUE,677.1,342.2,677.5,342.4,673.9,342.8,FALSE,63,0.51
7.616,476,TRACKING,-5.908,-5.745,-5.538,-5.771,-7.157,-5.186,1.05,-0.708,1.266,22.1,30.14,1,5.133,-2.41,1,TRUE,TRUE,667.5,342.9,668.7,339.9,674,342.8,FALSE,63,1.14
7.632,477,TRACKING,-5.816,-5.773,-5.543,-6.185,-7.074,-5.222,1.159,-0.304,1.198,20.92,28.67,1,5.157,-2.239,1,TRUE,TRUE,670.1,352.4,671.7,352.3,674.3,343.2,FALSE,63,1.08
7.648,478,TRACKING,-5.723,-5.801,-5.762,-5.975,-6.989,-5.258,1.492,-0.533,1.584,27.65,37.86,1,5.301,-2.217,1,TRUE,TRUE,678,346.9,678.3,346.5,674.8,343.4,FALSE,63,0.5
7.664,479,TRACKING,-5.63,-5.828,-5.429,-5.784,-6.904,-5.294,1.263,-0.749,1.469,25.63,34.99,0.976,5.306,-2.279,1,TRUE,TRUE,672.3,341.6,672.3,342.1,675.1,343.5,FALSE,63,0.5
7.68,480,TRACKING,-5.537,-5.855,-5.151,-6.065,-6.821,-5.33,1.084,-0.486,1.188,20.73,28.36,0.958,5.246,-2.233,1,TRUE,TRUE,667.8,347.6,668.6,346.9,675.2,343.7,FALSE,63,0.5
7.696,481,TRACKING,-5.443,-5.882,-5.345,-6.302,-6.736,-5.363,1.385,-0.257,1.409,24.59,33.74,0.948,5.302,-2.087,1,TRUE,TRUE,674.9,352.8,673.9,352.6,675.5,344.1,FALSE,63,1.28
7.712,482,TRACKING,-5.349,-5.908,-5.296,-5.835,-6.65,-5.398,1.445,-0.751,1.628,28.41,38.83,0.947,5.372,-2.194,1,TRUE,TRUE,676.3,341.1,675.2,340.9,675.9,344.1,FALSE,63,1.33
7.728,483,TRACKING,-5.254,-5.934,-4.921,-6.048,-6.564,-5.433,1.171,-0.558,1.297,22.64,30.95,0.954,5.334,-2.186,1,TRUE,TRUE,669.7,345.7,670.1,345.5,676,344.2,FALSE,63,0.51
7.744,484,TRACKING,-5.159,-5.959,-4.887,-6.291,-6.479,-5.466,1.239,-0.325,1.281,22.36,30.66,0.965,5.332,-2.065,1,TRUE,TRUE,671.4,351.4,671.3,351.5,676.2,344.6,FALSE,63,0.55
7.76,485,TRACKING,-5.063,-5.984,-5.022,-6.229,-6.392,-5.498,1.487,-0.398,1.539,26.87,36.83,0.978,5.454,-1.993,1,TRUE,TRUE,677.4,349.9,678,350.3,676.6,344.9,FALSE,63,0.49
7.776,486,TRACKING,-4.967,-6.008,-4.788,-5.853,-6.304,-5.533,1.36,-0.802,1.579,27.55,37.61,0.99,5.47,-2.148,1,TRUE,TRUE,674.5,340.6,673.6,338.9,676.9,344.8,FALSE,63,1.16
7.792,487,TRACKING,-4.871,-6.032,-4.513,-6.381,-6.218,-5.564,1.184,-0.277,1.216,21.23,29.11,0.999,5.41,-1.946,1,TRUE,TRUE,670.5,353.1,669.5,355.8,676.9,345.3,FALSE,63,2.95
7.808,488,TRACKING,-4.774,-6.055,-4.61,-6.313,-6.13,-5.594,1.388,-0.353,1.433,25,34.28,1,5.464,-1.867,1,TRUE,TRUE,675.5,351.4,674.8,351.7,677.2,345.7,FALSE,63,0.55
7.824,489,TRACKING,-4.677,-6.078,-4.627,-6.119,-6.041,-5.624,1.52,-0.564,1.621,28.29,38.74,1,5.586,-1.909,1,TRUE,TRUE,678.9,346.4,679.1,346,677.6,345.8,FALSE,63,0.53
7.84,490,TRACKING,-4.58,-6.1,-4.283,-6.07,-5.952,-5.656,1.281,-0.633,1.429,24.94,34.09,1,5.571,-1.964,1,TRUE,TRUE,673.2,344.6,673,344.6,677.8,345.9,FALSE,63,0.5
7.856,491,TRACKING,-4.482,-6.122,-4.147,-6.597,-5.863,-5.684,1.248,-0.107,1.253,21.86,30.01,0.997,5.541,-1.772,1,TRUE,TRUE,672.4,356.8,671.8,356.9,677.9,346.4,FALSE,63,1.27
7.872,492,TRACKING,-4.384,-6.144,-4.326,-6.19,-5.772,-5.713,1.541,-0.529,1.63,28.44,38.96,0.998,5.667,-1.812,1,TRUE,TRUE,679.5,346.7,679.9,346.8,678.3,346.5,FALSE,63,1.36
7.888,493,TRACKING,-4.286,-6.165,-4.149,-6.155,-5.681,-5.743,1.477,-0.582,1.587,27.7,37.92,1,5.736,-1.87,1,TRUE,TRUE,677.9,345.3,678.2,345.1,678.7,346.6,FALSE,63,0.54
7.904,494,TRACKING,-4.187,-6.185,-3.769,-6.386,-5.59,-5.772,1.198,-0.359,1.251,21.83,29.91,1,5.661,-1.805,1,TRUE,TRUE,671,350.5,671.1,350.8,678.7,346.9,FALSE,63,0.48
7.92,495,TRACKING,-4.088,-6.205,-3.877,-6.588,-5.499,-5.799,1.416,-0.16,1.426,24.88,34.15,1,5.711,-1.679,1,TRUE,TRUE,676.1,355.3,676.7,354.6,679,347.3,FALSE,63,0.51
7.936,496,TRACKING,-3.988,-6.225,-3.985,-6.096,-5.405,-5.827,1.642,-0.671,1.774,30.96,42.37,1,5.844,-1.779,1,TRUE,TRUE,681.4,343.4,681.8,344.1,679.4,347.3,FALSE,63,1.26
7.952,497,TRACKING,-3.888,-6.244,-3.543,-6.362,-5.312,-5.855,1.307,-0.413,1.371,23.92,32.78,1,5.827,-1.725,1,TRUE,TRUE,673.2,349.7,675.1,350.8,679.6,347.5,FALSE,63,1.29
7.968,498,TRACKING,-3.788,-6.262,-3.379,-6.599,-5.22,-5.88,1.244,-0.178,1.257,21.94,30.1,1,5.753,-1.606,1,TRUE,TRUE,671.6,355.5,671.6,354.8,679.6,347.9,FALSE,63,0.52
7.984,499,TRACKING,-3.688,-6.281,-3.679,-6.406,-5.126,-5.906,1.661,-0.378,1.704,29.74,40.78,1,5.88,-1.582,1,TRUE,TRUE,681.6,350.9,681.5,351.1,680,348.2,FALSE,63,0.52
8,500,TRACKING,-3.587,-6.298,-3.436,-6.179,-5.031,-5.933,1.53,-0.623,1.652,28.84,39.47,1,5.931,-1.674,1,TRUE,TRUE,678.6,345.2,678.8,345,680.3,348.2,FALSE,63,0.49
8.016,501,TRACKING,-3.486,-6.315,-2.972,-6.61,-4.938,-5.957,1.166,-0.192,1.181,20.62,28.29,1,5.812,-1.546,1,TRUE,TRUE,669.9,355.3,670,355.4,680.3,348.6,FALSE,63,1.1
8.032,502,TRACKING,-3.385,-6.332,-3.213,-6.606,-4.844,-5.981,1.518,-0.199,1.531,26.72,36.67,0.994,5.876,-1.472,1,TRUE,TRUE,678.5,355,678.3,353.9,680.5,348.9,FALSE,63,1.37
8.048,503,TRACKING,-3.284,-6.348,-3.309,-6.25,-4.747,-6.006,1.735,-0.57,1.826,31.87,43.67,0.968,6.043,-1.57,1,TRUE,TRUE,684,346,684.7,345.6,681,348.9,FALSE,63,0.53
8.064,504,TRACKING,-3.182,-6.364,-2.733,-6.453,-4.652,-6.031,1.262,-0.374,1.316,22.96,31.47,0.947,5.95,-1.543,1,TRUE,TRUE,672.7,350.4,672.5,350.8,681,349.1,FALSE,63,0.5
8.08,505,TRACKING,-3.08,-6.379,-2.674,-6.725,-4.558,-6.053,1.306,-0.099,1.309,22.85,31.36,0.932,5.9,-1.397,1,TRUE,TRUE,673.9,356.8,673.5,357.3,681,349.6,FALSE,63,0.56
8.096,506,TRACKING,-2.978,-6.394,-3.036,-6.478,-4.46,-6.075,1.792,-0.351,1.826,31.86,43.71,0.928,6.11,-1.394,1,TRUE,TRUE,685.7,350.8,686.9,351.4,681.5,349.8,FALSE,63,1.09
8.112,507,TRACKING,-2.876,-6.408,-2.631,-6.275,-4.362,-6.099,1.497,-0.569,1.601,27.95,38.26,0.935,6.104,-1.506,1,TRUE,TRUE,678.6,345.8,677.8,345.1,681.7,349.8,FALSE,63,2.57
8.128,508,TRACKING,-2.773,-6.421,-2.206,-6.757,-4.267,-6.121,1.171,-0.082,1.173,20.48,28.11,0.951,5.978,-1.349,1,TRUE,TRUE,670.7,357.4,671,357.9,681.6,350.2,FALSE,63,0.64
8.144,509,TRACKING,-2.67,-6.435,-2.583,-6.629,-4.169,-6.142,1.664,-0.211,1.677,29.27,40.17,0.972,6.085,-1.295,1,TRUE,TRUE,682.4,354.6,681.9,354.2,682,350.5,FALSE,63,0.52
8.16,510,TRACKING,-2.567,-6.447,-2.54,-6.394,-4.07,-6.163,1.741,-0.453,1.799,31.4,43.05,0.996,6.222,-1.339,1,TRUE,TRUE,684.2,349.1,684.8,349.5,682.4,350.6,FALSE,63,0.56
8.176,511,TRACKING,-2.464,-6.459,-1.914,-6.479,-3.972,-6.185,1.214,-0.375,1.271,22.18,30.39,1,6.09,-1.351,1,TRUE,TRUE,671.3,351.1,671.8,350.4,682.3,350.8,FALSE,63,1.08
8.192,512,TRACKING,-2.36,-6.471,-2.028,-6.9,-3.875,-6.203,1.435,0.057,1.436,25.06,34.4,1,6.068,-1.16,1,TRUE,TRUE,676.5,361.3,676,361,682.3,351.3,FALSE,63,1.5
8.208,513,TRACKING,-2.257,-6.482,-2.324,-6.42,-3.775,-6.223,1.853,-0.429,1.902,33.2,45.54,1,6.249,-1.216,1,TRUE,TRUE,686.5,349.8,686.7,350.1,682.8,351.4,FALSE,63,0.5
8.224,514,TRACKING,-2.153,-6.493,-1.79,-6.482,-3.676,-6.243,1.424,-0.372,1.472,25.69,35.21,1,6.182,-1.235,1,TRUE,TRUE,676.1,351,675.4,351.1,682.8,351.5,FALSE,63,0.5
8.24,515,TRACKING,-2.049,-6.503,-1.521,-6.707,-3.579,-6.261,1.255,-0.143,1.263,22.04,30.25,1,6.069,-1.138,1,TRUE,TRUE,672,356.2,671.9,356.9,682.7,351.9,FALSE,63,0.5
8.256,516,TRACKING,-1.945,-6.513,-1.926,-6.81,-3.48,-6.277,1.777,-0.03,1.777,31.02,42.59,1,6.203,-1.008,1,TRUE,TRUE,684.6,358.6,683.8,359.7,683,352.3,FALSE,63,1.2
8.272,517,TRACKING,-1.841,-6.522,-1.713,-6.295,-3.38,-6.295,1.679,-0.556,1.768,30.86,42.29,1,6.275,-1.145,1,TRUE,TRUE,682.4,346.1,682.2,346.9,683.3,352.3,FALSE,63,1.1
8.288,518,TRACKING,-1.736,-6.531,-1.174,-6.712,-3.281,-6.313,1.24,-0.136,1.247,21.77,29.88,1,6.146,-1.09,1,TRUE,TRUE,672,356,672,355.2,683.2,352.6,FALSE,63,0.48
8.304,519,TRACKING,-1.632,-6.539,-1.397,-6.79,-3.182,-6.328,1.574,-0.05,1.575,27.49,37.73,1,6.199,-0.986,1,TRUE,TRUE,680.2,358.1,680.2,358.3,683.3,352.9,FALSE,63,0.47
8.32,520,TRACKING,-1.527,-6.546,-1.532,-6.605,-3.08,-6.344,1.831,-0.234,1.845,32.21,44.21,1,6.361,-0.99,1,TRUE,TRUE,686.6,354,686.8,353.8,683.7,353.1,FALSE,63,0.51
8.336,521,TRACKING,-1.422,-6.553,-0.992,-6.389,-2.98,-6.362,1.396,-0.458,1.469,25.64,35.12,1,6.297,-1.091,1,TRUE,TRUE,676.2,348.9,676.5,348.4,683.8,353.1,FALSE,63,1.13
8.352,522,TRACKING,-1.317,-6.56,-0.877,-6.92,-2.88,-6.376,1.384,0.087,1.387,24.2,33.22,1,6.219,-0.911,1,TRUE,TRUE,676,362,674.8,361.9,683.7,353.6,FALSE,63,1.26
8.368,523,TRACKING,-1.212,-6.566,-1.177,-6.683,-2.778,-6.39,1.803,-0.143,1.809,31.57,43.34,1,6.373,-0.857,1,TRUE,TRUE,686.1,356.7,686.4,357.3,684.1,353.9,FALSE,63,0.49
8.384,524,TRACKING,-1.107,-6.572,-0.881,-6.469,-2.676,-6.405,1.62,-0.359,1.659,28.96,39.72,1,6.399,-0.919,1,TRUE,TRUE,681.6,351.6,681.3,351.7,684.2,354,FALSE,63,0.49
8.4,525,TRACKING,-1.002,-6.577,-0.492,-6.641,-2.575,-6.419,1.331,-0.183,1.344,23.46,32.19,1,6.287,-0.901,1,TRUE,TRUE,674.5,355.7,674,355,684.1,354.2,FALSE,63,0.51
8.416,526,TRACKING,-0.897,-6.582,-0.689,-6.934,-2.474,-6.431,1.641,0.125,1.646,28.72,39.43,0.989,6.349,-0.748,1,TRUE,TRUE,681.8,362.8,682,362.2,684.3,354.7,FALSE,63,1.24
8.432,527,TRACKING,-0.791,-6.586,-0.699,-6.505,-2.37,-6.444,1.77,-0.304,1.795,31.34,43,0.973,6.467,-0.8,1,TRUE,TRUE,684.8,352.5,685.8,353.1,684.6,354.8,FALSE,63,1.75
8.448,528,TRACKING,-0.686,-6.589,-0.266,-6.522,-2.268,-6.457,1.441,-0.287,1.47,25.65,35.18,0.956,6.401,-0.846,1,TRUE,TRUE,676.7,352.7,677.2,352.6,684.6,354.9,FALSE,63,0.57
8.464,529,TRACKING,-0.58,-6.592,-0.191,-6.878,-2.166,-6.469,1.472,0.083,1.474,25.73,35.31,0.944,6.361,-0.717,1,TRUE,TRUE,677.3,361.3,677.7,361.1,684.6,355.3,FALSE,63,0.5
8.48,530,TRACKING,-0.475,-6.595,-0.363,-6.74,-2.062,-6.48,1.76,-0.045,1.761,30.73,42.19,0.938,6.461,-0.665,1,TRUE,TRUE,684.2,358.3,684.7,358.5,684.9,355.6,FALSE,63,0.49
8.496,531,TRACKING,-0.369,-6.597,-0.121,-6.44,-1.959,-6.491,1.627,-0.344,1.663,29.02,39.81,0.942,6.455,-0.739,1,TRUE,TRUE,681.1,351.4,680.2,352.3,684.9,355.6,FALSE,63,1.26
8.512,532,TRACKING,-0.264,-6.598,0.187,-6.702,-1.857,-6.502,1.421,-0.071,1.423,24.84,34.09,0.956,6.374,-0.667,1,TRUE,TRUE,676.2,358,675.9,358.9,684.9,355.9,FALSE,63,1.39
8.528,533,TRACKING,-0.158,-6.599,0.095,-6.925,-1.755,-6.51,1.623,0.17,1.632,28.48,39.09,0.977,6.406,-0.529,1,TRUE,TRUE,681.2,363.9,681,363.2,685,356.3,FALSE,63,0.51
8.544,534,TRACKING,-0.053,-6.6,0.081,-6.479,-1.651,-6.52,1.753,-0.274,1.774,30.96,42.48,1,6.506,-0.604,1,TRUE,TRUE,684.5,353.6,685.1,353.4,685.2,356.4,FALSE,63,0.5
8.56,535,TRACKING,0.053,-6.6,0.418,-6.568,-1.547,-6.53,1.522,-0.176,1.532,26.74,36.7,1,6.473,-0.598,1,TRUE,TRUE,679.1,356,679.1,356.6,685.2,356.6,FALSE,63,0.47
8.576,536,TRACKING,0.159,-6.599,0.57,-6.837,-1.444,-6.538,1.474,0.109,1.478,25.8,35.42,1,6.426,-0.489,1,TRUE,TRUE,678.1,362.8,677.8,362,685.2,357,FALSE,63,1.17
8.592,537,TRACKING,0.264,-6.598,0.427,-6.77,-1.34,-6.544,1.729,0.057,1.73,30.2,41.46,1,6.491,-0.416,1,TRUE,TRUE,684.3,361.5,683.3,361.3,685.3,357.3,FALSE,63,1.46
8.608,538,TRACKING,0.37,-6.597,0.572,-6.348,-1.236,-6.553,1.696,-0.364,1.734,30.27,41.52,1,6.535,-0.542,1,TRUE,TRUE,683.6,351.4,683,351.4,685.5,357.3,FALSE,63,0.5
8.624,539,TRACKING,0.475,-6.595,0.932,-6.807,-1.132,-6.56,1.439,0.112,1.443,25.19,34.58,1,6.475,-0.438,1,TRUE,TRUE,677.4,362.3,677.8,361.9,685.4,357.6,FALSE,63,0.5
8.64,540,TRACKING,0.581,-6.592,0.9,-6.787,-1.029,-6.566,1.579,0.109,1.583,27.62,37.92,1,6.478,-0.357,1,TRUE,TRUE,680.6,362.1,680.5,361.9,685.5,358,FALSE,63,0.5
8.656,541,TRACKING,0.686,-6.589,0.783,-6.56,-0.924,-6.571,1.808,-0.107,1.811,31.61,43.4,1,6.548,-0.362,1,TRUE,TRUE,686,356.9,684.1,358.1,685.6,358.2,FALSE,63,1.04
8.672,542,TRACKING,0.792,-6.586,1.139,-6.434,-0.82,-6.578,1.557,-0.228,1.573,27.46,37.68,1,6.509,-0.437,1,TRUE,TRUE,679.8,354.1,679.1,354.2,685.6,358.2,FALSE,63,1.36
8.688,543,TRACKING,0.897,-6.582,1.375,-6.953,-0.717,-6.574,1.42,0.317,1.455,25.39,34.82,0.988,6.416,0.245,1,TRUE,TRUE,676.3,367.2,675.6,367.3,685.5,358.7,FALSE,63,0.48
8.704,544,TRACKING,1.002,-6.577,1.14,-6.555,-0.613,-6.574,1.768,-0.068,1.769,30.88,42.39,0.975,6.522,0.032,1,TRUE,TRUE,684.6,358.3,685.3,358.6,685.7,358.9,FALSE,63,0.53
8.72,545,TRACKING,1.107,-6.572,1.268,-6.456,-0.507,-6.576,1.753,-0.157,1.76,30.72,42.16,0.969,6.596,-0.12,1,TRUE,TRUE,684.1,356.4,684.9,357.1,685.8,359,FALSE,63,0.5
8.736,546,TRACKING,1.212,-6.566,1.762,-6.47,-0.4,-6.558,1.375,0.002,1.375,23.99,32.93,0.969,6.705,1.139,1,TRUE,TRUE,675.1,360.8,687.7,444.9,686.1,362.3,FALSE,63,1.16
8.752,547,TRACKING,1.317,-6.56,1.659,-6.709,-0.294,-6.542,1.582,0.265,1.604,27.99,38.41,0.973,6.643,0.993,1,TRUE,TRUE,680.1,367,679.7,367.2,686.1,362.7,FALSE,63,1.99
8.768,548,TRACKING,1.422,-6.553,1.475,-6.153,-0.186,-6.531,1.881,-0.288,1.903,33.21,45.57,0.98,6.74,0.642,1,TRUE,TRUE,687.4,353.9,687.4,353.4,686.3,362.6,FALSE,63,0.5
8.784,549,TRACKING,1.527,-6.546,1.963,-6.364,-0.079,-6.524,1.494,-0.065,1.496,26.11,35.84,0.985,6.652,0.496,1,TRUE,TRUE,678.2,358.9,678.5,359.2,686.3,362.7,FALSE,63,0.51
8.8,550,TRACKING,1.632,-6.539,2.179,-6.565,0.025,-6.516,1.375,0.157,1.384,24.15,33.14,0.988,6.52,0.499,1,TRUE,TRUE,675.5,363.9,674.9,364.8,686,363.1,FALSE,63,0.5
8.816,551,TRACKING,1.736,-6.531,1.818,-6.425,0.131,-6.509,1.848,0.032,1.849,32.26,44.3,0.987,6.628,0.44,1,TRUE,TRUE,687,360.8,686.2,361.2,686.2,363.2,FALSE,63,1.34
8.832,552,TRACKING,1.841,-6.522,2.057,-6.083,0.238,-6.505,1.717,-0.308,1.745,30.45,41.78,0.983,6.656,0.232,1,TRUE,TRUE,684,352.6,683.3,352.2,686.3,363.1,FALSE,63,1.17
8.848,553,TRACKING,1.945,-6.513,2.579,-6.517,0.342,-6.5,1.287,0.145,1.296,22.61,31.03,0.977,6.496,0.271,1,TRUE,TRUE,673.7,363.1,673.4,362.6,686,363.3,FALSE,63,0.52
8.864,554,TRACKING,2.049,-6.503,2.317,-6.503,0.446,-6.496,1.655,0.149,1.662,29.01,39.82,0.973,6.534,0.303,1,TRUE,TRUE,682.6,363.2,682.1,362.6,686.1,363.5,FALSE,63,0.48
8.88,555,TRACKING,2.153,-6.493,2.188,-6.163,0.553,-6.493,1.899,-0.185,1.908,33.3,45.71,0.973,6.678,0.177,1,TRUE,TRUE,688.4,355.5,688.4,354.6,686.3,363.4,FALSE,63,0.52
8.896,556,TRACKING,2.257,-6.482,2.798,-6.244,0.658,-6.49,1.384,-0.092,1.387,24.21,33.23,0.979,6.55,0.145,1,TRUE,TRUE,675.9,357.8,675.5,358,686.1,363.4,FALSE,63,1.11
8.912,557,TRACKING,2.361,-6.471,2.868,-6.573,0.762,-6.486,1.411,0.263,1.435,25.05,34.37,0.991,6.487,0.29,1,TRUE,TRUE,676.4,366.4,677.3,367.1,686,363.8,FALSE,63,1.34
8.928,558,TRACKING,2.464,-6.459,2.478,-6.298,0.868,-6.481,1.916,0.004,1.916,33.44,45.91,1,6.64,0.274,1,TRUE,TRUE,688.4,360.5,688.4,360.3,686.2,363.9,FALSE,63,0.48
8.944,559,TRACKING,2.567,-6.447,2.885,-6.064,0.974,-6.479,1.611,-0.223,1.626,28.38,38.95,1,6.615,0.157,1,TRUE,TRUE,680.9,355.3,680.7,354.8,686.2,363.8,FALSE,63,0.47
8.96,560,TRACKING,2.67,-6.435,3.32,-6.469,1.077,-6.475,1.265,0.208,1.282,22.37,30.7,1,6.445,0.274,1,TRUE,TRUE,672.4,365.4,672.4,365.8,685.9,364.1,FALSE,63,0.6
8.976,561,TRACKING,2.773,-6.421,2.941,-6.415,1.181,-6.469,1.751,0.178,1.76,30.72,42.16,1,6.542,0.361,1,TRUE,TRUE,684.1,364.6,684.8,365.7,686,364.3,FALSE,63,1.16
8.992,562,TRACKING,2.876,-6.408,2.973,-6.11,1.287,-6.465,1.828,-0.115,1.832,31.97,43.89,1,6.628,0.267,1,TRUE,TRUE,685.9,357.5,685.6,357.2,686.1,364.3,FALSE,63,1.53
9.008,563,TRACKING,2.978,-6.393,3.586,-6.156,1.391,-6.461,1.304,-0.054,1.305,22.78,31.27,1,6.466,0.23,1,TRUE,TRUE,673.4,358.7,673.2,358.9,685.8,364.3,FALSE,63,0.52
9.024,564,TRACKING,3.08,-6.379,3.485,-6.568,1.494,-6.455,1.503,0.389,1.552,27.09,37.14,1,6.437,0.383,1,TRUE,TRUE,678.2,368.9,678.4,368.7,685.7,364.7,FALSE,63,0.49
9.04,565,TRACKING,3.182,-6.364,3.197,-6.128,1.599,-6.45,1.901,-0.036,1.901,33.19,45.57,1,6.588,0.321,1,TRUE,TRUE,688,358.9,688,359.1,685.9,364.7,FALSE,63,0.5
9.056,566,TRACKING,3.284,-6.348,3.698,-6.097,1.704,-6.445,1.496,-0.052,1.497,26.13,35.87,1,6.521,0.257,1,TRUE,TRUE,678.4,358.5,678.1,358.2,685.8,364.7,FALSE,63,1.21
9.072,567,TRACKING,3.386,-6.332,3.964,-6.31,1.806,-6.44,1.32,0.187,1.333,23.26,31.92,0.975,6.387,0.342,1,TRUE,TRUE,674.3,364.3,673.5,365.4,685.5,364.9,FALSE,63,2.05
9.088,568,TRACKING,3.487,-6.315,3.601,-6.443,1.91,-6.433,1.789,0.351,1.823,31.82,43.66,0.953,6.513,0.462,1,TRUE,TRUE,685.7,368.3,686.2,368.4,685.6,365.2,FALSE,63,0.56
9.104,569,TRACKING,3.588,-6.298,3.783,-5.896,2.015,-6.428,1.711,-0.186,1.721,30.03,41.22,0.94,6.557,0.308,1,TRUE,TRUE,683.9,355.9,683.3,355.2,685.7,365.1,FALSE,63,0.54
9.12,570,TRACKING,3.688,-6.281,4.278,-6.243,2.118,-6.422,1.303,0.187,1.317,22.98,31.53,0.936,6.414,0.381,1,TRUE,TRUE,674.1,364.9,673.8,365.4,685.4,365.3,FALSE,63,0.53
9.136,571,TRACKING,3.789,-6.262,4.106,-6.339,2.22,-6.414,1.571,0.313,1.602,27.96,38.36,0.942,6.401,0.476,1,TRUE,TRUE,680.4,367.9,679.1,367.5,685.3,365.6,FALSE,63,1.2
9.152,572,TRACKING,3.889,-6.244,3.974,-6.169,2.324,-6.406,1.81,0.172,1.818,31.73,43.56,0.955,6.522,0.518,1,TRUE,TRUE,686.1,364.6,686.3,365.9,685.4,365.8,FALSE,63,1.46
9.168,573,TRACKING,3.988,-6.225,4.434,-5.859,2.428,-6.399,1.443,-0.123,1.448,25.28,34.69,0.972,6.451,0.406,1,TRUE,TRUE,677.1,357.5,677.5,358.1,685.2,365.7,FALSE,63,0.48
9.184,574,TRACKING,4.088,-6.205,4.576,-6.391,2.529,-6.39,1.389,0.444,1.458,25.45,34.86,0.99,6.348,0.547,1,TRUE,TRUE,675.6,370.6,674.8,370.1,685,366,FALSE,63,0.5
9.2,575,TRACKING,4.187,-6.185,4.328,-6.167,2.632,-6.381,1.738,0.248,1.756,30.64,42.05,1,6.422,0.582,1,TRUE,TRUE,683.8,365.9,683.3,366.2,685,366.3,FALSE,63,0.51
9.216,576,TRACKING,4.286,-6.165,4.534,-5.943,2.734,-6.374,1.626,0.042,1.626,28.39,38.97,1,6.399,0.465,1,TRUE,TRUE,681,360.8,679.1,358.5,684.9,366.2,FALSE,63,1.33
9.232,577,TRACKING,4.384,-6.144,4.894,-6.019,2.835,-6.366,1.353,0.141,1.36,23.74,32.59,1,6.29,0.455,1,TRUE,TRUE,674.4,363.1,674.1,362.6,684.6,366.2,FALSE,63,1.5
9.248,578,TRACKING,4.482,-6.122,4.783,-6.376,2.936,-6.356,1.558,0.538,1.649,28.77,39.41,1,6.299,0.642,1,TRUE,TRUE,679.4,372.5,679.3,373.1,684.5,366.7,FALSE,63,0.5
9.264,579,TRACKING,4.58,-6.1,4.723,-5.911,3.038,-6.347,1.716,0.097,1.719,30,41.19,1,6.369,0.576,1,TRUE,TRUE,683.2,362.2,682.9,361.9,684.6,366.7,FALSE,63,0.5
9.28,580,TRACKING,4.678,-6.078,5.067,-5.894,3.139,-6.338,1.464,0.103,1.467,25.61,35.16,1,6.325,0.533,1,TRUE,TRUE,677.3,362.6,677.7,362.2,684.4,366.7,FALSE,63,0.49
9.296,581,TRACKING,4.775,-6.055,5.22,-6.19,3.239,-6.328,1.4,0.435,1.466,25.59,35.06,1,6.275,0.652,1,TRUE,TRUE,675.9,370.6,676.9,370.3,684.2,367,FALSE,63,1.27
9.312,582,TRACKING,4.871,-6.032,5.069,-6.131,3.341,-6.316,1.648,0.413,1.699,29.66,40.67,1,6.339,0.755,1,TRUE,TRUE,682.1,370.3,682.5,370.8,684.2,367.4,FALSE,63,2.21
9.328,583,TRACKING,4.968,-6.008,5.196,-5.735,3.442,-6.305,1.617,0.04,1.617,28.23,38.76,1,6.362,0.656,1,TRUE,TRUE,681.5,361.6,681.3,361.3,684.2,367.3,FALSE,63,0.49
9.344,584,TRACKING,5.064,-5.984,5.526,-5.983,3.543,-6.294,1.372,0.322,1.41,24.6,33.73,1,6.265,0.711,1,TRUE,TRUE,675.7,368.2,675,368.1,684,367.6,FALSE,63,0.49
9.36,585,TRACKING,5.159,-5.959,5.515,-6.188,3.643,-6.28,1.474,0.57,1.58,27.58,37.75,1,6.254,0.867,1,TRUE,TRUE,678.1,373.9,678.5,374.1,683.8,368,FALSE,63,0.5
9.376,586,TRACKING,5.254,-5.934,5.402,-5.782,3.744,-6.267,1.682,0.193,1.693,29.55,40.56,1,6.312,0.818,1,TRUE,TRUE,683.1,364.8,682.3,365.1,683.8,368.1,FALSE,63,1.24
9.392,587,TRACKING,5.349,-5.908,5.688,-5.754,3.844,-6.255,1.485,0.192,1.498,26.14,35.87,1,6.283,0.763,1,TRUE,TRUE,678.3,364.6,678.3,364,683.7,368.1,FALSE,63,1.29
9.408,588,TRACKING,5.443,-5.882,5.934,-6.051,3.943,-6.241,1.321,0.531,1.424,24.85,34.01,1,6.177,0.892,1,TRUE,TRUE,674.2,372.4,673.8,372.9,683.4,368.5,FALSE,63,0.52
9.424,589,TRACKING,5.537,-5.855,5.755,-5.982,4.042,-6.225,1.592,0.499,1.668,29.12,39.89,1,6.215,0.952,1,TRUE,TRUE,680.5,371.6,680.4,370.8,683.4,368.7,FALSE,63,0.47
9.44,590,TRACKING,5.631,-5.828,5.796,-5.539,4.143,-6.212,1.643,0.081,1.645,28.71,39.42,0.995,6.256,0.828,1,TRUE,TRUE,681.6,361.8,681.2,361.6,683.3,368.7,FALSE,63,0.52
9.456,591,TRACKING,5.724,-5.801,6.216,-5.912,4.241,-6.198,1.304,0.492,1.394,24.33,33.31,0.972,6.143,0.901,1,TRUE,TRUE,673.3,371.7,673.4,370.4,683,368.9,FALSE,63,1.27
9.472,592,TRACKING,5.816,-5.773,6.213,-5.948,4.339,-6.181,1.392,0.572,1.505,26.27,35.95,0.95,6.105,1.037,1,TRUE,TRUE,675.3,373.8,676.1,374.6,682.8,369.3,FALSE,63,1.4
9.488,593,TRACKING,5.908,-5.745,5.987,-5.69,4.438,-6.165,1.71,0.35,1.746,30.47,41.8,0.935,6.188,1.034,1,TRUE,TRUE,682.9,368.8,682.4,368.8,682.9,369.5,FALSE,63,0.52
9.504,594,TRACKING,6,-5.716,6.344,-5.498,4.536,-6.149,1.438,0.19,1.451,25.32,34.74,0.929,6.153,0.979,1,TRUE,TRUE,676.4,365.2,677.1,365.8,682.7,369.6,FALSE,63,0.57
9.52,595,TRACKING,6.091,-5.686,6.647,-6.006,4.632,-6.13,1.211,0.748,1.424,24.85,33.91,0.933,6.018,1.171,1,TRUE,TRUE,671,378.4,671.3,378.2,682.3,370.1,FALSE,63,0.56
9.536,596,TRACKING,6.182,-5.657,6.339,-5.649,4.73,-6.112,1.609,0.429,1.666,29.07,39.85,0.948,6.087,1.164,1,TRUE,TRUE,680.7,370.9,680.8,369.8,682.3,370.2,FALSE,63,1.21
9.552,597,TRACKING,6.272,-5.627,6.408,-5.492,4.828,-6.094,1.629,0.304,1.657,28.92,39.68,0.969,6.135,1.099,1,TRUE,TRUE,681.4,367.8,680.8,366.4,682.3,370.3,FALSE,63,1.38
9.568,598,TRACKING,6.362,-5.596,6.938,-5.599,4.924,-6.076,1.173,0.451,1.256,21.93,30.02,0.995,5.987,1.129,1,TRUE,TRUE,670.6,371,670.7,370.4,681.9,370.5,FALSE,63,0.5
9.584,599,TRACKING,6.451,-5.565,6.812,-5.896,5.019,-6.055,1.379,0.799,1.594,27.81,37.98,1,5.947,1.301,1,TRUE,TRUE,675.6,379,674.8,378.3,681.7,371,FALSE,63,0.49
9.6,600,TRACKING,6.54,-5.534,6.552,-5.318,5.116,-6.036,1.733,0.254,1.752,30.57,41.96,1,6.098,1.209,1,TRUE,TRUE,684.3,366,684.9,366.2,681.8,371,FALSE,63,0.52
9.616,601,TRACKING,6.629,-5.502,7.057,-5.476,5.213,-6.016,1.306,0.451,1.381,24.11,33.02,1,6.01,1.225,1,TRUE,TRUE,674,370.6,673.9,370.6,681.5,371.2,FALSE,63,1.13
9.632,602,TRACKING,6.716,-5.469,7.286,-5.658,5.306,-5.995,1.147,0.68,1.334,23.28,31.78,1,5.872,1.339,1,TRUE,TRUE,670.1,376.1,670.2,375.9,681.2,371.5,FALSE,63,1.97
9.648,603,TRACKING,6.804,-5.437,6.865,-5.573,5.402,-5.972,1.657,0.642,1.778,31.03,42.48,1,5.98,1.424,1,TRUE,TRUE,682.3,375.4,681.9,375.7,681.2,371.9,FALSE,63,0.57
9.664,604,TRACKING,6.89,-5.404,7.084,-5.13,5.498,-5.951,1.523,0.232,1.541,26.89,36.89,1,6.008,1.317,1,TRUE,TRUE,678.9,366,679.2,366.2,681.1,371.9,FALSE,63,0.5
9.68,605,TRACKING,6.976,-5.37,7.619,-5.547,5.591,-5.928,1.053,0.7,1.264,22.07,30.09,1,5.806,1.438,1,TRUE,TRUE,667.4,377.2,667,376.9,680.6,372.2,FALSE,63,0.5
9.696,606,TRACKING,7.062,-5.336,7.327,-5.521,5.684,-5.903,1.424,0.725,1.598,27.9,38.13,1,5.827,1.56,1,TRUE,TRUE,676.2,378,676.7,378.3,680.5,372.7,FALSE,63,1.27
9.712,607,TRACKING,7.147,-5.302,7.16,-5.192,5.779,-5.878,1.677,0.437,1.733,30.25,41.48,1,5.918,1.535,1,TRUE,TRUE,682.1,371.3,681,371.8,680.5,372.8,FALSE,63,1.36
9.728,608,TRACKING,7.232,-5.267,7.758,-5.145,5.872,-5.854,1.147,0.43,1.225,21.38,29.27,0.995,5.778,1.498,1,TRUE,TRUE,669.3,371,669.7,370.5,680.1,372.9,FALSE,63,0.52
9.744,609,TRACKING,7.316,-5.232,7.814,-5.518,5.962,-5.828,1.16,0.86,1.444,25.21,34.35,0.993,5.674,1.676,1,TRUE,TRUE,669.6,381,669.9,381.4,679.7,373.4,FALSE,63,0.47
9.76,610,TRACKING,7.399,-5.196,7.401,-5.212,6.055,-5.8,1.658,0.6,1.763,30.77,42.14,0.995,5.799,1.695,1,TRUE,TRUE,681.6,374.7,681.3,374.9,679.8,373.7,FALSE,63,0.49
9.776,611,TRACKING,7.482,-5.16,7.774,-4.947,6.147,-5.775,1.358,0.374,1.408,24.58,33.7,0.998,5.754,1.613,1,TRUE,TRUE,674.5,369.1,673.8,369.5,679.5,373.8,FALSE,63,1.19
9.792,612,TRACKING,7.564,-5.124,8.182,-5.26,6.236,-5.748,1.01,0.736,1.25,21.82,29.73,0.999,5.56,1.683,1,TRUE,TRUE,666.2,377.5,665.3,376.3,679,374.1,FALSE,63,1.25
9.808,613,TRACKING,7.646,-5.087,7.807,-5.283,6.326,-5.719,1.464,0.811,1.674,29.21,39.9,0.996,5.637,1.785,1,TRUE,TRUE,677.3,379.3,677.7,378.7,678.9,374.4,FALSE,63,0.47
9.824,614,TRACKING,7.727,-5.05,7.812,-4.901,6.418,-5.692,1.54,0.47,1.61,28.1,38.51,0.99,5.722,1.716,1,TRUE,TRUE,679.3,371.3,679.4,370.7,678.9,374.5,FALSE,63,0.52
9.84,615,TRACKING,7.808,-5.012,8.369,-4.903,6.507,-5.664,1.044,0.516,1.165,20.33,27.79,0.979,5.555,1.715,1,TRUE,TRUE,667.5,372.6,666.9,373.2,678.5,374.7,FALSE,63,0.47
9.856,616,TRACKING,7.887,-4.974,8.277,-5.276,6.595,-5.633,1.204,0.95,1.534,26.77,36.45,0.967,5.513,1.921,1,TRUE,TRUE,671.4,383,671.7,384.1,678.2,375.2,FALSE,63,1.4
9.872,617,TRACKING,7.967,-4.936,7.995,-4.878,6.685,-5.603,1.568,0.599,1.678,29.29,40.1,0.956,5.647,1.915,1,TRUE,TRUE,680.1,375,681,375.2,678.2,375.4,FALSE,63,1.35
9.888,618,TRACKING,8.045,-4.897,8.419,-4.732,6.774,-5.573,1.211,0.497,1.309,22.85,31.27,0.95,5.574,1.877,1,TRUE,TRUE,671.5,372.8,671.5,373.2,678,375.5,FALSE,63,0.51
9.904,619,TRACKING,8.123,-4.858,8.663,-4.927,6.861,-5.542,1.025,0.745,1.267,22.12,30.14,0.951,5.421,1.946,1,TRUE,TRUE,666.9,378.6,666.3,378.2,677.5,375.8,FALSE,63,0.56
9.92,620,TRACKING,8.201,-4.818,8.34,-5.064,6.949,-5.508,1.421,0.941,1.705,29.75,40.58,0.961,5.468,2.102,1,TRUE,TRUE,676.2,383.2,675.5,383.5,677.4,376.3,FALSE,63,0.49
9.936,621,TRACKING,8.278,-4.778,8.456,-4.49,7.037,-5.476,1.378,0.407,1.437,25.08,34.37,0.979,5.513,1.972,1,TRUE,TRUE,675,370.5,676.2,369.9,677.3,376.3,FALSE,63,1.22
9.952,622,TRACKING,8.354,-4.738,8.878,-4.742,7.123,-5.444,1.013,0.71,1.238,21.6,29.44,1,5.368,2.022,1,TRUE,TRUE,666.1,377.4,666.5,377.7,676.9,376.6,FALSE,63,1.94
9.968,623,TRACKING,8.429,-4.698,8.762,-4.851,7.208,-5.41,1.194,0.876,1.481,25.85,35.22,1,5.328,2.136,1,TRUE,TRUE,670.3,381.1,670.5,381.5,676.6,376.9,FALSE,63,0.48
9.984,624,TRACKING,8.504,-4.657,8.606,-4.689,7.294,-5.375,1.419,0.766,1.612,28.14,38.44,1,5.374,2.159,1,TRUE,TRUE,675.6,378.4,674.9,377.9,676.4,377.2,FALSE,63,0.51
10,625,TRACKING,8.578,-4.615,8.95,-4.294,7.379,-5.343,1.137,0.41,1.208,21.09,28.88,1,5.305,2.027,1,TRUE,TRUE,668.9,370,669.4,369.6,676.1,377.1,FALSE,63,0.48
