timestamp_s,frame_number,tracking_status,target_pan_deg,target_tilt_deg,estimated_pan_deg,estimated_tilt_deg,gimbal_pan_deg,gimbal_tilt_deg,pan_error_deg,tilt_error_deg,total_angular_error_deg,total_angular_error_mrad,pixel_error_px,rssi_signal_strength,pan_pid_output,tilt_pid_output,detection_confidence,beacon_visible,ground_truth_in_fov,ground_truth_x_px,ground_truth_y_px,detected_x_px,detected_y_px,predicted_x_px,predicted_y_px,link_locked,fps,processing_time_ms
0.016,1,ACQUIRING,0.225,0.242,0.173,0.336,0,0.087,0.061,0.391,0.395,6.9,9.28,0.961,0,5.447,1,TRUE,TRUE,641.6,371.6,640.2,371.4,640.2,371.4,FALSE,63,0.97
0.032,2,TRACKING,0.337,0.363,0.377,0.378,0.076,0.126,0.381,0.311,0.492,8.59,11.69,0.966,4.745,2.44,1,TRUE,TRUE,651.3,368.4,650.5,367.5,650.1,367.6,FALSE,63,2.06
0.048,3,TRACKING,0.449,0.484,0.476,0.572,0.139,0.15,0.416,0.192,0.458,7.99,10.93,0.974,3.914,1.462,1,TRUE,TRUE,651.9,365,651.1,365.5,650.6,366.6,FALSE,63,1.74
0.064,4,TRACKING,0.561,0.604,0.723,0.598,0.179,0.172,0.233,0.3,0.38,6.63,8.98,0.982,2.547,1.421,1,TRUE,TRUE,647,367.4,647.1,367.5,649.4,366.9,FALSE,63,1.77
0.08,5,TRACKING,0.674,0.725,0.667,0.347,0.215,0.223,0.41,0.825,0.922,16.09,21.71,0.988,2.229,3.147,1,TRUE,TRUE,651.1,380.2,650.3,381,649.7,370.5,FALSE,63,1.74
0.096,6,TRACKING,0.786,0.845,0.569,0.846,0.259,0.265,0.688,0.448,0.821,14.33,19.54,0.99,2.78,2.645,1,TRUE,TRUE,657.8,371.1,657.4,370.4,651.3,370.5,FALSE,63,3.05
0.112,7,TRACKING,0.898,0.966,1.285,1.418,0.389,0.393,0.503,0.414,0.651,11.36,15.47,0.989,8.085,7.993,1,TRUE,TRUE,655.3,372.3,705.4,423.1,661.3,380.3,FALSE,63,2.1
0.128,8,TRACKING,1.01,1.086,1.473,1.252,0.481,0.499,0.366,0.703,0.793,13.83,18.67,0.985,5.762,6.603,1,TRUE,TRUE,651,378.8,650.4,378.4,659.9,380.4,FALSE,63,1.78
0.144,9,TRACKING,1.122,1.205,1.312,1.301,0.557,0.593,0.63,0.796,1.015,17.72,24.01,0.982,4.767,5.921,1,TRUE,TRUE,656.7,380.9,656.6,381.4,659.6,380.9,FALSE,63,1.74
0.16,10,TRACKING,1.234,1.325,1.303,1.772,0.626,0.662,0.758,0.393,0.854,14.91,20.37,0.981,4.281,4.303,1,TRUE,TRUE,659.5,371.1,659,370.5,659.8,379.7,FALSE,63,1.74
0.176,11,TRACKING,1.346,1.444,1.612,1.566,0.681,0.724,0.535,0.717,0.895,15.62,21.15,0.985,3.424,3.869,1,TRUE,TRUE,653.7,378.6,654,377.7,659.2,379.7,FALSE,63,2.06
0.192,12,TRACKING,1.458,1.563,1.617,1.446,0.726,0.793,0.622,1.003,1.18,20.59,27.84,0.994,2.868,4.303,1,TRUE,TRUE,655.6,385.5,654.7,385.1,658.7,380.8,FALSE,63,2.23
0.208,13,TRACKING,1.57,1.682,1.412,1.823,0.781,0.856,0.981,0.744,1.231,21.49,29.27,1,3.43,3.92,1,TRUE,TRUE,664.5,379.3,664.4,378.6,659.7,380.8,FALSE,63,1.75
0.224,14,TRACKING,1.682,1.8,1.656,1.989,0.839,0.911,0.875,0.687,1.112,19.41,26.43,1,3.617,3.492,1,TRUE,TRUE,662.1,377.6,662.4,377.3,660.3,380.5,FALSE,63,3.06
0.24,15,TRACKING,1.793,1.918,1.957,1.734,0.89,0.978,0.674,1.112,1.3,22.7,30.67,1,3.19,4.17,1,TRUE,TRUE,657.3,387.6,656.9,387,660.1,381.8,FALSE,63,1.99
0.256,16,TRACKING,1.905,2.036,1.757,1.886,0.951,1.053,1.03,1.126,1.526,26.63,36.14,1,3.768,4.647,1,TRUE,TRUE,666.2,387.9,665.9,387.1,661.1,382.9,FALSE,63,2.43
0.272,17,TRACKING,2.016,2.153,1.765,2.353,1.025,1.117,1.204,0.76,1.424,24.85,33.91,1,4.641,4.034,1,TRUE,TRUE,670.8,379,670.6,378.1,662.8,382.5,FALSE,63,2.45
0.288,18,TRACKING,2.127,2.27,2.253,2.153,1.096,1.189,0.84,1.12,1.4,24.43,33.08,1,4.437,4.493,1,TRUE,TRUE,662.1,387.5,662.5,387.1,663.1,383.5,FALSE,63,1.94
0.304,19,TRACKING,2.239,2.386,2.287,2.154,1.167,1.274,0.94,1.304,1.608,28.06,37.99,1,4.478,5.306,1,TRUE,TRUE,664.6,392.2,664.6,392.2,663.7,385.2,FALSE,63,1.82
0.32,20,TRACKING,2.35,2.502,2.051,2.514,1.255,1.359,1.371,1.09,1.751,30.57,41.62,1,5.46,5.327,1,TRUE,TRUE,675.4,387.4,674.8,386.8,665.7,385.8,FALSE,63,1.84
0.336,21,TRACKING,2.461,2.617,2.459,2.799,1.344,1.438,1.111,0.921,1.443,25.19,34.29,1,5.554,4.948,1,TRUE,TRUE,669.1,383.5,668.7,383.1,666.6,385.9,FALSE,63,2.27
0.352,22,TRACKING,2.572,2.731,2.811,2.457,1.422,1.535,0.859,1.47,1.703,29.72,40.16,0.974,4.923,6.069,1,TRUE,TRUE,662.7,397,661.4,398,666.3,388,FALSE,63,3.56
0.368,23,TRACKING,2.682,2.846,2.511,2.858,1.511,1.635,1.333,1.228,1.812,31.63,43,0.952,5.566,6.247,1,TRUE,TRUE,674.2,391.5,673.8,391.8,667.8,389.1,FALSE,63,1.89
0.384,24,TRACKING,2.793,2.959,2.616,3.145,1.609,1.73,1.401,1.064,1.759,30.7,41.82,0.937,6.093,5.897,1,TRUE,TRUE,675.8,387.6,675,386.8,669.3,389.3,FALSE,63,1.93
0.4,25,TRACKING,2.903,3.072,3.199,3.169,1.697,1.825,0.921,1.184,1.499,26.17,35.45,0.932,5.496,5.964,1,TRUE,TRUE,663.9,390.3,664,390.7,669.1,390,FALSE,63,1.88
0.416,26,TRACKING,3.014,3.184,3.097,2.968,1.786,1.933,1.158,1.575,1.955,34.12,46.2,0.938,5.545,6.744,1,TRUE,TRUE,669.5,399.6,670,399.6,669.7,391.9,FALSE,63,2.4
0.432,27,TRACKING,3.124,3.296,2.877,3.601,1.888,2.031,1.567,1.044,1.883,32.87,44.83,0.952,6.398,6.101,1,TRUE,TRUE,679.6,386.7,680.4,385.7,671.6,391.6,FALSE,63,2.44
0.448,28,TRACKING,3.234,3.407,3.428,3.579,1.986,2.127,1.14,1.193,1.65,28.8,39.1,0.97,6.119,5.998,1,TRUE,TRUE,669.2,390,669.6,390.3,672,392,FALSE,63,1.84
0.464,29,TRACKING,3.343,3.517,3.674,3.5,2.075,2.227,0.991,1.42,1.732,30.23,40.91,0.991,5.565,6.252,1,TRUE,TRUE,665.5,395.3,665.2,394.8,671.7,392.9,FALSE,63,1.86
0.48,30,TRACKING,3.453,3.626,3.297,3.625,2.174,2.332,1.538,1.449,2.113,36.88,50.13,1,6.198,6.571,1,TRUE,TRUE,679,396,679.2,396.9,673.1,394,FALSE,63,2.38
0.496,31,TRACKING,3.563,3.735,3.571,4.177,2.279,2.425,1.422,0.981,1.728,30.16,41.12,1,6.556,5.843,1,TRUE,TRUE,676.5,384.9,678.3,384.5,674.3,393.4,FALSE,63,2.18
0.512,32,TRACKING,3.672,3.843,4.121,3.855,2.374,2.522,0.966,1.441,1.735,30.29,40.97,1,5.929,6.065,1,TRUE,TRUE,665.5,395.9,666.2,394.8,673.9,394.1,FALSE,63,2.3
0.528,33,TRACKING,3.781,3.95,3.871,3.959,2.47,2.625,1.35,1.485,2.007,35.03,47.53,1,6.041,6.41,1,TRUE,TRUE,674.9,397.3,674.5,397.7,674.5,395,FALSE,63,1.76
0.544,34,TRACKING,3.89,4.057,3.766,4.318,2.576,2.724,1.619,1.24,2.039,35.58,48.47,1,6.567,6.222,1,TRUE,TRUE,681.7,391.7,681.3,391.8,675.8,395.2,FALSE,63,1.74
0.56,35,TRACKING,3.998,4.162,4.366,4.525,2.674,2.819,1.124,1.134,1.597,27.87,37.85,1,6.18,5.916,1,TRUE,TRUE,669.7,389.2,670.1,389.5,675.8,395.1,FALSE,63,1.72
0.576,36,TRACKING,4.107,4.267,4.452,4.194,2.769,2.922,1.147,1.618,1.983,34.61,46.85,1,5.94,6.438,1,TRUE,TRUE,670.2,400.8,670.9,400.9,675.8,396.2,FALSE,63,2.2
0.592,37,TRACKING,4.215,4.371,4.128,4.567,2.873,3.023,1.633,1.358,2.124,37.07,50.45,1,6.497,6.308,1,TRUE,TRUE,681.9,394.5,682.7,393.4,677,396.5,FALSE,63,3.66
0.608,38,TRACKING,4.323,4.473,4.503,4.885,2.976,3.118,1.379,1.133,1.785,31.15,42.4,1,6.401,5.948,1,TRUE,TRUE,675.7,388.9,674.9,389.4,677.4,396.2,FALSE,63,1.91
0.624,39,TRACKING,4.431,4.575,4.899,4.72,3.07,3.214,1.069,1.414,1.772,30.93,41.9,1,5.858,6.014,1,TRUE,TRUE,667.9,395.3,667.2,394.9,676.8,396.6,FALSE,63,1.83
0.64,40,TRACKING,4.539,4.676,4.613,4.682,3.167,3.316,1.489,1.585,2.175,37.95,51.52,1,6.095,6.318,1,TRUE,TRUE,677.9,399.3,678.1,399.4,677.5,397.3,FALSE,63,1.78
0.656,41,TRACKING,4.646,4.776,4.653,5.156,3.27,3.41,1.591,1.196,1.99,34.74,47.33,1,6.419,5.908,1,TRUE,TRUE,680.3,389.9,681,388.9,678.3,397,FALSE,63,2.22
0.672,42,TRACKING,4.753,4.875,5.17,5.223,3.367,3.503,1.171,1.226,1.695,29.59,40.17,1,6.049,5.781,1,TRUE,TRUE,670,390.5,670.5,392,678,396.9,FALSE,63,2.34
0.688,43,TRACKING,4.86,4.973,5.143,4.948,3.461,3.601,1.303,1.631,2.088,36.44,49.39,1,5.902,6.144,1,TRUE,TRUE,673.1,400.3,672.8,400.3,678,397.7,FALSE,63,1.83
0.704,44,TRACKING,4.966,5.07,4.937,5.316,3.561,3.697,1.648,1.363,2.139,37.33,50.81,1,6.235,6.038,1,TRUE,TRUE,681.5,394.1,681.2,393.8,678.8,397.7,FALSE,63,1.84
0.72,45,TRACKING,5.073,5.166,5.307,5.592,3.659,3.789,1.389,1.171,1.817,31.71,43.15,0.994,6.131,5.748,1,TRUE,TRUE,675.3,389.7,674.8,390,678.9,397.4,FALSE,63,2.68
0.736,46,TRACKING,5.179,5.261,5.581,5.451,3.754,3.884,1.216,1.422,1.871,32.65,44.28,0.973,5.938,5.902,1,TRUE,TRUE,671.2,395.8,672.7,397,678.8,397.8,FALSE,63,2.21
0.752,47,TRACKING,5.285,5.355,5.376,5.365,3.852,3.984,1.546,1.631,2.248,39.23,53.27,0.953,6.117,6.228,1,TRUE,TRUE,679.4,401,679.2,401.3,679.2,398.5,FALSE,63,2.32
0.768,48,TRACKING,5.39,5.447,5.472,5.957,3.952,4.077,1.579,1.115,1.933,33.73,45.99,0.938,6.298,5.849,1,TRUE,TRUE,680.4,388.8,680.4,389.4,679.8,398.1,FALSE,63,1.86
0.784,49,TRACKING,5.495,5.539,5.864,5.834,4.05,4.169,1.286,1.328,1.849,32.27,43.82,0.931,6.074,5.767,1,TRUE,TRUE,673.4,393.6,673.2,393.4,679.7,398.1,FALSE,63,1.83
0.8,50,TRACKING,5.6,5.629,5.875,5.739,4.147,4.265,1.387,1.531,2.066,36.06,48.94,0.935,6.073,5.96,1,TRUE,TRUE,676,398.3,676.7,398.7,679.8,398.5,FALSE,63,1.77
0.816,51,TRACKING,5.705,5.718,5.767,5.937,4.248,4.361,1.628,1.435,2.17,37.87,51.52,0.948,6.344,6.045,1,TRUE,TRUE,681.9,395.8,682.7,397.7,680.5,398.8,FALSE,63,2.24
0.832,52,TRACKING,5.81,5.806,6.046,6.393,4.349,4.449,1.461,1.031,1.788,31.2,42.54,0.97,6.307,5.465,1,TRUE,TRUE,677.8,385.9,677.7,384.2,680.7,397.9,FALSE,63,2.46
0.848,53,TRACKING,5.914,5.893,6.299,5.97,4.447,4.54,1.305,1.557,2.031,35.46,48.07,0.996,6.09,5.699,1,TRUE,TRUE,673.9,398.3,673.6,398.5,680.5,398.3,FALSE,63,2.73
0.864,54,TRACKING,6.017,5.979,6.193,6.167,4.545,4.631,1.526,1.447,2.103,36.71,49.89,1,6.172,5.703,1,TRUE,TRUE,679.1,395.7,679.2,395,680.8,398.4,FALSE,63,1.78
0.88,55,TRACKING,6.121,6.063,6.222,6.461,4.646,4.719,1.617,1.225,2.029,35.41,48.24,1,6.303,5.51,1,TRUE,TRUE,681.2,390.5,680.9,390.7,681.2,398.1,FALSE,63,1.77
0.896,56,TRACKING,6.224,6.146,6.56,6.579,4.744,4.803,1.375,1.168,1.804,31.49,42.85,1,6.103,5.225,1,TRUE,TRUE,675.1,389.2,674.1,387.6,681,397.5,FALSE,63,3.42
0.912,57,TRACKING,6.327,6.228,6.662,6.182,4.84,4.892,1.375,1.667,2.161,37.72,51.13,1,6.023,5.558,1,TRUE,TRUE,674.9,401.3,675.8,400.2,681,398,FALSE,63,1.36
0.928,58,TRACKING,6.429,6.309,6.511,6.697,4.939,4.979,1.644,1.222,2.049,35.76,48.72,1,6.185,5.412,1,TRUE,TRUE,681.4,391,681.2,391.2,681.4,397.8,FALSE,63,0.51
0.944,59,TRACKING,6.532,6.388,6.713,6.82,5.039,5.063,1.553,1.165,1.942,33.89,46.17,1,6.221,5.255,1,TRUE,TRUE,679.2,389.7,679.3,390.1,681.6,397.5,FALSE,63,0.49
0.96,60,TRACKING,6.633,6.466,7.052,6.677,5.135,5.148,1.304,1.387,1.904,33.23,45.11,1,5.994,5.31,1,TRUE,TRUE,673.2,394.9,673.1,394.4,681.3,397.5,FALSE,63,0.47
0.976,61,TRACKING,6.735,6.542,6.938,6.616,5.231,5.236,1.523,1.538,2.165,37.78,51.31,1,6.015,5.522,1,TRUE,TRUE,678.5,398.4,677.9,398.8,681.4,397.8,FALSE,63,1.14
0.992,62,TRACKING,6.836,6.617,6.869,7.179,5.331,5.319,1.712,1.024,1.995,34.82,47.54,0.998,6.228,5.164,1,TRUE,TRUE,683.3,386.1,683.1,386,681.8,397.2,FALSE,63,1.46
1.008,63,TRACKING,6.937,6.691,7.286,6.998,5.428,5.401,1.39,1.272,1.884,32.88,44.71,0.989,6.073,5.124,1,TRUE,TRUE,675.7,391.6,675.1,391.7,681.7,397,FALSE,63,0.54
1.024,64,TRACKING,7.037,6.764,7.423,6.862,5.523,5.485,1.345,1.49,2.007,35.03,47.53,0.985,5.928,5.299,1,TRUE,TRUE,674.7,396.6,674.3,397.2,681.5,397.2,FALSE,63,0.5
1.04,65,TRACKING,7.137,6.835,7.159,7.17,5.622,5.568,1.731,1.243,2.131,37.19,50.7,0.986,6.206,5.185,1,TRUE,TRUE,684.2,390.7,684.8,390.9,682,397,FALSE,63,0.49
1.056,66,TRACKING,7.237,6.904,7.412,7.441,5.723,5.646,1.589,1.014,1.885,32.9,44.89,0.989,6.294,4.863,1,TRUE,TRUE,680.9,385.2,681.7,384.6,682.3,396.4,FALSE,63,1.28
1.072,67,TRACKING,7.336,6.972,7.84,7.117,5.819,5.727,1.245,1.414,1.883,32.87,44.59,0.992,6.005,5.067,1,TRUE,TRUE,672.5,394.8,671.9,396.7,681.9,396.6,FALSE,63,2.23
1.088,68,TRACKING,7.435,7.039,7.61,7.217,5.916,5.809,1.581,1.381,2.099,36.64,49.84,0.993,6.095,5.113,1,TRUE,TRUE,680.6,394.2,680.5,394,682.1,396.6,FALSE,63,0.51
1.104,69,TRACKING,7.534,7.104,7.536,7.659,6.018,5.886,1.775,0.978,2.027,35.37,48.32,0.989,6.343,4.813,1,TRUE,TRUE,685.2,384.9,685.7,384.7,682.6,395.9,FALSE,63,0.52
1.12,70,TRACKING,7.632,7.168,8.086,7.507,6.115,5.963,1.312,1.185,1.768,30.85,41.95,0.982,6.109,4.788,1,TRUE,TRUE,673.9,389.9,673.7,390.4,682.3,395.7,FALSE,63,0.5
1.136,71,TRACKING,7.73,7.231,8.128,7.357,6.21,6.043,1.355,1.407,1.954,34.1,46.3,0.972,5.931,5,1,TRUE,TRUE,674.7,395.3,673.6,397.1,682,396,FALSE,63,1.27
1.152,72,TRACKING,7.827,7.291,7.782,7.681,6.31,6.121,1.82,1.133,2.144,37.43,51.08,0.963,6.212,4.901,1,TRUE,TRUE,685.8,388.8,685.9,389.8,682.5,395.7,FALSE,63,1.41
1.168,73,TRACKING,7.924,7.351,8.178,7.95,6.409,6.195,1.522,0.895,1.766,30.82,42.08,0.957,6.181,4.599,1,TRUE,TRUE,678.5,383,678.8,383.2,682.6,395.1,FALSE,63,0.54
1.184,74,TRACKING,8.021,7.408,8.578,7.531,6.503,6.27,1.2,1.372,1.823,31.81,43.15,0.958,5.903,4.72,1,TRUE,TRUE,670.6,394,671,393.5,682.1,395.1,FALSE,63,0.49
1.2,75,TRACKING,8.117,7.465,8.202,7.766,6.6,6.345,1.682,1.185,2.057,35.9,48.95,0.966,6.045,4.681,1,TRUE,TRUE,682.2,389.4,681.8,389.8,682.3,394.8,FALSE,63,0.54
1.216,76,TRACKING,8.212,7.519,8.24,8.045,6.698,6.416,1.749,0.935,1.983,34.62,47.3,0.981,6.164,4.437,1,TRUE,TRUE,683.9,383.3,682.3,383.4,682.6,394.3,FALSE,63,1.18
1.232,77,TRACKING,8.308,7.573,8.845,8.016,6.793,6.485,1.221,0.996,1.575,27.49,37.42,1,5.886,4.291,1,TRUE,TRUE,671.3,384.5,670.8,384.5,682.1,393.8,FALSE,63,1.35
1.248,78,TRACKING,8.402,7.624,8.72,7.672,6.887,6.556,1.438,1.394,2.003,34.95,47.5,1,5.875,4.469,1,TRUE,TRUE,676.6,394,677.1,393.7,682,393.8,FALSE,63,0.5
1.264,79,TRACKING,8.497,7.674,8.424,8.223,6.985,6.624,1.849,0.866,2.041,35.63,48.73,1,6.168,4.223,1,TRUE,TRUE,686.7,381.6,686.9,381.8,682.5,393.2,FALSE,63,0.48
1.28,80,TRACKING,8.591,7.722,8.957,8.195,7.083,6.689,1.406,0.921,1.68,29.33,40,1,6.078,4.083,1,TRUE,TRUE,676.2,383.1,676.9,383.4,682.4,392.7,FALSE,63,0.47
1.296,81,TRACKING,8.684,7.769,9.209,8.035,7.176,6.756,1.23,1.121,1.664,29.04,39.48,1,5.855,4.158,1,TRUE,TRUE,672.1,388,671.7,389.3,682.1,392.5,FALSE,63,1.09
1.312,82,TRACKING,8.777,7.814,8.792,8.012,7.273,6.823,1.753,1.185,2.116,36.93,50.37,1,6.055,4.234,1,TRUE,TRUE,684.7,389.7,684,390.2,682.4,392.4,FALSE,63,1.35
1.328,83,TRACKING,8.87,7.858,9.006,8.563,7.371,6.885,1.639,0.641,1.76,30.72,42.05,1,6.132,3.88,1,TRUE,TRUE,682,376.9,681.7,376.7,682.5,391.6,FALSE,63,0.48
1.344,84,TRACKING,8.962,7.9,9.537,8.188,7.465,6.948,1.182,1.045,1.578,27.54,37.46,1,5.88,3.884,1,TRUE,TRUE,670.9,386.4,671.1,385.8,682.1,391.3,FALSE,63,0.51
1.36,85,TRACKING,9.054,7.94,9.289,8.172,7.56,7.01,1.523,1.09,1.873,32.69,44.55,1,5.924,3.901,1,TRUE,TRUE,679,387.3,679.1,386.5,682.1,391,FALSE,63,0.5
1.376,86,TRACKING,9.145,7.979,9.141,8.414,7.657,7.07,1.774,0.862,1.972,34.42,47.07,0.983,6.085,3.728,1,TRUE,TRUE,684.9,381.7,683.7,380.3,682.4,390.4,FALSE,63,1.16
1.392,87,TRACKING,9.236,8.016,9.685,8.642,7.752,7.125,1.31,0.638,1.457,25.43,34.77,0.963,5.935,3.462,1,TRUE,TRUE,673.6,376.1,674.2,375.8,682.1,389.6,FALSE,63,2.75
1.408,88,TRACKING,9.326,8.051,9.773,8.17,7.845,7.183,1.299,1.141,1.729,30.18,41.05,0.95,5.785,3.622,1,TRUE,TRUE,673.1,387.8,672.8,388.5,681.8,389.5,FALSE,63,0.71
1.424,89,TRACKING,9.416,8.085,9.442,8.453,7.94,7.24,1.729,0.872,1.937,33.8,46.21,0.947,5.947,3.539,1,TRUE,TRUE,683.4,381.4,682.8,381.7,682,389.1,FALSE,63,0.6
1.44,90,TRACKING,9.505,8.117,9.744,8.701,8.035,7.292,1.515,0.624,1.639,28.6,39.15,0.951,5.951,3.298,1,TRUE,TRUE,678.2,375.5,678.6,375.5,682,388.3,FALSE,63,0.57
1.456,91,TRACKING,9.594,8.147,10.12,8.539,8.127,7.344,1.211,0.797,1.45,25.3,34.51,0.961,5.74,3.245,1,TRUE,TRUE,670.8,379.6,670.7,380.3,681.6,387.9,FALSE,63,1.5
1.472,92,TRACKING,9.682,8.176,9.877,8.316,8.22,7.398,1.542,1.041,1.861,32.47,44.29,0.974,5.792,3.361,1,TRUE,TRUE,678.8,385.6,678.6,386.2,681.6,387.7,FALSE,63,1.41
1.488,93,TRACKING,9.77,8.203,9.86,8.765,8.314,7.448,1.653,0.589,1.755,30.63,41.95,0.987,5.903,3.144,1,TRUE,TRUE,681.7,375.2,681.4,375.3,681.7,387,FALSE,63,0.56
1.504,94,TRACKING,9.858,8.228,10.297,8.773,8.406,7.496,1.29,0.578,1.414,24.68,33.76,0.997,5.76,2.975,1,TRUE,TRUE,673.1,375,672.9,375.2,681.4,386.3,FALSE,63,0.52
1.52,95,TRACKING,9.944,8.251,10.325,8.437,8.497,7.545,1.339,0.927,1.629,28.42,38.75,1,5.68,3.061,1,TRUE,TRUE,674.4,383.3,673.9,383.5,681.2,386.1,FALSE,63,0.52
1.536,96,TRACKING,10.031,8.273,10.126,8.633,8.59,7.592,1.631,0.731,1.788,31.2,42.68,1,5.817,2.962,1,TRUE,TRUE,681.6,378.6,681.6,377.6,681.4,385.6,FALSE,63,1.33
1.552,97,TRACKING,10.116,8.293,10.387,8.92,8.683,7.635,1.453,0.427,1.515,26.44,36.23,1,5.811,2.678,1,TRUE,TRUE,677.4,371.3,677.5,369.8,681.3,384.7,FALSE,63,1.62
1.568,98,TRACKING,10.202,8.312,10.666,8.678,8.774,7.677,1.247,0.664,1.412,24.65,33.68,0.998,5.673,2.629,1,TRUE,TRUE,672.5,376.6,672.3,376.4,681,384.2,FALSE,63,0.56
1.584,99,TRACKING,10.286,8.328,10.527,8.481,8.866,7.721,1.47,0.868,1.707,29.79,40.67,0.997,5.72,2.721,1,TRUE,TRUE,677.8,381.2,678.3,381.7,681,383.9,FALSE,63,0.53
1.6,100,TRACKING,10.371,8.343,10.521,8.955,8.958,7.76,1.562,0.372,1.606,28.03,38.44,1,5.795,2.459,1,TRUE,TRUE,680,369.3,679.9,369.1,681,383.1,FALSE,63,0.51
1.616,101,TRACKING,10.454,8.356,10.849,8.842,9.049,7.797,1.307,0.469,1.388,24.23,33.18,1,5.679,2.317,1,TRUE,TRUE,673.7,371.5,673.1,371.5,680.8,382.4,FALSE,63,1.39
1.632,102,TRACKING,10.537,8.368,10.94,8.601,9.138,7.835,1.287,0.703,1.466,25.59,34.96,1,5.57,2.328,1,TRUE,TRUE,673,377,672.2,376.5,680.5,382,FALSE,63,1.64
1.648,103,TRACKING,10.62,8.378,10.783,8.683,9.229,7.871,1.527,0.611,1.644,28.69,39.28,1,5.649,2.291,1,TRUE,TRUE,678.6,374.9,678.9,375.1,680.5,381.5,FALSE,63,0.99
1.664,104,TRACKING,10.702,8.385,10.94,9.103,9.319,7.903,1.45,0.158,1.459,25.46,34.94,1,5.667,2.007,1,TRUE,TRUE,676.6,364.4,677.2,365,680.4,380.5,FALSE,63,0.52
1.68,105,TRACKING,10.783,8.392,11.247,8.632,9.408,7.936,1.21,0.618,1.358,23.71,32.4,1,5.525,2.045,1,TRUE,TRUE,670.7,375.4,670.8,375.6,680.1,380.1,FALSE,63,0.55
1.696,106,TRACKING,10.864,8.396,11.156,9.03,9.493,8.027,1.361,0.496,1.449,25.28,34.62,1,5.333,5.657,1,TRUE,TRUE,674.2,374.1,667.3,522.4,679.6,386.5,FALSE,63,1.26
1.712,107,TRACKING,10.945,8.399,11.051,9.287,9.58,8.1,1.548,0.203,1.561,27.25,37.39,1,5.459,4.618,1,TRUE,TRUE,678.8,366.9,678.9,367.5,679.6,385.6,FALSE,63,1.5
1.728,108,TRACKING,11.024,8.4,11.376,9.413,9.667,8.16,1.292,0.029,1.292,22.55,30.95,1,5.398,3.736,1,TRUE,TRUE,672.7,362.5,672.4,362.1,679.4,384.4,FALSE,63,0.51
1.744,109,TRACKING,11.103,8.399,11.555,8.904,9.752,8.214,1.177,0.513,1.284,22.42,30.67,1,5.303,3.372,1,TRUE,TRUE,670.1,373.5,670.5,374,679,383.9,FALSE,63,0.52
1.76,110,TRACKING,11.182,8.397,11.317,9.308,9.838,8.259,1.496,0.061,1.497,26.14,35.88,0.976,5.414,2.821,1,TRUE,TRUE,677.9,362.5,678.5,362.1,679.1,382.8,FALSE,63,0.57
1.776,111,TRACKING,11.26,8.393,11.433,9.374,9.925,8.296,1.455,-0.064,1.457,25.42,34.9,0.952,5.443,2.29,1,TRUE,TRUE,677.1,359.2,676.2,357.2,679,381.5,FALSE,63,1.4
1.792,112,TRACKING,11.338,8.387,11.846,9.176,10.01,8.328,1.101,0.084,1.104,19.27,26.44,0.936,5.263,1.977,1,TRUE,TRUE,668.7,362.4,667.5,361.2,678.6,380.5,FALSE,63,1.12
1.808,113,TRACKING,11.414,8.379,11.714,8.927,10.094,8.357,1.302,0.293,1.334,23.29,31.94,0.929,5.261,1.87,1,TRUE,TRUE,673.6,367.2,673.4,367.2,678.4,379.7,FALSE,63,0.61
1.824,114,TRACKING,11.491,8.37,11.529,9.435,10.18,8.381,1.568,-0.281,1.593,27.8,38.14,0.932,5.405,1.456,1,TRUE,TRUE,680.1,353.6,680,353.4,678.5,378.4,FALSE,63,0.6
1.84,115,TRACKING,11.566,8.358,11.973,9.177,10.265,8.401,1.188,-0.078,1.191,20.78,28.52,0.945,5.304,1.255,1,TRUE,TRUE,670.9,358.4,670.8,358.8,678.2,377.4,FALSE,63,0.54
1.856,116,TRACKING,11.641,8.345,12.144,8.938,10.348,8.42,1.075,0.113,1.081,18.86,25.89,0.966,5.168,1.198,1,TRUE,TRUE,668,363.1,668.2,363.7,677.8,376.6,FALSE,63,1.25
1.872,117,TRACKING,11.716,8.331,11.778,9.066,10.433,8.437,1.52,-0.071,1.522,26.56,36.46,0.989,5.318,1.035,1,TRUE,TRUE,678.6,358.9,679.7,359.1,677.9,375.6,FALSE,63,1.5
1.888,118,TRACKING,11.79,8.314,11.989,9.339,10.518,8.448,1.378,-0.414,1.439,25.11,34.41,1,5.312,0.717,1,TRUE,TRUE,675,350.9,674.4,351.2,677.8,374.3,FALSE,63,0.53
1.904,119,TRACKING,11.863,8.296,12.462,8.872,10.599,8.459,0.956,-0.002,0.956,16.69,22.9,1,5.093,0.667,1,TRUE,TRUE,664.7,360.6,664.7,360.4,677.3,373.5,FALSE,63,0.55
1.92,120,TRACKING,11.936,8.277,12.175,8.851,10.681,8.468,1.309,-0.036,1.309,22.85,31.37,1,5.102,0.596,1,TRUE,TRUE,673,359.7,672.8,359.8,677.1,372.6,FALSE,63,0.52
1.936,121,TRACKING,12.008,8.255,12.025,9.162,10.765,8.474,1.534,-0.418,1.59,27.75,38.04,1,5.232,0.347,1,TRUE,TRUE,678.4,350.5,678.6,351.8,677.2,371.5,FALSE,63,1.26
1.952,122,TRACKING,12.079,8.232,12.602,8.984,10.847,8.474,1.018,-0.322,1.068,18.64,25.54,1,5.155,-0.009,1,TRUE,TRUE,665.9,352.4,670.6,344.9,676.9,370.1,FALSE,63,2.54
1.968,123,TRACKING,12.15,8.207,12.633,8.629,10.927,8.474,1.039,-0.025,1.039,18.13,24.89,1,4.996,0.02,1,TRUE,TRUE,666.4,359.2,665.9,359.3,676.5,369.3,FALSE,63,0.55
1.984,124,TRACKING,12.22,8.18,12.218,8.848,11.009,8.472,1.528,-0.314,1.56,27.23,37.35,1,5.143,-0.132,1,TRUE,TRUE,678.3,352.2,678.6,352.2,676.6,368.3,FALSE,63,0.52
2,125,TRACKING,12.289,8.152,12.593,9.022,11.091,8.465,1.213,-0.571,1.341,23.4,32,1,5.091,-0.409,1,TRUE,TRUE,670.9,346,671,345.6,676.3,367,FALSE,63,0.51
2.016,126,TRACKING,12.358,8.122,12.991,8.537,11.169,8.458,0.861,-0.151,0.874,15.25,20.92,1,4.876,-0.428,1,TRUE,TRUE,662.5,355.9,662.8,355.3,675.8,366.2,FALSE,63,1.29
2.032,127,TRACKING,12.426,8.09,12.575,8.563,11.248,8.45,1.341,-0.246,1.363,23.79,32.63,1,4.935,-0.5,1,TRUE,TRUE,674.2,353.9,673.5,353.5,675.7,365.3,FALSE,63,1.4
2.048,128,TRACKING,12.494,8.057,12.579,8.788,11.329,8.439,1.406,-0.553,1.511,26.37,36.09,1,5.044,-0.728,1,TRUE,TRUE,676,346.8,676.7,346.2,675.7,364.2,FALSE,63,0.53
2.064,129,TRACKING,12.561,8.022,13.163,8.672,11.406,8.424,0.866,-0.517,1.009,17.61,24.04,1,4.84,-0.899,1,TRUE,TRUE,663,347.8,663.1,347.1,675.2,363.1,FALSE,63,0.54
2.08,130,TRACKING,12.627,7.985,13.02,8.201,11.482,8.411,1.062,-0.108,1.068,18.63,25.57,1,4.765,-0.81,1,TRUE,TRUE,667.7,357.5,667.1,358.2,674.8,362.5,FALSE,63,0.49
2.096,131,TRACKING,12.693,7.947,12.684,8.576,11.559,8.388,1.459,-0.58,1.57,27.4,37.51,1,4.821,-1.476,1,TRUE,TRUE,677.2,346.3,672.7,338.6,674.7,361.2,FALSE,63,1.24
2.112,132,TRACKING,12.758,7.907,13.16,8.519,11.635,8.371,1.032,-0.605,1.196,20.88,28.51,1,4.726,-1.05,1,TRUE,TRUE,666.8,345.8,666.2,346.7,674.4,360.2,FALSE,63,1.61
2.128,133,TRACKING,12.822,7.865,13.388,8.237,11.708,8.35,0.848,-0.399,0.937,16.35,22.36,0.994,4.573,-1.317,1,TRUE,TRUE,662.1,350.3,662.5,350.7,673.9,359.4,FALSE,63,0.56
2.144,134,TRACKING,12.886,7.822,12.969,8.048,11.783,8.329,1.327,-0.282,1.357,23.68,32.47,0.978,4.674,-1.314,1,TRUE,TRUE,673.5,352.9,673.3,352.7,673.8,358.7,FALSE,63,0.54
2.16,135,TRACKING,12.949,7.777,13.124,8.516,11.858,8.303,1.229,-0.848,1.493,26.06,35.53,0.961,4.704,-1.619,1,TRUE,TRUE,671,339.3,671.2,338.7,673.7,357.5,FALSE,63,0.54
2.176,136,TRACKING,13.011,7.73,13.593,8.072,11.93,8.276,0.799,-0.487,0.936,16.33,22.29,0.947,4.51,-1.695,1,TRUE,TRUE,660.5,347.6,660.7,346.9,673.1,356.6,FALSE,63,1.47
2.192,137,TRACKING,13.073,7.682,13.364,7.911,12.003,8.249,1.081,-0.405,1.154,20.14,27.57,0.939,4.521,-1.709,1,TRUE,TRUE,667.2,349.4,668.7,349.8,672.9,355.9,FALSE,63,1.21
2.208,138,TRACKING,13.134,7.632,13.189,8.009,12.076,8.219,1.314,-0.59,1.441,25.15,34.4,0.94,4.603,-1.839,1,TRUE,TRUE,672.8,345.1,672.6,344.8,672.8,355,FALSE,63,0.6
2.224,139,TRACKING,13.194,7.581,13.633,8.211,12.148,8.186,0.912,-0.892,1.276,22.27,30.26,0.951,4.478,-2.098,1,TRUE,TRUE,663.2,338.1,663.4,337.6,672.4,353.8,FALSE,63,0.54
2.24,140,TRACKING,13.254,7.528,13.723,7.602,12.218,8.153,0.863,-0.361,0.935,16.33,22.34,0.97,4.361,-2.035,1,TRUE,TRUE,662.1,350.8,662.5,351,671.9,353.3,FALSE,63,0.55
2.256,141,TRACKING,13.312,7.474,13.415,7.752,12.289,8.119,1.226,-0.599,1.365,23.82,32.56,0.995,4.439,-2.13,1,TRUE,TRUE,671,345.4,671.1,344.8,671.8,352.5,FALSE,63,1.26
2.272,142,TRACKING,13.371,7.418,13.613,7.893,12.36,8.082,1.077,-0.839,1.365,23.83,32.45,1,4.423,-2.327,1,TRUE,TRUE,667.6,339.8,667.5,339.3,671.6,351.5,FALSE,63,1.6
2.288,143,TRACKING,13.428,7.36,13.939,7.706,12.428,8.043,0.788,-0.746,1.085,18.94,25.73,1,4.285,-2.427,1,TRUE,TRUE,660.8,342,661.4,342.4,671.1,350.6,FALSE,63,0.55
2.304,144,TRACKING,13.485,7.301,13.754,7.288,12.496,8.005,1.019,-0.408,1.098,19.16,26.22,1,4.268,-2.359,1,TRUE,TRUE,666.4,349.9,666,350.2,670.9,350.1,FALSE,63,0.55
2.32,145,TRACKING,13.541,7.241,13.67,7.656,12.566,7.964,1.154,-0.878,1.45,25.32,34.48,1,4.333,-2.566,1,TRUE,TRUE,669.7,338.6,670.1,338.1,670.7,349.1,FALSE,63,0.5
2.336,146,TRACKING,13.597,7.179,14,7.575,12.634,7.92,0.865,-0.899,1.247,21.77,29.56,1,4.251,-2.737,1,TRUE,TRUE,662.8,337.9,663.7,338,670.4,348.2,FALSE,63,2.37
2.352,147,TRACKING,13.651,7.115,14.078,7.17,12.7,7.877,0.824,-0.584,1.01,17.62,24.02,1,4.144,-2.731,1,TRUE,TRUE,661.7,345,661.6,345.3,670,347.6,FALSE,63,1.74
2.368,148,TRACKING,13.705,7.05,13.873,7.163,12.767,7.832,1.074,-0.672,1.267,22.12,30.18,1,4.165,-2.788,1,TRUE,TRUE,667.5,342.8,667,342.9,669.8,346.9,FALSE,63,0.52
2.384,149,TRACKING,13.759,6.984,13.991,7.434,12.833,7.784,0.998,-1.052,1.45,25.31,34.36,1,4.143,-3.019,1,TRUE,TRUE,665.5,333.8,665.3,334.2,669.5,345.9,FALSE,63,0.53
2.4,150,TRACKING,13.811,6.916,14.263,7.083,12.897,7.734,0.758,-0.802,1.104,19.27,26.15,0.994,4,-3.109,1,TRUE,TRUE,659.6,339.7,659,339,669,345.1,FALSE,63,0.52
2.416,151,TRACKING,13.863,6.846,14.177,6.772,12.96,7.684,0.883,-0.586,1.059,18.49,25.22,0.979,3.967,-3.099,1,TRUE,TRUE,662.4,344.9,663.1,343.6,668.7,344.5,FALSE,63,1.3
2.432,152,TRACKING,13.914,6.776,14.048,7.091,13.024,7.632,1.055,-1.015,1.464,25.55,34.72,0.97,4,-3.294,1,TRUE,TRUE,666.4,335,666.4,334,668.5,343.6,FALSE,63,1.67
2.448,153,TRACKING,13.965,6.703,14.299,6.981,13.087,7.577,0.839,-1.012,1.315,22.95,31.11,0.968,3.932,-3.427,1,TRUE,TRUE,661.2,335.2,661.8,335.4,668.1,342.8,FALSE,63,0.56
2.464,154,TRACKING,14.014,6.63,14.462,6.592,13.148,7.522,0.704,-0.721,1.008,17.59,23.88,0.972,3.795,-3.399,1,TRUE,TRUE,657.9,342.2,657.6,342.5,667.6,342.2,FALSE,63,0.52
2.48,155,TRACKING,14.063,6.555,14.245,6.56,13.209,7.468,0.96,-0.789,1.242,21.68,29.51,0.978,3.812,-3.417,1,TRUE,TRUE,664.1,340.6,664.1,341.2,667.3,341.6,FALSE,63,0.56
2.496,156,TRACKING,14.111,6.478,14.268,6.893,13.27,7.409,0.975,-1.24,1.578,27.54,37.31,0.984,3.826,-3.668,1,TRUE,TRUE,664.7,329.9,664.5,329.6,667.1,340.6,FALSE,63,1.34
2.512,157,TRACKING,14.159,6.401,14.614,6.387,13.329,7.35,0.655,-0.836,1.062,18.54,25.12,0.988,3.677,-3.662,1,TRUE,TRUE,657.1,339.2,656.4,340.1,666.6,340.1,FALSE,63,1.36
2.528,158,TRACKING,14.206,6.322,14.548,6.262,13.387,7.291,0.75,-0.815,1.108,19.33,26.24,0.988,3.604,-3.693,1,TRUE,TRUE,659.5,339.4,658.8,338.9,666.2,339.5,FALSE,63,0.57
2.544,159,TRACKING,14.252,6.241,14.306,6.398,13.446,7.23,1.032,-1.065,1.483,25.88,35.14,0.984,3.682,-3.827,1,TRUE,TRUE,666.4,333.3,666,333.8,666,338.7,FALSE,63,0.57
2.56,160,TRACKING,14.297,6.16,14.611,6.456,13.504,7.166,0.759,-1.243,1.456,25.41,34.35,0.979,3.633,-4.035,1,TRUE,TRUE,660,328.9,660.6,328.8,665.7,337.8,FALSE,63,0.53
2.576,161,TRACKING,14.342,6.077,14.841,5.829,13.56,7.103,0.551,-0.714,0.902,15.74,21.31,0.974,3.486,-3.916,1,TRUE,TRUE,655,341.4,655.1,343.6,665.2,337.5,FALSE,63,1.22
2.592,162,TRACKING,14.386,5.993,14.502,6.084,13.616,7.038,0.925,-1.085,1.425,24.88,33.73,0.972,3.533,-4.062,1,TRUE,TRUE,663.9,332.7,663.7,332,665,336.7,FALSE,63,2.54
2.608,163,TRACKING,14.429,5.908,14.536,6.103,13.673,6.97,0.926,-1.225,1.535,26.8,36.29,0.976,3.565,-4.234,1,TRUE,TRUE,663.8,329.5,663.8,329.3,664.8,335.9,FALSE,63,0.55
2.624,164,TRACKING,14.471,5.821,14.995,5.861,13.727,6.901,0.486,-1.097,1.2,20.94,28.24,0.987,3.392,-4.295,1,TRUE,TRUE,653.1,332.7,653.6,333.4,664.2,335.2,FALSE,63,0.59
2.64,165,TRACKING,14.513,5.733,14.82,5.457,13.781,6.834,0.685,-0.799,1.053,18.37,24.91,1,3.326,-4.238,1,TRUE,TRUE,657.7,340,657.3,339.3,663.8,334.8,FALSE,63,0.5
2.656,166,TRACKING,14.553,5.644,14.526,5.905,13.836,6.762,1.016,-1.374,1.709,29.82,40.38,1,3.433,-4.459,1,TRUE,TRUE,665.5,326.5,665.9,326.1,663.7,333.9,FALSE,63,1.22
2.672,167,TRACKING,14.593,5.554,14.969,5.604,13.889,6.69,0.594,-1.192,1.331,23.24,31.36,1,3.311,-4.545,1,TRUE,TRUE,655.2,330.8,655.4,330.8,663.2,333.2,FALSE,63,1.54
2.688,168,TRACKING,14.633,5.463,15.137,5.292,13.939,6.617,0.44,-0.991,1.085,18.93,25.53,1,3.128,-4.531,1,TRUE,TRUE,651.3,335.4,650.8,335.4,662.6,332.7,FALSE,63,0.53
2.704,169,TRACKING,14.671,5.37,14.675,5.269,13.99,6.544,0.934,-1.084,1.431,24.97,33.86,1,3.218,-4.568,1,TRUE,TRUE,663.2,333,663.3,333.4,662.5,332.2,FALSE,63,0.5
2.72,170,TRACKING,14.709,5.277,14.841,5.55,14.041,6.467,0.794,-1.498,1.696,29.6,39.96,1,3.202,-4.818,1,TRUE,TRUE,659.9,323,659.1,322.3,662.2,331.3,FALSE,63,0.51
2.736,171,TRACKING,14.746,5.182,15.303,4.987,14.087,6.389,0.33,-1.059,1.109,19.36,26.07,1,2.861,-4.901,1,TRUE,TRUE,648.7,333,641.9,328.3,661.3,330.6,FALSE,63,1.26
2.752,172,TRACKING,14.782,5.086,14.97,4.885,14.135,6.311,0.696,-1.067,1.274,22.24,30.07,1,3.005,-4.815,1,TRUE,TRUE,657.7,332.8,663.7,336.6,661.2,330.2,FALSE,63,1.27
2.768,173,TRACKING,14.818,4.989,14.757,5.086,14.185,6.232,0.94,-1.397,1.684,29.39,39.77,1,3.11,-4.972,1,TRUE,TRUE,663.8,325,663.8,325.5,661.1,329.5,FALSE,63,0.52
2.784,174,TRACKING,14.853,4.892,15.303,4.958,14.232,6.15,0.406,-1.398,1.455,25.4,34.19,0.983,2.935,-5.099,1,TRUE,TRUE,651,325,650.5,325.5,660.5,328.8,FALSE,63,0.55
2.8,175,TRACKING,14.887,4.793,15.302,4.464,14.277,6.07,0.417,-1.017,1.099,19.19,25.86,0.959,2.802,-5.03,1,TRUE,TRUE,651.4,334.1,650.8,334.6,660,328.4,FALSE,63,0.55
2.816,176,TRACKING,14.92,4.693,14.834,4.616,14.323,5.986,0.914,-1.302,1.591,27.77,37.58,0.943,2.909,-5.22,1,TRUE,TRUE,663.4,327.6,662.2,322.4,659.8,327.6,FALSE,63,1.05
2.832,177,TRACKING,14.952,4.592,15.164,4.733,14.369,5.9,0.604,-1.554,1.667,29.1,39.22,0.936,2.886,-5.383,1,TRUE,TRUE,656,321.8,656.9,321.9,659.5,326.9,FALSE,63,1.17
2.848,178,TRACKING,14.984,4.49,15.525,4.251,14.412,5.814,0.248,-1.193,1.219,21.27,28.61,0.939,2.689,-5.359,1,TRUE,TRUE,647.3,330.4,647.5,330.1,658.9,326.4,FALSE,63,0.55
2.864,179,TRACKING,15.015,4.388,15.085,4.115,14.456,5.729,0.709,-1.178,1.375,24,32.43,0.95,2.73,-5.347,1,TRUE,TRUE,658.3,330.8,658,330.2,658.7,326,FALSE,63,0.53
2.88,180,TRACKING,15.045,4.284,15.04,4.332,14.501,5.641,0.778,-1.529,1.716,29.95,40.42,0.967,2.803,-5.5,1,TRUE,TRUE,659.8,322.4,660.6,322.1,658.5,325.3,FALSE,63,0.53
2.896,181,TRACKING,15.074,4.18,15.558,4.173,14.543,5.551,0.264,-1.503,1.526,26.64,35.83,0.985,2.607,-5.616,1,TRUE,TRUE,647.3,322.7,647.3,322.6,657.9,324.6,FALSE,63,1.28
2.912,182,TRACKING,15.103,4.074,15.399,3.639,14.583,5.462,0.433,-1.089,1.172,20.46,27.57,1,2.529,-5.553,1,TRUE,TRUE,651.1,332.3,651.3,330.8,657.5,324.2,FALSE,63,2.74
2.928,183,TRACKING,15.13,3.968,15.052,3.906,14.625,5.371,0.803,-1.49,1.693,29.54,39.89,1,2.636,-5.679,1,TRUE,TRUE,659.9,322.6,660.6,322.2,657.4,323.6,FALSE,63,0.55
2.944,184,TRACKING,15.157,3.861,15.44,3.866,14.666,5.278,0.422,-1.586,1.642,28.65,38.56,1,2.52,-5.82,1,TRUE,TRUE,650.7,320.2,650.3,320.2,656.9,322.9,FALSE,63,0.53
2.96,185,TRACKING,15.183,3.753,15.629,3.517,14.703,5.185,0.235,-1.365,1.385,24.18,32.51,1,2.357,-5.83,1,TRUE,TRUE,646.1,325.4,646.5,325.7,656.3,322.4,FALSE,63,0.49
2.976,186,TRACKING,15.209,3.645,15.227,3.232,14.742,5.093,0.652,-1.202,1.367,23.86,32.22,1,2.403,-5.76,1,TRUE,TRUE,656.2,329.4,655.9,330.1,656.1,322.1,FALSE,63,1.38
2.992,187,TRACKING,15.233,3.535,15.303,3.652,14.781,4.997,0.59,-1.763,1.859,32.44,43.7,1,2.419,-5.959,1,TRUE,TRUE,654.8,316.3,655.2,317.3,655.8,321.4,FALSE,63,1.39
3.008,188,TRACKING,15.257,3.425,15.688,3.215,14.817,4.901,0.205,-1.457,1.472,25.69,34.53,1,2.257,-6.008,1,TRUE,TRUE,645.7,323.7,646.1,322.9,655.2,320.9,FALSE,63,0.51
3.024,189,TRACKING,15.28,3.314,15.487,2.961,14.852,4.806,0.412,-1.328,1.391,24.27,32.67,1,2.207,-5.974,1,TRUE,TRUE,650.8,326.9,650.3,327,654.8,320.5,FALSE,63,0.5
3.04,190,TRACKING,15.303,3.203,15.278,2.972,14.888,4.709,0.635,-1.471,1.603,27.97,37.72,1,2.275,-6.033,1,TRUE,TRUE,656.3,323.6,656.3,322.9,654.6,320.1,FALSE,63,0.48
3.056,191,TRACKING,15.324,3.091,15.599,3.187,14.923,4.609,0.318,-1.831,1.858,32.43,43.62,1,2.191,-6.247,1,TRUE,TRUE,648.8,315.1,649.3,314.3,654.2,319.3,FALSE,63,1.32
3.072,192,TRACKING,15.345,2.978,15.695,2.521,14.957,4.511,0.223,-1.288,1.307,22.82,30.68,1,2.083,-6.15,1,TRUE,TRUE,646.5,327.8,647.2,328.3,653.7,319.1,FALSE,63,1.41
3.088,193,TRACKING,15.364,2.864,15.412,2.582,14.991,4.412,0.515,-1.48,1.568,27.36,36.85,1,2.12,-6.191,1,TRUE,TRUE,653.6,323,653.8,322.6,653.5,318.6,FALSE,63,0.51
3.104,194,TRACKING,15.383,2.75,15.48,2.673,15.024,4.311,0.453,-1.711,1.77,30.89,41.57,1,2.096,-6.319,1,TRUE,TRUE,652,317.4,651.3,317.8,653.2,318.1,FALSE,63,0.53
3.12,195,TRACKING,15.402,2.636,15.749,2.512,15.056,4.208,0.181,-1.688,1.697,29.63,39.83,1,1.969,-6.414,1,TRUE,TRUE,645.3,317.7,645.7,318.2,652.7,317.5,FALSE,63,0.48
3.136,196,TRACKING,15.419,2.521,15.625,1.968,15.086,4.107,0.305,-1.268,1.304,22.76,30.62,1,1.909,-6.327,1,TRUE,TRUE,648.1,327.5,648,326.9,652.3,317.3,FALSE,63,1.34
3.152,197,TRACKING,15.436,2.405,15.446,2.288,15.116,4.002,0.485,-1.736,1.802,31.45,42.33,1,1.856,-6.552,1,TRUE,TRUE,652.2,316.4,647.8,311.8,651.8,316.5,FALSE,63,1.25
3.168,198,TRACKING,15.452,2.289,15.651,2.176,15.145,3.895,0.278,-1.765,1.787,31.18,41.93,0.979,1.8,-6.665,1,TRUE,TRUE,647.1,315.8,647.3,315.2,651.4,315.9,FALSE,63,0.52
3.184,199,TRACKING,15.467,2.172,15.778,1.766,15.172,3.789,0.142,-1.486,1.492,26.05,35.01,0.956,1.67,-6.623,1,TRUE,TRUE,643.7,322.6,642.9,322.2,650.9,315.6,FALSE,63,0.53
3.2,200,TRACKING,15.481,2.055,15.556,1.613,15.198,3.684,0.365,-1.462,1.507,26.3,35.39,0.939,1.673,-6.589,1,TRUE,TRUE,649,323.4,648.7,322.7,650.5,315.3,FALSE,63,0.51
3.216,201,TRACKING,15.494,1.938,15.523,1.91,15.225,3.576,0.399,-1.904,1.946,33.96,45.68,0.93,1.696,-6.764,1,TRUE,TRUE,649.8,313.1,650.2,312.4,650.3,314.7,FALSE,63,1.44
3.232,202,TRACKING,15.507,1.82,15.792,1.518,15.25,3.467,0.121,-1.646,1.65,28.8,38.71,0.931,1.566,-6.767,1,TRUE,TRUE,643.2,319.3,642.6,319.5,649.7,314.3,FALSE,63,2.45
3.248,203,TRACKING,15.519,1.702,15.75,1.169,15.275,3.361,0.157,-1.421,1.43,24.95,33.54,0.942,1.503,-6.666,1,TRUE,TRUE,644.1,324.6,644.8,325.2,649.3,314.2,FALSE,63,0.61
3.264,204,TRACKING,15.53,1.583,15.491,1.383,15.299,3.253,0.416,-1.772,1.82,31.77,42.74,0.962,1.548,-6.751,1,TRUE,TRUE,650.5,316.2,650.1,316.9,649,313.7,FALSE,63,0.52
3.28,205,TRACKING,15.54,1.464,15.67,1.334,15.323,3.143,0.233,-1.865,1.88,32.81,44.11,0.987,1.512,-6.889,1,TRUE,TRUE,646.3,313.7,646.6,313.2,648.7,313.2,FALSE,63,0.51
3.296,206,TRACKING,15.55,1.345,15.898,0.856,15.345,3.033,-0.008,-1.516,1.516,26.46,35.56,1,1.373,-6.834,1,TRUE,TRUE,640.6,321.7,640.9,321.9,648.1,313,FALSE,63,1.32
3.312,207,TRACKING,15.558,1.225,15.614,0.77,15.368,2.924,0.273,-1.56,1.584,27.64,37.17,1,1.401,-6.826,1,TRUE,TRUE,647.4,320.5,648.4,320.2,647.9,312.7,FALSE,63,1.37
3.328,208,TRACKING,15.566,1.106,15.516,1.056,15.391,2.812,0.37,-1.992,2.026,35.36,47.56,1,1.439,-7.011,1,TRUE,TRUE,649.8,310.2,649.5,310.4,647.7,312.1,FALSE,63,0.48
3.344,209,TRACKING,15.573,0.986,15.896,0.588,15.412,2.7,-0.026,-1.656,1.656,28.91,38.85,1,1.291,-7,1,TRUE,TRUE,640.3,318.1,640.2,318.5,647.1,311.8,FALSE,63,0.49
3.36,210,TRACKING,15.579,0.865,15.825,0.343,15.431,2.589,0.031,-1.54,1.54,26.89,36.13,1,1.193,-6.952,1,TRUE,TRUE,641.5,321,641.3,320.8,646.6,311.6,FALSE,63,0.49
3.376,211,TRACKING,15.585,0.745,15.457,0.457,15.451,2.476,0.398,-1.789,1.833,32,43.04,1,1.278,-7.018,1,TRUE,TRUE,650.2,315.3,650.1,315.6,646.5,311.3,FALSE,63,1.26
3.392,212,TRACKING,15.589,0.624,15.735,0.517,15.47,2.362,0.107,-1.991,1.994,34.8,46.78,1,1.192,-7.148,1,TRUE,TRUE,643,310.8,642.3,311.5,646.1,310.8,FALSE,63,1.32
3.408,213,TRACKING,15.593,0.504,15.991,-0.138,15.486,2.249,-0.171,-1.46,1.47,25.66,34.49,1,1.018,-7.032,1,TRUE,TRUE,636.1,323.4,636.7,323,645.4,310.7,FALSE,63,0.52
3.424,214,TRACKING,15.596,0.383,15.559,0.021,15.503,2.137,0.253,-1.751,1.769,30.88,41.51,1,1.061,-7.056,1,TRUE,TRUE,646.2,316.7,646.4,317.2,645.2,310.4,FALSE,63,0.5
3.44,215,TRACKING,15.598,0.262,15.521,0.056,15.521,2.022,0.285,-1.924,1.945,33.95,45.66,0.996,1.101,-7.164,1,TRUE,TRUE,646.9,312.5,647.1,312.6,645,310,FALSE,63,0.49
3.456,216,TRACKING,15.599,0.141,15.996,-0.185,15.535,1.907,-0.216,-1.818,1.831,31.95,42.96,0.993,0.898,-7.205,1,TRUE,TRUE,634.7,314.9,634.9,314.9,644.3,309.7,FALSE,63,1.27
3.472,217,TRACKING,15.6,0.02,15.78,-0.686,15.55,1.791,-0.015,-1.451,1.451,25.32,34.03,0.994,0.884,-7.237,1,TRUE,TRUE,639.6,323.3,642.6,315,644,309.4,FALSE,63,1.43
3.488,218,TRACKING,15.6,-0.101,15.4,-0.271,15.565,1.673,0.36,-2.005,2.037,35.56,47.83,0.997,0.982,-7.349,1,TRUE,TRUE,648.7,310,648.7,310.5,643.8,309,FALSE,63,0.52
3.504,219,TRACKING,15.599,-0.222,15.829,-0.556,15.579,1.555,-0.09,-1.855,1.858,32.42,43.58,0.999,0.859,-7.387,1,TRUE,TRUE,638,313.4,638.4,313.1,643.4,308.6,FALSE,63,0.5
3.52,220,TRACKING,15.597,-0.343,15.977,-0.895,15.59,1.438,-0.267,-1.642,1.664,29.04,39.05,0.998,0.672,-7.314,1,TRUE,TRUE,633.9,318.3,633.6,318.7,642.7,308.5,FALSE,63,0.48
3.536,221,TRACKING,15.594,-0.464,15.448,-1.015,15.602,1.322,0.252,-1.646,1.665,29.06,39.08,0.992,0.752,-7.245,1,TRUE,TRUE,646.5,318.3,645.9,319.5,642.5,308.4,FALSE,63,1.15
3.552,222,TRACKING,15.591,-0.584,15.568,-0.691,15.613,1.203,0.114,-2.113,2.116,36.93,49.64,0.983,0.72,-7.433,1,TRUE,TRUE,643.3,307.4,641.1,306.9,642.2,307.9,FALSE,63,2.95
3.568,223,TRACKING,15.586,-0.705,16.019,-1.266,15.622,1.085,-0.369,-1.662,1.702,29.71,39.97,0.971,0.517,-7.358,1,TRUE,TRUE,631.8,318.2,631.8,318.5,641.5,307.8,FALSE,63,0.61
3.584,224,TRACKING,15.581,-0.825,15.63,-1.416,15.624,0.969,0,-1.635,1.635,28.54,38.35,0.959,0.15,-7.287,1,TRUE,TRUE,640.5,319.1,640.3,319.2,641.2,307.8,FALSE,63,0.55
3.6,225,TRACKING,15.575,-0.946,15.367,-1.278,15.63,0.851,0.253,-1.905,1.921,33.53,45.09,0.951,0.39,-7.359,1,TRUE,TRUE,646.6,312.9,646.8,312.7,641.1,307.5,FALSE,63,0.52
3.616,226,TRACKING,15.568,-1.066,15.864,-1.326,15.639,0.732,-0.276,-1.99,2.009,35.07,47.15,0.95,0.542,-7.446,1,TRUE,TRUE,633.9,310.9,632.4,311,640.5,307.2,FALSE,63,1.25
3.632,227,TRACKING,15.561,-1.186,15.828,-1.915,15.649,0.613,-0.28,-1.528,1.553,27.11,36.45,0.957,0.64,-7.424,1,TRUE,TRUE,633.7,321.8,627.2,315.7,639.7,307.1,FALSE,63,1.35
3.648,228,TRACKING,15.553,-1.305,15.343,-1.775,15.661,0.494,0.192,-1.794,1.804,31.49,42.34,0.973,0.727,-7.425,1,TRUE,TRUE,644.8,315.4,645.4,314.8,639.6,306.9,FALSE,63,0.52
3.664,229,TRACKING,15.543,-1.425,15.603,-1.674,15.664,0.374,-0.093,-2.028,2.03,35.43,47.62,0.994,0.222,-7.515,1,TRUE,TRUE,637.7,309.6,638,310.1,639.2,306.6,FALSE,63,0.52
3.68,230,TRACKING,15.533,-1.544,15.908,-2.097,15.665,0.255,-0.434,-1.726,1.779,31.06,41.79,1,0.067,-7.453,1,TRUE,TRUE,629.3,316.5,629.8,317,638.6,306.5,FALSE,63,0.5
3.696,231,TRACKING,15.523,-1.662,15.566,-2.393,15.684,0.13,-0.034,-1.583,1.583,27.63,37.13,1,1.187,-7.808,1,TRUE,TRUE,639.2,319.6,692.9,296,640.2,305.7,FALSE,63,1.16
3.712,232,TRACKING,15.511,-1.781,15.479,-2.146,15.702,0.005,0.03,-1.958,1.958,34.17,45.93,1,1.121,-7.787,1,TRUE,TRUE,640.7,310.7,640.5,311.4,639.9,305.5,FALSE,63,1.33
3.728,233,TRACKING,15.499,-1.899,15.92,-2.307,15.719,-0.119,-0.451,-1.924,1.976,34.49,46.4,1,1.063,-7.77,1,TRUE,TRUE,629.2,311.6,629.7,311.7,639.3,305.3,FALSE,63,0.48
3.744,234,TRACKING,15.486,-2.016,15.764,-2.836,15.723,-0.24,-0.33,-1.506,1.542,26.91,36.2,1,0.258,-7.578,1,TRUE,TRUE,631.9,321.6,632.1,321.3,638.7,305.4,FALSE,63,0.48
3.76,235,TRACKING,15.472,-2.134,15.408,-2.661,15.728,-0.361,0.001,-1.802,1.802,31.45,42.26,1,0.295,-7.563,1,TRUE,TRUE,640,314.9,640,314.5,638.5,305.4,FALSE,63,0.5
3.776,236,TRACKING,15.457,-2.25,15.686,-2.622,15.731,-0.483,-0.312,-1.965,1.989,34.72,46.69,1,0.184,-7.605,1,TRUE,TRUE,632.7,311.3,632.9,311.6,638,305.2,FALSE,63,1.16
3.792,237,TRACKING,15.441,-2.367,15.836,-2.991,15.731,-0.604,-0.508,-1.713,1.787,31.18,41.98,1,-0.027,-7.556,1,TRUE,TRUE,628,317.3,626.3,315.9,637.3,305.2,FALSE,63,1.29
3.808,238,TRACKING,15.425,-2.482,15.472,-3.308,15.731,-0.722,-0.173,-1.502,1.512,26.39,35.47,0.992,0.002,-7.399,1,TRUE,TRUE,636.2,322.4,636.9,322.1,637,305.4,FALSE,63,0.5
3.824,239,TRACKING,15.408,-2.598,15.453,-2.911,15.731,-0.842,-0.184,-2.024,2.032,35.47,47.68,0.972,0.017,-7.501,1,TRUE,TRUE,636,310.1,636.9,310.3,636.7,305.2,FALSE,63,0.48
3.84,240,TRACKING,15.39,-2.712,15.743,-3.274,15.729,-0.962,-0.518,-1.776,1.85,32.29,43.48,0.958,-0.156,-7.485,1,TRUE,TRUE,627.9,315.7,627.3,315.1,636,305.2,FALSE,63,0.52
3.856,241,TRACKING,15.371,-2.827,15.588,-3.576,15.724,-1.08,-0.406,-1.581,1.632,28.49,38.34,0.953,-0.257,-7.371,1,TRUE,TRUE,630.5,320.1,629.3,320.3,635.5,305.3,FALSE,63,1.81
3.872,242,TRACKING,15.351,-2.94,15.336,-3.592,15.721,-1.197,-0.186,-1.675,1.685,29.41,39.53,0.956,-0.233,-7.326,1,TRUE,TRUE,635.7,317.8,635.2,318,635.2,305.4,FALSE,63,1.23
3.888,243,TRACKING,15.331,-3.053,15.515,-3.327,15.716,-1.316,-0.406,-2.062,2.101,36.68,49.34,0.964,-0.309,-7.457,1,TRUE,TRUE,630.2,308.5,630.5,309,634.7,305.2,FALSE,63,0.54
3.904,244,TRACKING,15.31,-3.166,15.622,-3.975,15.708,-1.434,-0.56,-1.517,1.617,28.22,38.02,0.974,-0.46,-7.324,1,TRUE,TRUE,626.3,321.3,625.9,321.1,634.1,305.4,FALSE,63,0.54
3.92,245,TRACKING,15.288,-3.277,15.359,-3.961,15.701,-1.55,-0.337,-1.637,1.671,29.16,39.23,0.985,-0.476,-7.263,1,TRUE,TRUE,631.5,318.5,631.6,318.8,633.6,305.6,FALSE,63,0.49
3.936,246,TRACKING,15.265,-3.388,15.282,-3.859,15.693,-1.666,-0.298,-1.848,1.872,32.68,43.94,0.992,-0.495,-7.272,1,TRUE,TRUE,632.3,313.7,631.7,315.6,633.3,305.6,FALSE,63,1.08
3.952,247,TRACKING,15.241,-3.499,15.495,-3.942,15.683,-1.783,-0.56,-1.877,1.959,34.19,46.04,0.995,-0.632,-7.321,1,TRUE,TRUE,625.9,313.2,625.4,313.2,632.7,305.5,FALSE,63,1.29
3.968,248,TRACKING,15.217,-3.608,15.431,-4.531,15.671,-1.897,-0.544,-1.381,1.485,25.91,34.92,0.995,-0.733,-7.116,1,TRUE,TRUE,626.3,325.2,626,325.7,632.1,306,FALSE,63,0.51
3.984,249,TRACKING,15.192,-3.717,15.159,-4.199,15.66,-2.012,-0.312,-1.822,1.848,32.26,43.38,0.992,-0.71,-7.171,1,TRUE,TRUE,631.9,314.9,631.8,314.3,631.7,305.9,FALSE,63,0.5
4,250,TRACKING,15.166,-3.825,15.247,-4.272,15.648,-2.127,-0.443,-1.857,1.91,33.33,44.84,0.99,-0.745,-7.216,1,TRUE,TRUE,628.9,314.1,629.4,313.9,631.3,305.9,FALSE,63,0.48
4.016,251,TRACKING,15.139,-3.933,15.43,-4.622,15.634,-2.241,-0.678,-1.606,1.744,30.43,41.03,0.99,-0.887,-7.132,1,TRUE,TRUE,623.4,320,623.6,319.9,630.7,306.1,FALSE,63,1.17
4.032,252,TRACKING,15.112,-4.039,15.182,-4.851,15.619,-2.353,-0.474,-1.469,1.543,26.94,36.27,0.994,-0.898,-6.988,1,TRUE,TRUE,628.4,323.1,629.2,323.8,630.3,306.5,FALSE,63,1.31
4.048,253,TRACKING,15.084,-4.145,15.002,-4.478,15.605,-2.467,-0.334,-1.951,1.98,34.55,46.47,1,-0.861,-7.104,1,TRUE,TRUE,631.9,311.5,632,311.6,630.1,306.4,FALSE,63,0.48
4.064,254,TRACKING,15.055,-4.249,15.274,-4.845,15.59,-2.58,-0.657,-1.683,1.806,31.53,42.49,1,-0.984,-7.065,1,TRUE,TRUE,624.2,317.6,624.2,318,629.5,306.5,FALSE,63,0.49
4.08,255,TRACKING,15.025,-4.353,15.261,-5.175,15.572,-2.691,-0.698,-1.444,1.603,27.98,37.76,1,-1.102,-6.944,1,TRUE,TRUE,623.3,323.2,623.3,322.6,628.9,306.9,FALSE,63,0.48
4.096,256,TRACKING,14.994,-4.456,14.877,-5.019,15.556,-2.802,-0.353,-1.697,1.734,30.26,40.7,1,-1.032,-6.949,1,TRUE,TRUE,631.5,317.2,632.2,317.1,628.7,307,FALSE,63,1.29
4.112,257,TRACKING,14.963,-4.558,14.992,-4.948,15.539,-2.915,-0.514,-1.874,1.944,33.92,45.66,1,-1.046,-7.052,1,TRUE,TRUE,627.6,313,628.9,311.6,628.4,306.9,FALSE,63,1.38
4.128,258,TRACKING,14.931,-4.66,15.265,-5.446,15.519,-3.026,-0.847,-1.464,1.691,29.52,39.88,1,-1.249,-6.923,1,TRUE,TRUE,619.4,322.9,618.9,322.2,627.7,307.2,FALSE,63,0.53
4.144,259,TRACKING,14.898,-4.76,14.902,-5.52,15.498,-3.135,-0.534,-1.477,1.57,27.41,36.92,1,-1.276,-6.819,1,TRUE,TRUE,626.7,322.8,626.1,322.3,627.3,307.5,FALSE,63,0.49
4.16,260,TRACKING,14.864,-4.859,14.694,-5.23,15.479,-3.245,-0.37,-1.867,1.903,33.21,44.67,1,-1.217,-6.901,1,TRUE,TRUE,630.5,313.9,630.7,313.5,627.1,307.5,FALSE,63,0.51
4.176,261,TRACKING,14.83,-4.957,15.094,-5.581,15.457,-3.355,-0.828,-1.603,1.804,31.49,42.51,1,-1.368,-6.825,1,TRUE,TRUE,619.4,320.2,620.5,320.5,626.5,307.8,FALSE,63,1.13
4.192,262,TRACKING,14.794,-5.054,14.998,-5.878,15.433,-3.461,-0.793,-1.383,1.594,27.82,37.59,0.984,-1.511,-6.646,1,TRUE,TRUE,620,325.5,619.3,326.5,625.9,308.2,FALSE,63,2.04
4.208,263,TRACKING,14.758,-5.15,14.518,-5.723,15.41,-3.567,-0.357,-1.625,1.664,29.04,39.07,0.959,-1.415,-6.63,1,TRUE,TRUE,630.5,319.7,630.7,319.9,625.7,308.4,FALSE,63,0.53
4.224,264,TRACKING,14.721,-5.245,14.768,-5.611,15.386,-3.674,-0.662,-1.832,1.948,33.99,45.8,0.94,-1.486,-6.718,1,TRUE,TRUE,623.2,314.7,623.3,314.2,625.3,308.5,FALSE,63,0.56
4.24,265,TRACKING,14.684,-5.339,15.026,-6.204,15.359,-3.779,-0.986,-1.312,1.641,28.64,38.78,0.931,-1.688,-6.536,1,TRUE,TRUE,615.4,326.7,615.6,326.9,624.6,308.9,FALSE,63,0.54
4.256,266,TRACKING,14.646,-5.432,14.517,-6.097,15.334,-3.883,-0.524,-1.5,1.589,27.73,37.35,0.932,-1.602,-6.49,1,TRUE,TRUE,626.7,322.1,628.9,321.7,624.4,309.2,FALSE,63,1.15
4.272,267,TRACKING,14.607,-5.524,14.417,-5.978,15.309,-3.987,-0.472,-1.704,1.768,30.86,41.53,0.942,-1.554,-6.523,1,TRUE,TRUE,628.1,317.2,628.3,317.8,624.2,309.4,FALSE,63,1.3
4.288,268,TRACKING,14.567,-5.614,14.885,-6.158,15.281,-4.091,-1.007,-1.606,1.896,33.08,44.73,0.96,-1.761,-6.509,1,TRUE,TRUE,615.4,319.5,615.4,319.5,623.5,309.6,FALSE,63,0.52
4.304,269,TRACKING,14.526,-5.704,14.62,-6.645,15.252,-4.192,-0.801,-1.185,1.43,24.96,33.77,0.982,-1.822,-6.304,1,TRUE,TRUE,620.4,329.5,620.9,329.3,623,310.1,FALSE,63,0.54
4.32,270,TRACKING,14.485,-5.792,14.176,-6.217,15.224,-4.294,-0.403,-1.695,1.742,30.41,40.92,1,-1.696,-6.353,1,TRUE,TRUE,630.1,317.7,630.6,318.1,623,310.3,FALSE,63,0.48
4.336,271,TRACKING,14.443,-5.879,14.569,-6.402,15.195,-4.395,-0.858,-1.587,1.804,31.49,42.52,1,-1.816,-6.345,1,TRUE,TRUE,619.2,320.4,619.2,320.1,622.5,310.5,FALSE,63,1.27
4.352,272,TRACKING,14.4,-5.965,14.687,-6.702,15.164,-4.495,-1.043,-1.355,1.71,29.85,40.44,1,-1.977,-6.225,1,TRUE,TRUE,614.6,326.1,615.7,325.7,621.9,310.9,FALSE,63,1.16
4.368,273,TRACKING,14.356,-6.049,14.115,-6.846,15.133,-4.592,-0.523,-1.275,1.378,24.05,32.42,1,-1.906,-6.078,1,TRUE,TRUE,627,328.2,626.4,328.3,621.7,311.4,FALSE,63,0.48
4.384,274,TRACKING,14.312,-6.132,14.187,-6.427,15.103,-4.691,-0.651,-1.773,1.889,32.96,44.42,1,-1.903,-6.172,1,TRUE,TRUE,623.8,316.5,624,317,621.4,311.5,FALSE,63,0.47
4.4,275,TRACKING,14.267,-6.215,14.588,-6.938,15.069,-4.788,-1.124,-1.324,1.737,30.32,41.11,1,-2.11,-6.04,1,TRUE,TRUE,612.2,327,612.9,327.2,620.7,312,FALSE,63,0.48
4.416,276,TRACKING,14.221,-6.295,14.182,-7.07,15.035,-4.882,-0.78,-1.253,1.476,25.76,34.83,1,-2.136,-5.924,1,TRUE,TRUE,620.3,328.5,620.3,327.7,620.4,312.4,FALSE,63,0.97
4.432,277,TRACKING,14.175,-6.375,13.881,-6.931,15.002,-4.977,-0.534,-1.459,1.554,27.12,36.53,1,-2.072,-5.923,1,TRUE,TRUE,626.1,323.5,625.1,322.6,620.2,312.7,FALSE,63,1.21
4.448,278,TRACKING,14.127,-6.453,14.3,-6.842,14.966,-5.073,-1.022,-1.619,1.915,33.43,45.2,1,-2.225,-5.971,1,TRUE,TRUE,614.3,319.5,614.6,319.6,619.6,312.9,FALSE,63,0.5
4.464,279,TRACKING,14.079,-6.53,14.24,-7.423,14.928,-5.165,-1.034,-1.09,1.503,26.23,35.6,1,-2.353,-5.781,1,TRUE,TRUE,613.9,331.9,614.2,331.1,619.1,313.5,FALSE,63,0.5
4.48,280,TRACKING,14.031,-6.605,13.744,-7.244,14.892,-5.257,-0.594,-1.327,1.454,25.38,34.22,1,-2.268,-5.715,1,TRUE,TRUE,624.5,326.3,624.4,326.6,618.9,313.9,FALSE,63,0.48
4.496,281,TRACKING,13.981,-6.679,13.924,-7.098,14.856,-5.349,-0.835,-1.538,1.75,30.54,41.25,1,-2.271,-5.751,1,TRUE,TRUE,618.9,321.4,621,321.6,618.6,314.1,FALSE,63,1.3
4.512,282,TRACKING,13.931,-6.752,14.166,-7.392,14.816,-5.439,-1.154,-1.299,1.738,30.33,41.15,1,-2.47,-5.658,1,TRUE,TRUE,611.3,327.3,610.7,327.4,618,314.5,FALSE,63,2.34
4.528,283,TRACKING,13.88,-6.823,13.751,-7.688,14.777,-5.527,-0.803,-1.045,1.318,23.01,31.17,1,-2.471,-5.457,1,TRUE,TRUE,619.9,333.5,619,333.9,617.7,315.2,FALSE,63,0.53
4.544,284,TRACKING,13.828,-6.893,13.595,-7.344,14.738,-5.614,-0.707,-1.446,1.61,28.09,37.91,1,-2.412,-5.463,1,TRUE,TRUE,622.4,324.3,622.6,325,617.5,315.5,FALSE,63,0.55
4.56,285,TRACKING,13.776,-6.961,13.916,-7.432,14.698,-5.701,-1.101,-1.412,1.791,31.25,42.34,1,-2.543,-5.446,1,TRUE,TRUE,613,325.2,613.4,325.7,617,315.8,FALSE,63,0.48
4.576,286,TRACKING,13.723,-7.028,13.777,-7.873,14.655,-5.785,-1.035,-1.009,1.446,25.23,34.28,0.982,-2.646,-5.244,1,TRUE,TRUE,614.6,334.8,613.5,335.1,616.5,316.5,FALSE,63,1.22
4.592,287,TRACKING,13.669,-7.094,13.416,-7.729,14.614,-5.867,-0.736,-1.196,1.404,24.51,33.13,0.963,-2.582,-5.153,1,TRUE,TRUE,621.8,330.3,621.4,331.3,616.3,317,FALSE,63,1.04
4.608,288,TRACKING,13.615,-7.158,13.563,-7.546,14.572,-5.95,-0.953,-1.43,1.719,30,40.58,0.946,-2.632,-5.187,1,TRUE,TRUE,616.5,324.6,616.4,325.3,615.9,317.3,FALSE,63,0.53
4.624,289,TRACKING,13.56,-7.22,13.691,-7.865,14.527,-6.032,-1.158,-1.154,1.634,28.53,38.75,0.936,-2.776,-5.104,1,TRUE,TRUE,611.4,330.9,610.9,330.5,615.4,317.8,FALSE,63,0.53
4.64,290,TRACKING,13.504,-7.281,13.373,-8.141,14.483,-6.111,-0.908,-0.909,1.285,22.43,30.46,0.935,-2.774,-4.918,1,TRUE,TRUE,617.3,336.5,617.2,336.5,615.1,318.5,FALSE,63,0.54
4.656,291,TRACKING,13.447,-7.341,13.248,-7.72,14.44,-6.19,-0.846,-1.377,1.616,28.21,38.13,0.944,-2.702,-4.972,1,TRUE,TRUE,618.6,325.4,621.3,325.6,615,318.8,FALSE,63,1.19
4.672,292,TRACKING,13.39,-7.399,13.45,-7.935,14.395,-6.269,-1.124,-1.203,1.646,28.73,39,0.962,-2.813,-4.93,1,TRUE,TRUE,611.8,329.5,612.6,329.4,614.5,319.2,FALSE,63,1.21
4.688,293,TRACKING,13.332,-7.455,13.361,-8.226,14.348,-6.345,-1.112,-0.941,1.457,25.43,34.6,0.986,-2.924,-4.765,1,TRUE,TRUE,611.9,335.8,611.3,335.9,614.1,319.9,FALSE,63,0.56
4.704,294,TRACKING,13.273,-7.51,13.061,-8.202,14.301,-6.42,-0.881,-0.994,1.329,23.19,31.46,1,-2.908,-4.646,1,TRUE,TRUE,617.4,334.8,617,335.1,613.8,320.5,FALSE,63,0.48
4.72,295,TRACKING,13.214,-7.564,13.102,-7.844,14.254,-6.495,-0.995,-1.394,1.713,29.9,40.48,1,-2.944,-4.719,1,TRUE,TRUE,614.6,325.6,614.7,325.9,613.5,320.7,FALSE,63,0.47
4.736,296,TRACKING,13.154,-7.616,13.24,-8.39,14.205,-6.568,-1.215,-0.871,1.495,26.09,35.56,1,-3.08,-4.53,1,TRUE,TRUE,609.4,338.2,609.1,338.3,613,321.4,FALSE,63,1.15
4.752,297,TRACKING,13.093,-7.666,13.01,-8.388,14.157,-6.641,-1.053,-0.908,1.39,24.26,33.01,1,-3.022,-4.55,1,TRUE,TRUE,613.4,337.4,618,329.1,612.8,321.8,FALSE,63,1.29
4.768,298,TRACKING,13.032,-7.715,12.794,-8.218,14.109,-6.712,-0.907,-1.106,1.43,24.96,33.83,1,-3.006,-4.473,1,TRUE,TRUE,617,332.8,616.8,333.4,612.6,322.3,FALSE,63,0.5
4.784,299,TRACKING,12.97,-7.762,12.974,-8.176,14.059,-6.783,-1.167,-1.178,1.658,28.94,39.31,1,-3.118,-4.46,1,TRUE,TRUE,610.9,331,610.3,330.5,612.1,322.6,FALSE,63,0.5
4.8,300,TRACKING,12.907,-7.807,12.978,-8.737,14.007,-6.85,-1.254,-0.626,1.402,24.46,33.44,1,-3.234,-4.189,1,TRUE,TRUE,609,343.8,608.8,343.8,611.7,323.5,FALSE,63,0.48
4.816,301,TRACKING,12.843,-7.851,12.597,-8.568,13.953,-6.95,-0.957,-0.988,1.376,24.01,32.6,1,-3.351,-6.248,1,TRUE,TRUE,616.1,334.4,607.5,223.6,611.2,320,FALSE,63,1.16
4.832,302,TRACKING,12.779,-7.893,12.585,-8.565,13.9,-7.042,-1.019,-1.011,1.436,25.06,34.04,1,-3.321,-5.744,1,TRUE,TRUE,614.7,333.8,614.3,333.5,610.9,320.5,FALSE,63,1.75
4.848,303,TRACKING,12.715,-7.934,12.827,-8.818,13.845,-7.127,-1.347,-0.768,1.55,27.06,36.95,0.987,-3.438,-5.27,1,TRUE,TRUE,606.8,339.6,607,339,610.4,321.3,FALSE,63,0.48
4.864,304,TRACKING,12.649,-7.973,12.548,-9.075,13.79,-7.203,-1.148,-0.51,1.256,21.92,29.98,0.979,-3.462,-4.792,1,TRUE,TRUE,611.5,345.9,610.8,345.6,610.1,322.2,FALSE,63,0.49
4.88,305,TRACKING,12.583,-8.01,12.24,-8.595,13.736,-7.277,-0.911,-1.005,1.356,23.67,32.12,0.976,-3.378,-4.633,1,TRUE,TRUE,617.1,334.4,616.7,334.7,610,322.7,FALSE,63,0.56
4.896,306,TRACKING,12.516,-8.045,12.524,-8.878,13.68,-7.348,-1.278,-0.727,1.471,25.67,35.06,0.979,-3.476,-4.409,1,TRUE,TRUE,608.1,341.2,608.1,339.8,609.5,323.4,FALSE,63,1.09
4.912,307,TRACKING,12.449,-8.079,12.532,-9.13,13.622,-7.414,-1.377,-0.47,1.455,25.39,34.78,0.983,-3.625,-4.107,1,TRUE,TRUE,605.5,347.6,604.4,346.4,609,324.3,FALSE,63,1.16
4.928,308,TRACKING,12.381,-8.112,12.037,-8.977,13.566,-7.476,-0.954,-0.62,1.138,19.86,27.09,0.987,-3.537,-3.907,1,TRUE,TRUE,615.5,344.3,615.6,344.2,608.9,325.2,FALSE,63,0.47
4.944,309,TRACKING,12.312,-8.142,12.102,-8.729,13.509,-7.538,-1.099,-0.874,1.404,24.51,33.36,0.989,-3.556,-3.857,1,TRUE,TRUE,611.9,338.5,611.2,338.1,608.6,325.8,FALSE,63,0.51
4.96,310,TRACKING,12.243,-8.171,12.411,-9.177,13.449,-7.595,-1.503,-0.412,1.558,27.2,37.28,0.987,-3.746,-3.584,1,TRUE,TRUE,602.1,349.4,601.9,349.8,608,326.7,FALSE,63,0.5
4.976,311,TRACKING,12.173,-8.198,11.985,-9.179,13.389,-7.649,-1.159,-0.395,1.225,21.37,29.27,0.981,-3.751,-3.358,1,TRUE,TRUE,610.4,349.8,609.7,349.9,607.7,327.7,FALSE,63,1.3
4.992,312,TRACKING,12.103,-8.224,11.7,-8.835,13.331,-7.702,-0.946,-0.735,1.198,20.91,28.47,0.973,-3.636,-3.315,1,TRUE,TRUE,615.6,341.6,616.5,342.2,607.7,328.4,FALSE,63,1.14
5.008,313,TRACKING,12.031,-8.248,12.111,-9.006,13.27,-7.753,-1.45,-0.555,1.552,27.09,37.09,0.967,-3.801,-3.203,1,TRUE,TRUE,603.6,345.6,603,345.5,607.2,329.2,FALSE,63,0.54
5.024,314,TRACKING,11.96,-8.27,11.998,-9.305,13.207,-7.801,-1.426,-0.234,1.446,25.23,34.62,0.964,-3.896,-2.959,1,TRUE,TRUE,604.3,353.1,604.8,353.1,606.7,330.2,FALSE,63,0.54
5.04,315,TRACKING,11.887,-8.29,11.444,-9.055,13.147,-7.847,-0.945,-0.471,1.056,18.43,25.2,0.968,-3.767,-2.872,1,TRUE,TRUE,616,347.5,616,346.9,606.7,331,FALSE,63,0.51
5.056,316,TRACKING,11.814,-8.309,11.677,-8.843,13.087,-7.893,-1.26,-0.675,1.43,24.95,34.09,0.978,-3.764,-2.884,1,TRUE,TRUE,608.6,342.7,611.1,341.8,606.5,331.6,FALSE,63,1.07
5.072,317,TRACKING,11.74,-8.326,11.93,-9.302,13.024,-7.935,-1.61,-0.188,1.621,28.29,38.83,0.995,-3.96,-2.619,1,TRUE,TRUE,600.3,354.3,600.5,355.4,606,332.7,FALSE,63,1.33
5.088,318,TRACKING,11.666,-8.341,11.37,-9.196,12.961,-7.974,-1.131,-0.269,1.162,20.29,27.82,1,-3.918,-2.453,1,TRUE,TRUE,611.8,352.7,611,352.6,605.8,333.6,FALSE,63,0.5
5.104,319,TRACKING,11.591,-8.354,11.23,-8.937,12.899,-8.013,-1.068,-0.512,1.184,20.67,28.26,1,-3.84,-2.422,1,TRUE,TRUE,613.3,347.2,613.8,346.7,605.8,334.3,FALSE,63,0.49
5.12,320,TRACKING,11.516,-8.366,11.675,-9.002,12.835,-8.05,-1.611,-0.424,1.666,29.08,39.87,1,-4.032,-2.319,1,TRUE,TRUE,600.2,349.5,600.3,349.9,605.2,335.1,FALSE,63,0.48
5.136,321,TRACKING,11.44,-8.376,11.388,-9.416,12.77,-8.082,-1.412,0.029,1.412,24.65,33.83,1,-4.057,-2.043,1,TRUE,TRUE,604.8,360.3,607,359.5,604.9,336.3,FALSE,63,1.07
5.152,322,TRACKING,11.363,-8.384,10.912,-8.936,12.707,-8.114,-1.013,-0.425,1.098,19.17,26.22,1,-3.951,-1.969,1,TRUE,TRUE,614.2,349.7,614,351.3,604.9,337.1,FALSE,63,1.45
5.168,323,TRACKING,11.286,-8.391,11.256,-8.957,12.642,-8.144,-1.451,-0.377,1.499,26.17,35.88,1,-4.077,-1.903,1,TRUE,TRUE,603.5,350.7,602.9,350.9,604.5,337.9,FALSE,63,0.48
5.184,324,TRACKING,11.208,-8.396,11.342,-9.167,12.574,-8.172,-1.637,-0.131,1.642,28.66,39.35,1,-4.246,-1.722,1,TRUE,TRUE,598.8,356.3,599.1,356.9,604,338.8,FALSE,63,0.55
5.2,325,TRACKING,11.13,-8.399,10.765,-9.27,12.507,-8.196,-1.143,0.013,1.143,19.95,27.39,1,-4.176,-1.516,1,TRUE,TRUE,610.6,359.6,610.2,359.5,603.9,339.9,FALSE,63,0.51
5.216,326,TRACKING,11.051,-8.4,10.775,-8.735,12.438,-8.222,-1.248,-0.504,1.346,23.5,32.16,0.991,-4.278,-1.638,1,TRUE,TRUE,608,347.2,602,343.8,603.5,340.3,FALSE,63,2.52
5.232,327,TRACKING,10.971,-8.4,11.114,-9.117,12.367,-8.246,-1.69,-0.083,1.692,29.54,40.55,0.968,-4.447,-1.476,1,TRUE,TRUE,597.4,357.1,597.2,356.4,602.9,341.2,FALSE,63,1.75
5.248,328,TRACKING,10.891,-8.397,10.721,-9.185,12.296,-8.266,-1.388,0.03,1.388,24.23,33.26,0.95,-4.433,-1.273,1,TRUE,TRUE,604.8,359.8,605.3,359.9,602.7,342.2,FALSE,63,0.57
5.264,329,TRACKING,10.81,-8.393,10.398,-8.988,12.227,-8.285,-1.149,-0.126,1.156,20.18,27.69,0.942,-4.34,-1.154,1,TRUE,TRUE,610.7,356.4,610.1,357.1,602.6,343.1,FALSE,63,0.57
5.28,330,TRACKING,10.729,-8.388,10.726,-8.719,12.156,-8.303,-1.575,-0.362,1.616,28.21,38.68,0.942,-4.448,-1.159,1,TRUE,TRUE,600.6,351,600.6,351.1,602.2,343.7,FALSE,63,0.53
5.296,331,TRACKING,10.647,-8.38,10.674,-9.242,12.085,-8.319,-1.613,0.207,1.627,28.39,38.96,0.951,-4.437,-0.994,1,TRUE,TRUE,599.8,364.6,605.9,359.3,602,344.6,FALSE,63,1.25
5.312,332,TRACKING,10.565,-8.371,10.209,-8.987,12.015,-8.333,-1.23,0.001,1.23,21.47,29.47,0.965,-4.334,-0.835,1,TRUE,TRUE,609.2,360,611.3,360.2,602,345.6,FALSE,63,1.44
5.328,333,TRACKING,10.482,-8.36,10.293,-8.747,11.946,-8.346,-1.406,-0.199,1.42,24.78,34,0.981,-4.363,-0.801,1,TRUE,TRUE,605.1,355.5,605.5,354.7,601.8,346.3,FALSE,63,0.57
5.344,334,TRACKING,10.398,-8.348,10.487,-8.861,11.873,-8.356,-1.702,-0.036,1.702,29.71,40.79,0.995,-4.521,-0.672,1,TRUE,TRUE,597.9,359.3,598.2,359.4,601.3,347.1,FALSE,63,0.54
5.36,335,TRACKING,10.314,-8.333,10.132,-9.15,11.801,-8.363,-1.439,0.315,1.473,25.71,35.25,1,-4.52,-0.405,1,TRUE,TRUE,604.2,367.5,605,367.6,601.2,348.2,FALSE,63,0.49
5.376,336,TRACKING,10.23,-8.317,9.915,-8.685,11.729,-8.369,-1.314,-0.107,1.318,23.01,31.58,1,-4.522,-0.42,1,TRUE,TRUE,607.1,357.4,605,355.1,601,348.9,FALSE,63,1.23
5.392,337,TRACKING,10.145,-8.3,10.129,-8.663,11.654,-8.375,-1.629,-0.08,1.631,28.46,39.07,1,-4.635,-0.368,1,TRUE,TRUE,599.3,357.8,599.1,357.7,600.6,349.6,FALSE,63,1.27
5.408,338,TRACKING,10.059,-8.28,10.038,-8.97,11.579,-8.378,-1.64,0.29,1.665,29.06,39.87,1,-4.726,-0.143,1,TRUE,TRUE,598.9,366.4,599,366.7,600.2,350.6,FALSE,63,0.56
5.424,339,TRACKING,9.973,-8.259,9.684,-8.828,11.504,-8.377,-1.376,0.209,1.392,24.3,33.34,1,-4.68,0.013,1,TRUE,TRUE,605,364.5,605.5,365.1,600.1,351.6,FALSE,63,0.57
5.44,340,TRACKING,9.887,-8.236,9.697,-8.464,11.428,-8.377,-1.487,-0.104,1.491,26.02,35.71,1,-4.719,0.007,1,TRUE,TRUE,602.2,357.2,601.8,357.6,599.8,352.2,FALSE,63,0.55
5.456,341,TRACKING,9.799,-8.211,9.819,-8.69,11.351,-8.375,-1.715,0.184,1.725,30.11,41.32,1,-4.855,0.159,1,TRUE,TRUE,596.6,364.1,596.1,365.2,599.4,353.1,FALSE,63,1.13
5.472,342,TRACKING,9.712,-8.185,9.563,-8.875,11.273,-8.369,-1.557,0.44,1.618,28.25,38.72,1,-4.876,0.377,1,TRUE,TRUE,600.4,370.4,600.8,369.8,599.1,354.1,FALSE,63,1.12
5.488,343,TRACKING,9.624,-8.157,9.322,-8.407,11.195,-8.363,-1.412,0.029,1.412,24.64,33.83,1,-4.853,0.385,1,TRUE,TRUE,604,361,603.3,360.6,598.9,354.8,FALSE,63,0.56
5.504,344,TRACKING,9.535,-8.127,9.447,-8.423,11.116,-8.355,-1.639,0.106,1.643,28.67,39.35,1,-4.923,0.442,1,TRUE,TRUE,598.6,363,598.7,362.5,598.6,355.5,FALSE,63,0.53
5.52,345,TRACKING,9.446,-8.096,9.439,-8.665,11.036,-8.345,-1.735,0.421,1.786,31.17,42.74,1,-5.013,0.644,1,TRUE,TRUE,596.4,370.5,597,370.1,598.2,356.5,FALSE,63,0.54
5.536,346,TRACKING,9.356,-8.063,9.097,-8.538,10.957,-8.329,-1.486,0.384,1.535,26.79,36.73,1,-4.932,1.019,1,TRUE,TRUE,602.6,369.8,605.3,381.1,598.2,357.9,FALSE,63,2.25
5.552,347,TRACKING,9.266,-8.028,9.014,-8.058,10.878,-8.307,-1.5,-0.036,1.5,26.19,35.95,1,-4.934,1.376,1,TRUE,TRUE,602.4,359.9,602.1,360.4,598,358.4,FALSE,63,1.36
5.568,348,TRACKING,9.175,-7.991,9.199,-8.45,10.797,-8.291,-1.793,0.43,1.844,32.18,44.13,1,-5.072,0.973,1,TRUE,TRUE,595.4,370.5,594.8,370,597.6,359.3,FALSE,63,0.54
5.584,349,TRACKING,9.084,-7.953,8.984,-8.415,10.715,-8.28,-1.681,0.472,1.746,30.47,41.77,1,-5.113,0.694,1,TRUE,TRUE,598.2,371.1,598.5,370.6,597.3,360.2,FALSE,63,0.55
5.6,350,TRACKING,8.993,-7.913,8.64,-8.137,10.635,-8.26,-1.43,0.264,1.454,25.38,34.81,0.986,-5.028,1.268,1,TRUE,TRUE,604.2,366.3,605,366.6,597.3,361,FALSE,63,0.54
5.616,351,TRACKING,8.901,-7.872,8.805,-7.945,10.553,-8.24,-1.697,0.139,1.702,29.71,40.78,0.962,-5.081,1.229,1,TRUE,TRUE,597.7,363.3,598.8,363,597,361.5,FALSE,63,1.33
5.632,352,TRACKING,8.808,-7.829,8.871,-8.424,10.47,-8.217,-1.874,0.706,2.003,34.96,47.87,0.942,-5.238,1.484,1,TRUE,TRUE,593.3,376.8,592.6,377.4,596.6,362.6,FALSE,63,1.45
5.648,353,TRACKING,8.715,-7.784,8.415,-7.998,10.386,-8.192,-1.517,0.355,1.558,27.19,37.29,0.93,-5.199,1.524,1,TRUE,TRUE,601.7,368.7,601.4,368.5,596.4,363.3,FALSE,63,0.61
5.664,354,TRACKING,8.622,-7.738,8.326,-7.836,10.304,-8.167,-1.526,0.268,1.55,27.05,37.11,0.929,-5.178,1.543,1,TRUE,TRUE,601.3,366.8,601.2,367.1,596.3,364,FALSE,63,0.56
5.68,355,TRACKING,8.528,-7.69,8.623,-7.936,10.218,-8.141,-1.938,0.448,1.989,34.71,47.6,0.938,-5.346,1.638,1,TRUE,TRUE,591.3,371.3,591.3,370.8,595.8,364.7,FALSE,63,0.57
5.696,356,TRACKING,8.434,-7.641,8.314,-8.158,10.132,-8.111,-1.736,0.763,1.896,33.1,45.29,0.956,-5.407,1.88,1,TRUE,TRUE,596,379,595.2,379,595.5,365.8,FALSE,63,1.29
5.712,357,TRACKING,8.339,-7.59,7.685,-7.705,10.011,-8.107,-1.385,0.256,1.409,24.58,33.73,0.979,-7.552,0.245,1,TRUE,TRUE,603.5,366.5,481.5,282.1,591.1,363.3,FALSE,63,1.26
5.728,358,TRACKING,8.244,-7.537,7.957,-7.871,9.897,-8.096,-1.764,0.51,1.836,32.04,43.92,1,-7.138,0.72,1,TRUE,TRUE,594.6,372.6,594,373.2,590.9,364.1,FALSE,63,0.5
5.744,359,TRACKING,8.149,-7.483,7.966,-8.031,9.786,-8.077,-1.882,0.765,2.031,35.45,48.53,1,-6.891,1.168,1,TRUE,TRUE,591.9,378.6,592,378.2,590.5,365.1,FALSE,63,0.53
5.76,360,TRACKING,8.053,-7.427,7.376,-7.869,9.682,-8.053,-1.382,0.698,1.548,27.02,36.93,1,-6.489,1.481,1,TRUE,TRUE,604.2,376.9,604.9,376.7,590.7,366,FALSE,63,0.52
5.776,361,TRACKING,7.956,-7.37,7.403,-7.446,9.582,-8.028,-1.505,0.358,1.547,27,37.03,1,-6.273,1.581,1,TRUE,TRUE,601.5,368.8,600.8,369.2,590.7,366.6,FALSE,63,1.09
5.792,362,TRACKING,7.859,-7.311,7.732,-7.825,9.481,-7.998,-1.945,0.839,2.119,36.98,50.6,1,-6.295,1.884,1,TRUE,TRUE,591.1,380,591.2,380.8,590.3,367.6,FALSE,63,1.32
5.808,363,TRACKING,7.762,-7.251,7.261,-7.753,9.383,-7.964,-1.571,0.87,1.796,31.34,42.81,1,-6.153,2.135,1,TRUE,TRUE,600.3,380.8,600.2,381.4,590.3,368.6,FALSE,63,0.52
5.824,364,TRACKING,7.664,-7.189,6.922,-7.36,9.288,-7.928,-1.32,0.57,1.437,25.09,34.32,1,-5.93,2.203,1,TRUE,TRUE,606.5,373.8,606.7,374.3,590.6,369.4,FALSE,63,0.53
5.84,365,TRACKING,7.566,-7.126,7.336,-7.341,9.192,-7.892,-1.841,0.646,1.951,34.05,46.65,1,-6.004,2.295,1,TRUE,TRUE,594,375.8,593.6,375.7,590.4,370.1,FALSE,63,0.52
5.856,366,TRACKING,7.468,-7.061,7.207,-7.629,9.095,-7.851,-1.818,1.044,2.097,36.6,49.98,1,-6.044,2.557,1,TRUE,TRUE,594.5,385.5,594.5,385.3,590.2,371.2,FALSE,63,1.89
5.872,367,TRACKING,7.369,-6.995,6.611,-7.281,9.001,-7.808,-1.313,0.799,1.537,26.83,36.61,1,-5.878,2.687,1,TRUE,TRUE,606.6,380,605.2,380.8,590.4,372,FALSE,63,1.44
5.888,368,TRACKING,7.27,-6.927,6.818,-6.973,8.907,-7.765,-1.618,0.587,1.722,30.05,41.15,1,-5.86,2.693,1,TRUE,TRUE,599.2,375.2,599.3,375.1,590.4,372.7,FALSE,63,0.5
5.904,369,TRACKING,7.17,-6.858,7.055,-7.285,8.811,-7.718,-1.968,1.01,2.212,38.61,52.77,1,-6,2.895,1,TRUE,TRUE,590.6,385.2,590.9,384.9,590.1,373.7,FALSE,63,0.5
5.92,370,TRACKING,7.07,-6.787,6.483,-7.192,8.717,-7.669,-1.491,1.029,1.812,31.62,43.11,1,-5.907,3.071,1,TRUE,TRUE,601.9,385.6,601.7,385.3,590.2,374.6,FALSE,63,0.51
5.936,371,TRACKING,6.97,-6.715,6.317,-6.796,8.624,-7.62,-1.417,0.733,1.595,27.84,38.04,1,-5.781,3.067,1,TRUE,TRUE,603.6,378.5,604.6,377.2,590.4,375.3,FALSE,63,1.36
5.952,372,TRACKING,6.87,-6.642,6.718,-6.762,8.529,-7.57,-1.935,0.801,2.094,36.56,50.04,1,-5.994,3.117,1,TRUE,TRUE,590.9,379.9,587.7,379.3,590,376,FALSE,63,1.21
5.968,373,TRACKING,6.768,-6.567,6.426,-7.095,8.432,-7.516,-1.749,1.255,2.153,37.57,51.21,0.997,-6.026,3.383,1,TRUE,TRUE,595.4,390.5,594.7,390.7,589.9,377.1,FALSE,63,0.49
5.984,374,TRACKING,6.667,-6.491,5.949,-6.598,8.338,-7.461,-1.362,0.866,1.614,28.17,38.44,0.985,-5.853,3.431,1,TRUE,TRUE,604.7,381.2,605.4,381.8,590.1,377.8,FALSE,63,0.52
6,375,TRACKING,6.565,-6.414,6.235,-6.458,8.244,-7.406,-1.756,0.833,1.943,33.92,46.38,0.971,-5.917,3.465,1,TRUE,TRUE,595.4,380.4,594.8,380.9,590,378.5,FALSE,63,0.58
6.016,376,TRACKING,6.463,-6.335,6.304,-6.598,8.147,-7.348,-1.937,1.086,2.221,38.76,52.95,0.957,-6.032,3.593,1,TRUE,TRUE,591.1,386.5,591.1,385.6,589.8,379.3,FALSE,63,1.25
6.032,377,TRACKING,6.361,-6.255,5.767,-6.662,8.053,-7.288,-1.493,1.273,1.962,34.24,46.59,0.947,-5.882,3.808,1,TRUE,TRUE,602,391.1,603.9,391.2,590,380.3,FALSE,63,1.24
6.048,378,TRACKING,6.258,-6.174,5.74,-6.031,7.96,-7.228,-1.564,0.745,1.733,30.24,41.35,0.944,-5.832,3.742,1,TRUE,TRUE,600.5,378.9,600.4,378.3,590.1,380.8,FALSE,63,0.54
6.064,379,TRACKING,6.155,-6.091,6.024,-6.276,7.864,-7.166,-1.961,1.108,2.252,39.31,53.7,0.949,-5.963,3.87,1,TRUE,TRUE,591,387.7,591.1,387.1,589.9,381.6,FALSE,63,0.52
6.08,380,TRACKING,6.052,-6.007,5.684,-6.301,7.769,-7.101,-1.724,1.256,2.133,37.23,50.74,0.964,-5.945,4.061,1,TRUE,TRUE,596.8,391.4,597.4,391.4,589.9,382.6,FALSE,63,0.52
6.096,381,TRACKING,5.948,-5.922,5.358,-6.062,7.676,-7.034,-1.494,1.135,1.876,32.75,44.61,0.986,-5.843,4.149,1,TRUE,TRUE,602.4,388.6,602.1,387.7,590,383.3,FALSE,63,1.38
6.112,382,TRACKING,5.844,-5.835,5.593,-5.644,7.581,-6.968,-1.838,0.827,2.015,35.18,48.12,1,-5.909,4.13,1,TRUE,TRUE,594.1,381.3,594.3,382.5,589.9,383.9,FALSE,63,1.23
6.128,383,TRACKING,5.74,-5.748,5.557,-6.09,7.485,-6.899,-1.913,1.403,2.372,41.4,56.43,1,-5.997,4.349,1,TRUE,TRUE,592.1,394.7,592.1,394.2,589.8,384.9,FALSE,63,0.5
6.144,384,TRACKING,5.635,-5.659,5.137,-5.792,7.391,-6.827,-1.593,1.228,2.011,35.1,47.81,1,-5.921,4.461,1,TRUE,TRUE,599.7,390.4,599.8,390.7,589.9,385.7,FALSE,63,0.54
6.16,385,TRACKING,5.53,-5.569,5.123,-5.477,7.296,-6.756,-1.682,1.028,1.971,34.41,46.97,1,-5.898,4.457,1,TRUE,TRUE,597.4,385.5,597.8,385.3,589.9,386.3,FALSE,63,0.49
6.176,386,TRACKING,5.425,-5.478,5.283,-5.439,7.2,-6.684,-1.955,1.107,2.247,39.22,53.58,1,-6.008,4.495,1,TRUE,TRUE,590.6,387.3,590.9,386.9,589.7,386.9,FALSE,63,1.84
6.192,387,TRACKING,5.32,-5.386,5.01,-5.733,7.104,-6.609,-1.791,1.535,2.359,41.17,56.02,1,-6.035,4.72,1,TRUE,TRUE,594.4,397.3,593.9,396.6,589.6,387.8,FALSE,63,1.36
6.208,388,TRACKING,5.214,-5.292,4.742,-5.178,7.008,-6.533,-1.625,1.096,1.96,34.21,46.66,1,-5.967,4.711,1,TRUE,TRUE,598.4,387.1,598.7,386.6,589.7,388.4,FALSE,63,0.55
6.224,389,TRACKING,5.108,-5.198,4.862,-5.065,6.912,-6.458,-1.856,1.102,2.158,37.67,51.43,1,-6.028,4.718,1,TRUE,TRUE,592.8,387.5,592.6,386.7,589.6,388.9,FALSE,63,0.56
6.24,390,TRACKING,5.002,-5.102,4.848,-5.257,6.814,-6.38,-1.956,1.424,2.42,42.23,57.56,1,-6.11,4.886,1,TRUE,TRUE,590.4,395.3,590.7,394.8,589.4,389.8,FALSE,63,0.53
6.256,391,TRACKING,4.895,-5.006,4.506,-5.142,6.716,-6.299,-1.721,1.441,2.245,39.19,53.33,0.98,-6.091,5.047,1,TRUE,TRUE,596.1,396,595.1,396,589.4,390.6,FALSE,63,1.32
6.272,392,TRACKING,4.789,-4.908,4.4,-4.632,6.62,-6.219,-1.72,1.049,2.015,35.16,48,0.967,-6.044,4.999,1,TRUE,TRUE,596.3,386.9,596.9,386.5,589.5,391.1,FALSE,63,1.36
6.288,393,TRACKING,4.681,-4.809,4.548,-4.79,6.522,-6.137,-1.982,1.335,2.39,41.71,56.89,0.961,-6.125,5.103,1,TRUE,TRUE,590.2,393.6,590.6,393.4,589.3,391.7,FALSE,63,0.54
6.304,394,TRACKING,4.574,-4.71,4.368,-4.904,6.423,-6.052,-1.914,1.586,2.486,43.39,59.06,0.962,-6.161,5.309,1,TRUE,TRUE,592,399.5,592,399.6,589.2,392.6,FALSE,63,0.57
6.32,395,TRACKING,4.467,-4.609,4.031,-4.43,6.326,-5.967,-1.681,1.237,2.087,36.42,49.63,0.968,-6.078,5.315,1,TRUE,TRUE,597.7,391.1,598.1,391.1,589.3,393.2,FALSE,63,0.54
6.336,396,TRACKING,4.359,-4.507,4.109,-4.275,6.228,-5.882,-1.87,1.204,2.224,38.82,52.97,0.976,-6.115,5.297,1,TRUE,TRUE,593.2,390.2,592.7,389.4,589.2,393.7,FALSE,63,1.21
6.352,397,TRACKING,4.251,-4.405,4.196,-4.498,6.129,-5.795,-2.074,1.562,2.596,45.32,61.75,0.984,-6.214,5.471,1,TRUE,TRUE,588.3,398.4,588.8,398.8,589,394.5,FALSE,63,1.47
6.368,398,TRACKING,4.143,-4.301,3.811,-4.338,6.03,-5.705,-1.798,1.538,2.366,41.29,56.19,0.989,-6.189,5.596,1,TRUE,TRUE,594.9,397.8,594.3,398,589,395.2,FALSE,63,0.56
6.384,399,TRACKING,4.034,-4.197,3.631,-3.805,5.932,-5.617,-1.722,1.125,2.057,35.9,48.98,0.99,-6.116,5.525,1,TRUE,TRUE,596.6,388,597.3,388.8,589.1,395.6,FALSE,63,0.62
6.4,400,TRACKING,3.926,-4.092,3.879,-4.057,5.832,-5.527,-2.089,1.512,2.579,45.01,61.35,0.988,-6.253,5.649,1,TRUE,TRUE,587.6,397.3,587,397.7,588.8,396.3,FALSE,63,0.57
6.416,401,TRACKING,3.817,-3.986,3.69,-4.03,5.731,-5.434,-2.016,1.622,2.588,45.16,61.5,0.984,-6.306,5.783,1,TRUE,TRUE,589.2,400.1,589.8,399.3,588.6,397,FALSE,63,1.34
6.432,402,TRACKING,3.708,-3.879,3.243,-3.679,5.632,-5.341,-1.671,1.399,2.179,38.04,51.77,0.981,-6.19,5.791,1,TRUE,TRUE,597.3,395.1,598.3,394,588.8,397.5,FALSE,63,1.25
6.448,403,TRACKING,3.599,-3.771,3.409,-3.385,5.532,-5.249,-1.951,1.229,2.306,40.25,54.93,0.981,-6.244,5.756,1,TRUE,TRUE,590.5,391.3,590.7,391.4,588.7,397.9,FALSE,63,0.57
6.464,404,TRACKING,3.489,-3.663,3.537,-3.797,5.429,-5.153,-2.203,1.786,2.836,49.51,67.41,0.987,-6.404,5.997,1,TRUE,TRUE,584.3,404.6,584.4,405.1,588.3,398.8,FALSE,63,0.52
6.48,405,TRACKING,3.38,-3.553,3.014,-3.368,5.328,-5.056,-1.789,1.491,2.329,40.65,55.33,0.998,-6.352,6.05,1,TRUE,TRUE,594.3,397.7,593.8,397.8,588.3,399.3,FALSE,63,0.53
6.496,406,TRACKING,3.27,-3.443,2.875,-3.104,5.227,-4.96,-1.76,1.353,2.22,38.75,52.78,1,-6.311,6.01,1,TRUE,TRUE,595.1,394.3,594.1,393.2,588.4,399.7,FALSE,63,2.2
6.512,407,TRACKING,3.16,-3.333,3.228,-3.106,5.123,-4.863,-2.237,1.489,2.687,46.9,63.98,1,-6.466,6.072,1,TRUE,TRUE,583.7,397.3,584.1,397.7,588,400.2,FALSE,63,1.8
6.528,408,TRACKING,3.05,-3.221,2.905,-3.327,5.019,-4.763,-2.029,1.856,2.75,48,65.28,1,-6.492,6.285,1,TRUE,TRUE,588.8,405.8,589.2,406,587.9,401.1,FALSE,63,0.52
6.544,409,TRACKING,2.94,-3.109,2.433,-2.66,4.918,-4.663,-1.659,1.314,2.116,36.94,50.3,1,-6.348,6.201,1,TRUE,TRUE,597.9,392.8,598.2,392.7,588.1,401.4,FALSE,63,0.54
6.56,410,TRACKING,2.83,-2.997,2.749,-2.71,4.815,-4.564,-2.095,1.496,2.574,44.93,61.26,1,-6.447,6.237,1,TRUE,TRUE,587.6,397,587.1,397.6,587.9,401.8,FALSE,63,0.5
6.576,411,TRACKING,2.719,-2.883,2.79,-2.796,4.71,-4.461,-2.26,1.725,2.843,49.61,67.6,1,-6.579,6.385,1,TRUE,TRUE,583.7,402.4,584.2,403.7,587.6,402.5,FALSE,63,1.22
6.592,412,TRACKING,2.608,-2.769,2.164,-2.645,4.606,-4.358,-1.739,1.712,2.441,42.6,57.88,1,-6.472,6.474,1,TRUE,TRUE,596.3,402.3,595.5,402.1,587.7,403.1,FALSE,63,1.34
6.608,413,TRACKING,2.498,-2.655,2.185,-2.09,4.503,-4.256,-1.871,1.28,2.267,39.57,53.96,1,-6.442,6.36,1,TRUE,TRUE,593.1,392.3,592.9,392.2,587.7,403.3,FALSE,63,0.48
6.624,414,TRACKING,2.387,-2.54,2.532,-2.418,4.397,-4.152,-2.344,1.748,2.924,51.04,69.55,0.992,-6.622,6.482,1,TRUE,TRUE,581.6,403.5,582.1,402.9,587.3,403.9,FALSE,63,0.47
6.64,415,TRACKING,2.276,-2.424,2.045,-2.309,4.291,-4.046,-1.971,1.781,2.656,46.36,63.05,0.967,-6.599,6.62,1,TRUE,TRUE,590.4,404.6,590.8,405,587.2,404.5,FALSE,63,0.52
6.656,416,TRACKING,2.164,-2.308,1.685,-1.903,4.188,-3.94,-1.714,1.508,2.283,39.85,54.21,0.946,-6.467,6.631,1,TRUE,TRUE,596.5,398.3,597.1,399.8,587.4,404.9,FALSE,63,0.97
6.672,417,TRACKING,2.053,-2.192,2.076,-1.741,4.08,-3.836,-2.237,1.469,2.677,46.71,63.74,0.935,-6.722,6.512,1,TRUE,TRUE,583.7,397.3,578.1,392.8,586.9,405.1,FALSE,63,1.29
6.688,418,TRACKING,1.942,-2.075,1.938,-2.047,3.971,-3.729,-2.223,1.922,2.938,51.29,69.79,0.933,-6.812,6.713,1,TRUE,TRUE,583.8,407.9,583.9,407.9,586.6,405.7,FALSE,63,0.52
6.704,419,TRACKING,1.83,-1.957,1.336,-1.654,3.864,-3.621,-1.726,1.664,2.398,41.85,56.87,0.941,-6.678,6.747,1,TRUE,TRUE,595.7,401.7,595,401.4,586.8,406.2,FALSE,63,0.5
6.72,420,TRACKING,1.719,-1.84,1.508,-1.301,3.757,-3.514,-2.013,1.439,2.475,43.19,58.88,0.957,-6.688,6.691,1,TRUE,TRUE,588.8,396.1,589.2,396.9,586.7,406.4,FALSE,63,0.53
6.736,421,TRACKING,1.607,-1.721,1.717,-1.5,3.648,-3.405,-2.351,1.776,2.947,51.44,70.09,0.977,-6.872,6.779,1,TRUE,TRUE,580.6,403.9,579.9,403.6,586.3,406.9,FALSE,63,1.14
6.752,422,TRACKING,1.495,-1.603,1.162,-1.469,3.539,-3.295,-1.907,1.887,2.682,46.82,63.61,0.996,-6.795,6.9,1,TRUE,TRUE,591.4,406.4,591.7,406.2,586.3,407.4,FALSE,63,1.03
6.768,423,TRACKING,1.383,-1.484,0.969,-0.982,3.431,-3.185,-1.822,1.529,2.379,41.52,56.5,1,-6.71,6.852,1,TRUE,TRUE,593.6,398,593.4,398.6,586.4,407.7,FALSE,63,0.49
6.784,424,TRACKING,1.271,-1.365,1.317,-0.893,3.322,-3.076,-2.295,1.571,2.781,48.54,66.2,1,-6.848,6.832,1,TRUE,TRUE,582.4,399.1,582.6,399.3,586.1,407.9,FALSE,63,0.52
6.8,425,TRACKING,1.159,-1.245,1.045,-1.177,3.212,-2.964,-2.142,1.999,2.93,51.14,69.54,1,-6.896,7.009,1,TRUE,TRUE,586.2,409.4,585.9,409.2,585.9,408.5,FALSE,63,0.47
6.816,426,TRACKING,1.047,-1.125,0.579,-0.723,3.103,-2.852,-1.783,1.678,2.448,42.73,58.09,1,-6.785,6.989,1,TRUE,TRUE,595,402.1,594,401,586,408.8,FALSE,63,1.75
6.832,427,TRACKING,0.935,-1.005,0.789,-0.463,2.994,-2.741,-2.108,1.547,2.615,45.64,62.2,1,-6.809,6.957,1,TRUE,TRUE,587.3,399.2,588.3,399.9,586,409,FALSE,63,1.27
6.848,428,TRACKING,0.823,-0.885,0.846,-0.576,2.883,-2.628,-2.288,1.798,2.91,50.79,69.18,1,-6.922,7.045,1,TRUE,TRUE,582.9,405.2,583.3,405.7,585.7,409.4,FALSE,63,0.48
6.864,429,TRACKING,0.711,-0.765,0.36,-0.637,2.774,-2.513,-1.911,2.003,2.769,48.32,65.62,1,-6.85,7.193,1,TRUE,TRUE,592,410.1,591.9,409.8,585.8,410,FALSE,63,0.49
6.88,430,TRACKING,0.599,-0.644,0.267,0.016,2.665,-2.4,-1.928,1.475,2.427,42.37,57.72,1,-6.804,7.084,1,TRUE,TRUE,591.5,397.5,591.6,397.9,585.8,410.1,FALSE,63,0.5
6.896,431,TRACKING,0.487,-0.524,0.483,-0.127,2.554,-2.286,-2.266,1.752,2.864,49.99,68.11,1,-6.926,7.114,1,TRUE,TRUE,583.2,403.8,583.3,403.7,585.6,410.4,FALSE,63,1.11
6.912,432,TRACKING,0.374,-0.403,0.21,-0.17,2.443,-2.171,-2.108,1.933,2.86,49.92,67.88,1,-6.93,7.198,1,TRUE,TRUE,586.8,407.9,588.1,406.8,585.5,410.8,FALSE,63,1.24
6.928,433,TRACKING,0.262,-0.282,-0.131,0.067,2.333,-2.055,-1.875,1.831,2.621,45.74,62.16,1,-6.858,7.242,1,TRUE,TRUE,592.3,405.3,592.3,405.7,585.6,411.1,FALSE,63,0.49
6.944,434,TRACKING,0.15,-0.161,-0.009,0.561,2.223,-1.941,-2.115,1.458,2.569,44.84,61.15,1,-6.924,7.112,1,TRUE,TRUE,586.3,396.4,586,397,585.5,411.1,FALSE,63,0.5
6.96,435,TRACKING,0.037,-0.04,-0.011,0.148,2.11,-1.825,-2.235,2.011,3.007,52.48,71.38,1,-7.022,7.247,1,TRUE,TRUE,583.3,409.5,583.4,409.2,585.3,411.6,FALSE,63,0.5
6.976,436,TRACKING,-0.075,0.081,-0.381,0.421,1.999,-1.708,-1.975,1.872,2.721,47.5,64.56,1,-6.962,7.293,1,TRUE,TRUE,589.6,406.4,590.9,406.2,585.3,411.9,FALSE,63,1.07
6.992,437,TRACKING,-0.187,0.202,-0.511,0.76,1.888,-1.592,-1.958,1.66,2.567,44.8,60.97,1,-6.95,7.248,1,TRUE,TRUE,590,401.6,589.2,401.8,585.3,412,FALSE,63,1.19
7.008,438,TRACKING,-0.3,0.323,-0.38,0.893,1.775,-1.477,-2.209,1.652,2.758,48.14,65.6,0.988,-7.035,7.206,1,TRUE,TRUE,584.1,401.6,584.2,401.4,585.1,412.2,FALSE,63,0.5
7.024,439,TRACKING,-0.412,0.443,-0.564,0.561,1.662,-1.358,-2.143,2.129,3.021,52.72,71.64,0.966,-7.08,7.407,1,TRUE,TRUE,585.8,413.1,585.4,413.6,585,412.7,FALSE,63,0.49
7.04,440,TRACKING,-0.524,0.564,-0.899,1.134,1.55,-1.241,-1.916,1.681,2.549,44.48,60.51,0.948,-7.004,7.34,1,TRUE,TRUE,591.4,402.6,591.5,402,585.1,412.8,FALSE,63,0.51
7.056,441,TRACKING,-0.636,0.685,-0.869,1.287,1.438,-1.125,-2.058,1.65,2.638,46.04,62.7,0.935,-6.992,7.267,1,TRUE,TRUE,588.2,401.8,589.2,400.8,585.1,412.9,FALSE,63,1.1
7.072,442,TRACKING,-0.749,0.805,-0.801,1.16,1.324,-1.007,-2.246,1.912,2.95,51.49,70.07,0.931,-7.094,7.363,1,TRUE,TRUE,583.8,407.9,583.3,408.7,584.9,413.2,FALSE,63,1.24
7.088,443,TRACKING,-0.861,0.926,-1.135,1.193,1.212,-0.888,-2.023,2.014,2.855,49.83,67.7,0.938,-7.053,7.453,1,TRUE,TRUE,589.2,410.1,589.7,409.6,584.9,413.5,FALSE,63,0.52
7.104,444,TRACKING,-0.973,1.046,-1.361,1.781,1.1,-0.771,-1.904,1.544,2.451,42.78,58.25,0.954,-6.98,7.324,1,TRUE,TRUE,592.1,398.8,592.1,399.2,585.1,413.5,FALSE,63,0.55
7.12,445,TRACKING,-1.085,1.166,-1.185,1.642,0.987,-0.653,-2.198,1.811,2.848,49.7,67.67,0.977,-7.061,7.346,1,TRUE,TRUE,585,404.9,584.8,405.5,584.9,413.6,FALSE,63,0.49
7.136,446,TRACKING,-1.197,1.285,-1.299,1.542,0.873,-0.534,-2.201,2.045,3.004,52.43,71.29,1,-7.117,7.461,1,TRUE,TRUE,584.8,410.3,585.2,410.6,584.8,414,FALSE,63,1.05
7.152,447,TRACKING,-1.309,1.405,-1.737,1.956,0.76,-0.414,-1.869,1.756,2.565,44.76,60.85,1,-7.033,7.448,1,TRUE,TRUE,592.6,403.6,592.1,405.4,585,414.1,FALSE,63,1.78
7.168,448,TRACKING,-1.421,1.524,-1.695,2.225,0.648,-0.297,-2.021,1.604,2.58,45.04,61.33,1,-7.021,7.336,1,TRUE,TRUE,588.8,400.1,589.4,400,585,414.1,FALSE,63,0.48
7.184,449,TRACKING,-1.533,1.643,-1.527,1.967,0.534,-0.178,-2.311,1.992,3.051,53.25,72.46,1,-7.15,7.425,1,TRUE,TRUE,581.7,409.5,582,409.2,584.8,414.3,FALSE,63,0.5
7.2,450,TRACKING,-1.644,1.761,-1.953,2.122,0.42,-0.058,-1.994,1.965,2.799,48.85,66.38,1,-7.105,7.488,1,TRUE,TRUE,589.2,409.1,589.8,409,584.8,414.6,FALSE,63,0.47
7.216,451,TRACKING,-1.756,1.879,-2.217,2.646,0.308,0.059,-1.834,1.555,2.405,41.97,57.11,1,-7.023,7.361,1,TRUE,TRUE,592.9,399.6,592.5,399.8,585,414.5,FALSE,63,1.14
7.232,452,TRACKING,-1.868,1.997,-1.913,2.484,0.194,0.177,-2.258,1.839,2.912,50.82,69.2,1,-7.137,7.375,1,TRUE,TRUE,582.7,406.3,583,405.7,584.8,414.6,FALSE,63,1.01
7.248,453,TRACKING,-1.979,2.114,-2.087,2.432,0.078,0.297,-2.201,2.019,2.986,52.12,70.89,1,-7.207,7.469,1,TRUE,TRUE,584.1,410.5,584,410.2,584.7,414.8,FALSE,63,0.51
7.264,454,TRACKING,-2.09,2.231,-2.621,2.803,-0.035,0.416,-1.769,1.768,2.501,43.65,59.3,1,-7.073,7.443,1,TRUE,TRUE,594.6,404.5,594.2,405.1,584.9,414.9,FALSE,63,0.47
7.28,455,TRACKING,-2.202,2.347,-2.445,3.125,-0.148,0.533,-2.054,1.555,2.577,44.97,61.27,0.994,-7.075,7.311,1,TRUE,TRUE,588,399.3,588.7,399.3,584.9,414.7,FALSE,63,0.49
7.296,456,TRACKING,-2.313,2.463,-2.271,2.735,-0.264,0.652,-2.35,2.073,3.134,54.7,74.42,0.987,-7.216,7.439,1,TRUE,TRUE,581,411.3,581.3,411.3,584.7,415,FALSE,63,0.91
7.312,457,TRACKING,-2.424,2.579,-2.84,3.085,-0.377,0.771,-1.883,1.841,2.634,45.97,62.46,0.985,-7.102,7.437,1,TRUE,TRUE,592.4,405.6,593.2,406.3,584.9,415.1,FALSE,63,1.16
7.328,458,TRACKING,-2.535,2.693,-3.005,3.396,-0.489,0.888,-1.821,1.639,2.45,42.76,58.15,0.987,-7.006,7.326,1,TRUE,TRUE,594,400.8,593.8,400.6,585.1,414.9,FALSE,63,0.48
7.344,459,TRACKING,-2.646,2.808,-2.613,3.417,-0.604,1.005,-2.332,1.73,2.903,50.67,69.06,0.99,-7.15,7.276,1,TRUE,TRUE,581.8,402.9,582.2,402.5,584.9,414.9,FALSE,63,0.49
7.36,460,TRACKING,-2.756,2.921,-2.946,3.149,-0.719,1.124,-2.111,2.124,2.994,52.26,71,0.993,-7.178,7.437,1,TRUE,TRUE,587.1,412.4,586.5,413.1,584.9,415.2,FALSE,63,0.52
7.376,461,TRACKING,-2.867,3.035,-3.452,3.794,-0.831,1.24,-1.701,1.584,2.325,40.57,55.16,0.992,-6.999,7.304,1,TRUE,TRUE,596.9,399.9,597.4,399.9,585.2,415,FALSE,63,1.08
7.392,462,TRACKING,-2.977,3.147,-3.126,3.79,-0.944,1.356,-2.14,1.696,2.73,47.66,64.9,0.987,-7.085,7.232,1,TRUE,TRUE,586.2,402.7,585.5,401.5,585.1,414.9,FALSE,63,1.28
7.408,463,TRACKING,-3.087,3.259,-3.077,3.693,-1.059,1.473,-2.307,1.908,2.994,52.26,71.14,0.979,-7.208,7.296,1,TRUE,TRUE,582,407.9,582.3,407.9,584.9,415,FALSE,63,0.51
7.424,464,TRACKING,-3.197,3.37,-3.717,3.769,-1.173,1.591,-1.768,1.948,2.631,45.91,62.31,0.969,-7.081,7.355,1,TRUE,TRUE,594.8,408.9,594.2,408.7,585.2,415.1,FALSE,63,0.54
7.44,465,TRACKING,-3.307,3.48,-3.705,4.371,-1.285,1.705,-1.882,1.444,2.372,41.41,56.41,0.961,-7.026,7.184,1,TRUE,TRUE,591.9,396.9,592.1,397.5,585.4,414.8,FALSE,63,0.54
7.456,466,TRACKING,-3.417,3.59,-3.362,4.046,-1.4,1.821,-2.345,1.881,3.006,52.46,71.45,0.957,-7.186,7.234,1,TRUE,TRUE,580.7,407.1,581.2,407.1,585.1,414.8,FALSE,63,1.09
7.472,467,TRACKING,-3.526,3.699,-3.839,4.116,-1.515,1.937,-1.975,1.921,2.755,48.09,65.35,0.959,-7.161,7.258,1,TRUE,TRUE,589.5,407.8,589.1,406.6,585.2,414.9,FALSE,63,1.32
7.488,468,TRACKING,-3.635,3.807,-4.202,4.46,-1.627,2.052,-1.709,1.678,2.395,41.8,56.8,0.97,-7.032,7.174,1,TRUE,TRUE,596,401.9,595.1,401.4,585.5,414.7,FALSE,63,0.54
7.504,469,TRACKING,-3.745,3.915,-3.829,4.708,-1.741,2.165,-2.196,1.525,2.674,46.66,63.64,0.987,-7.136,7.048,1,TRUE,TRUE,584.3,398.1,584.3,398.3,585.3,414.4,FALSE,63,0.5
7.52,470,TRACKING,-3.854,4.021,-3.953,4.329,-1.857,2.279,-2.185,2.016,2.973,51.89,70.56,1,-7.208,7.155,1,TRUE,TRUE,584.7,409.6,584.7,409.3,585.2,414.5,FALSE,63,0.49
7.536,471,TRACKING,-3.962,4.127,-4.521,4.695,-1.969,2.393,-1.713,1.75,2.449,42.74,58.04,1,-7.054,7.107,1,TRUE,TRUE,596.2,403.3,595.9,402.7,585.6,414.4,FALSE,63,1.54
7.552,472,TRACKING,-4.071,4.232,-4.383,5.024,-2.082,2.505,-1.953,1.512,2.471,43.12,58.73,1,-7.029,6.967,1,TRUE,TRUE,590.6,397.9,591.1,397.5,585.7,414.1,FALSE,63,1.03
7.568,473,TRACKING,-4.179,4.336,-4.187,4.882,-2.196,2.616,-2.264,1.753,2.864,49.98,68.09,1,-7.152,6.962,1,TRUE,TRUE,583.3,403.7,583.4,403.1,585.5,413.9,FALSE,63,0.49
7.584,474,TRACKING,-4.287,4.439,-4.68,4.793,-2.309,2.729,-1.872,1.948,2.702,47.15,64.03,1,-7.072,7.054,1,TRUE,TRUE,592.8,408.6,592.7,408.5,585.7,414,FALSE,63,0.48
7.6,475,TRACKING,-4.395,4.541,-4.884,5.3,-2.421,2.84,-1.765,1.532,2.337,40.79,55.5,1,-6.976,6.944,1,TRUE,TRUE,595.5,398.9,594.6,399.2,586,413.7,FALSE,63,0.52
7.616,476,TRACKING,-4.503,4.643,-4.594,5.377,-2.534,2.949,-2.167,1.544,2.66,46.43,63.3,1,-7.088,6.84,1,TRUE,TRUE,585.8,399.2,584.6,398.5,585.9,413.4,FALSE,63,1.06
7.632,477,TRACKING,-4.61,4.743,-4.806,5.095,-2.648,3.061,-2.061,1.929,2.823,49.27,66.99,1,-7.11,6.954,1,TRUE,TRUE,588.2,408.2,588,408.9,585.9,413.5,FALSE,63,1.08
7.648,478,TRACKING,-4.717,4.842,-5.231,5.435,-2.76,3.171,-1.731,1.682,2.414,42.13,57.25,1,-6.993,6.901,1,TRUE,TRUE,596,402.2,595.3,401.8,586.2,413.4,FALSE,63,0.47
7.664,479,TRACKING,-4.824,4.941,-5.102,5.753,-2.872,3.279,-1.963,1.447,2.439,42.56,58,0.976,-6.991,6.767,1,TRUE,TRUE,590.3,396.5,590.5,397.1,586.3,413,FALSE,63,0.52
7.68,480,TRACKING,-4.931,5.038,-5.03,5.599,-2.985,3.387,-2.145,1.69,2.731,47.67,64.93,0.958,-7.084,6.746,1,TRUE,TRUE,585.7,402,585.4,401.7,586.2,412.8,FALSE,63,0.54
7.696,481,TRACKING,-5.037,5.134,-5.426,5.485,-3.098,3.496,-1.847,1.899,2.65,46.24,62.81,0.948,-7.012,6.809,1,TRUE,TRUE,592.8,406.7,593.1,406.2,586.4,412.8,FALSE,63,1.23
7.712,482,TRACKING,-5.144,5.23,-5.566,6.067,-3.207,3.601,-1.793,1.387,2.267,39.57,53.9,0.947,-6.822,6.553,1,TRUE,TRUE,594,394.6,600.4,390.5,586.9,412.2,FALSE,63,1.28
7.728,483,TRACKING,-5.25,5.324,-5.396,5.976,-3.318,3.705,-2.071,1.561,2.594,45.27,61.68,0.954,-6.929,6.513,1,TRUE,TRUE,587.3,398.7,586.7,399,586.8,411.9,FALSE,63,0.5
7.744,484,TRACKING,-5.355,5.417,-5.564,5.853,-3.429,3.81,-2.007,1.774,2.679,46.75,63.6,0.965,-6.96,6.579,1,TRUE,TRUE,588.8,403.9,589.4,404.5,586.9,411.8,FALSE,63,0.54
7.76,485,TRACKING,-5.461,5.509,-5.903,6.03,-3.539,3.916,-1.763,1.681,2.436,42.51,57.78,0.978,-6.888,6.568,1,TRUE,TRUE,594.8,401.9,594.4,401.6,587.1,411.7,FALSE,63,0.49
7.776,486,TRACKING,-5.566,5.599,-5.87,6.523,-3.649,4.017,-1.894,1.255,2.272,39.66,54.1,0.99,-6.865,6.362,1,TRUE,TRUE,591.8,392,592.7,391.6,587.3,411.1,FALSE,63,1.15
7.792,487,TRACKING,-5.67,5.689,-5.793,6.104,-3.759,4.12,-2.073,1.759,2.719,47.46,64.59,0.999,-6.908,6.432,1,TRUE,TRUE,587.7,404.1,589.3,403.9,587.4,411,FALSE,63,1.3
7.808,488,TRACKING,-5.775,5.777,-6.092,6.282,-3.87,4.223,-1.873,1.662,2.504,43.71,59.45,1,-6.88,6.433,1,TRUE,TRUE,592.7,401.8,592.5,401.6,587.5,410.8,FALSE,63,0.49
7.824,489,TRACKING,-5.879,5.864,-6.311,6.588,-3.978,4.325,-1.745,1.429,2.256,39.37,53.59,1,-6.78,6.338,1,TRUE,TRUE,595.9,396.3,596.7,396.8,587.8,410.5,FALSE,63,0.49
7.84,490,TRACKING,-5.983,5.95,-6.17,6.744,-4.087,4.424,-1.987,1.338,2.395,41.81,57.03,1,-6.822,6.196,1,TRUE,TRUE,590.2,393.9,590.3,393.5,587.9,410,FALSE,63,0.5
7.856,491,TRACKING,-6.087,6.035,-6.238,6.323,-4.197,4.524,-2.022,1.842,2.736,47.75,64.93,0.997,-6.888,6.288,1,TRUE,TRUE,589.3,405.6,588.3,404.5,587.9,410,FALSE,63,1.15
7.872,492,TRACKING,-6.19,6.119,-6.618,6.834,-4.306,4.623,-1.731,1.398,2.225,38.83,52.87,0.998,-6.771,6.175,1,TRUE,TRUE,596.3,394.9,597.3,395.2,588.2,409.6,FALSE,63,2.22
7.888,493,TRACKING,-6.293,6.201,-6.646,6.972,-4.414,4.72,-1.798,1.321,2.231,38.94,53.07,1,-6.739,6.036,1,TRUE,TRUE,594.6,392.9,594.2,392.8,588.5,409.1,FALSE,63,0.55
7.904,494,TRACKING,-6.395,6.282,-6.471,6.841,-4.523,4.816,-2.078,1.52,2.574,44.93,61.24,1,-6.843,6.018,1,TRUE,TRUE,587.7,397.5,587.1,397.8,588.4,408.8,FALSE,63,0.53
7.92,495,TRACKING,-6.498,6.362,-6.784,6.739,-4.632,4.913,-1.86,1.695,2.517,43.92,59.73,1,-6.82,6.062,1,TRUE,TRUE,592.8,401.7,592.6,401.3,588.5,408.6,FALSE,63,0.54
7.936,496,TRACKING,-6.6,6.44,-7.095,7.326,-4.739,5.006,-1.636,1.16,2.005,35,47.71,1,-6.683,5.839,1,TRUE,TRUE,598,389.2,599.1,388.2,588.9,408,FALSE,63,1.26
7.952,497,TRACKING,-6.701,6.517,-6.86,7.155,-4.847,5.099,-1.971,1.393,2.414,42.12,57.43,1,-6.751,5.814,1,TRUE,TRUE,589.9,394.9,589.6,396.3,589,407.6,FALSE,63,1.34
7.968,498,TRACKING,-6.802,6.593,-6.898,7.012,-4.956,5.193,-2.034,1.603,2.59,45.2,61.55,1,-6.815,5.86,1,TRUE,TRUE,588.2,400,588.9,400.2,589,407.5,FALSE,63,0.56
7.984,499,TRACKING,-6.903,6.667,-7.401,7.296,-5.063,5.286,-1.617,1.377,2.124,37.07,50.45,1,-6.686,5.778,1,TRUE,TRUE,598.3,394.9,598.5,394.4,589.3,407.1,FALSE,63,0.57
8,500,TRACKING,-7.004,6.74,-7.363,7.614,-5.17,5.375,-1.748,1.107,2.069,36.11,49.27,1,-6.661,5.609,1,TRUE,TRUE,595.2,388.5,594.5,389.2,589.5,406.5,FALSE,63,0.54
8.016,501,TRACKING,-7.104,6.811,-7.103,7.272,-5.278,5.466,-2.112,1.512,2.597,45.32,61.79,1,-6.786,5.651,1,TRUE,TRUE,586.5,397.9,586.6,398.7,589.4,406.3,FALSE,63,1.21
8.032,502,TRACKING,-7.204,6.881,-7.544,7.36,-5.385,5.555,-1.759,1.478,2.298,40.1,54.58,0.994,-6.702,5.602,1,TRUE,TRUE,595.2,396.9,596.3,394.9,589.7,405.9,FALSE,63,1.4
8.048,503,TRACKING,-7.303,6.95,-7.845,7.799,-5.49,5.642,-1.541,1.081,1.882,32.85,44.79,0.968,-6.561,5.405,1,TRUE,TRUE,600.6,387.3,600.4,386.8,590.1,405.3,FALSE,63,0.55
8.064,504,TRACKING,-7.402,7.017,-7.47,7.677,-5.597,5.727,-2.014,1.249,2.37,41.37,56.46,0.947,-6.646,5.325,1,TRUE,TRUE,589.4,391,589.9,391,590.1,404.8,FALSE,63,0.54
8.08,505,TRACKING,-7.501,7.083,-7.612,7.484,-5.704,5.813,-1.969,1.497,2.474,43.17,58.82,0.932,-6.693,5.37,1,TRUE,TRUE,590.6,396.7,590.7,397.2,590.2,404.5,FALSE,63,0.62
8.096,506,TRACKING,-7.599,7.147,-8.179,7.809,-5.808,5.898,-1.481,1.217,1.917,33.47,45.55,0.928,-6.523,5.285,1,TRUE,TRUE,602.4,390.1,601.9,391.4,590.6,404.1,FALSE,63,1.13
8.112,507,TRACKING,-7.697,7.21,-7.973,8.089,-5.912,5.979,-1.775,0.97,2.023,35.31,48.24,0.935,-6.484,5.086,1,TRUE,TRUE,595.4,384.3,596.9,384.7,590.9,403.4,FALSE,63,1.39
8.128,508,TRACKING,-7.795,7.271,-7.75,7.678,-6.018,6.061,-2.1,1.429,2.54,44.33,60.46,0.951,-6.635,5.112,1,TRUE,TRUE,587.5,395.3,587,394.6,590.8,403.1,FALSE,63,0.57
8.144,509,TRACKING,-7.892,7.331,-8.327,7.879,-6.122,6.142,-1.605,1.271,2.047,35.73,48.65,0.972,-6.517,5.068,1,TRUE,TRUE,599.3,391.8,599.5,391.8,591.1,402.7,FALSE,63,0.53
8.16,510,TRACKING,-7.988,7.389,-8.487,8.181,-6.225,6.22,-1.525,1,1.824,31.83,43.42,0.996,-6.4,4.902,1,TRUE,TRUE,601.1,385.6,600.9,385.3,591.5,402,FALSE,63,0.53
8.176,511,TRACKING,-8.085,7.446,-8.064,8.165,-6.33,6.297,-2.049,1.049,2.302,40.17,54.92,1,-6.558,4.806,1,TRUE,TRUE,588.3,386.8,587.3,387.4,591.4,401.5,FALSE,63,1.1
8.192,512,TRACKING,-8.181,7.501,-8.378,7.807,-6.435,6.375,-1.826,1.451,2.332,40.71,55.43,1,-6.563,4.872,1,TRUE,TRUE,593.5,396.3,593.5,395.3,591.5,401.2,FALSE,63,2.3
8.208,513,TRACKING,-8.276,7.555,-8.876,8.349,-6.537,6.45,-1.404,0.935,1.687,29.44,40.15,1,-6.392,4.701,1,TRUE,TRUE,603.6,384,603,384.2,592,400.6,FALSE,63,0.57
8.224,514,TRACKING,-8.371,7.607,-8.541,8.348,-6.64,6.523,-1.83,0.962,2.068,36.09,49.32,1,-6.444,4.567,1,TRUE,TRUE,593.3,384.4,593,384.5,592.1,399.9,FALSE,63,0.5
8.24,515,TRACKING,-8.466,7.658,-8.471,8.18,-6.745,6.596,-1.996,1.161,2.309,40.31,55.05,1,-6.542,4.55,1,TRUE,TRUE,589.2,388.9,589.8,389.5,592,399.5,FALSE,63,0.52
8.256,516,TRACKING,-8.56,7.707,-9.073,8.131,-6.847,6.669,-1.471,1.243,1.926,33.61,45.73,1,-6.385,4.545,1,TRUE,TRUE,602,390.6,602.3,390.6,592.4,399.1,FALSE,63,1.16
8.272,517,TRACKING,-8.653,7.754,-9.059,8.697,-6.948,6.737,-1.566,0.687,1.71,29.84,40.83,1,-6.311,4.275,1,TRUE,TRUE,599.8,377.3,599.8,376.9,592.8,398.2,FALSE,63,1.09
8.288,518,TRACKING,-8.747,7.8,-8.718,8.331,-7.051,6.805,-2.001,1.077,2.272,39.66,54.19,1,-6.432,4.23,1,TRUE,TRUE,589.5,386.4,590,386.1,592.7,397.7,FALSE,63,0.48
8.304,519,TRACKING,-8.839,7.844,-9.139,8.302,-7.153,6.873,-1.663,1.131,2.011,35.11,47.87,1,-6.374,4.229,1,TRUE,TRUE,597.8,387.8,598.1,388.5,593,397.3,FALSE,63,0.48
8.32,520,TRACKING,-8.932,7.886,-9.471,8.535,-7.252,6.939,-1.402,0.916,1.675,29.23,39.88,1,-6.202,4.116,1,TRUE,TRUE,604.3,382.9,605,383.1,593.5,396.7,FALSE,63,0.49
8.336,521,TRACKING,-9.024,7.927,-9.128,8.795,-7.352,7.001,-1.833,0.66,1.948,34,46.57,1,-6.269,3.893,1,TRUE,TRUE,594,377,594.1,376.4,593.6,395.9,FALSE,63,1.11
8.352,522,TRACKING,-9.115,7.966,-9.209,8.303,-7.454,7.064,-1.84,1.174,2.183,38.1,51.99,1,-6.327,3.918,1,TRUE,TRUE,593.9,389.3,593.5,387.4,593.6,395.4,FALSE,63,1.21
8.368,523,TRACKING,-9.206,8.004,-9.705,8.579,-7.552,7.125,-1.416,0.912,1.684,29.39,40.1,1,-6.159,3.849,1,TRUE,TRUE,604.1,383.2,605,383.4,594.1,394.9,FALSE,63,0.47
8.384,524,TRACKING,-9.296,8.04,-9.605,8.83,-7.65,7.184,-1.595,0.664,1.728,30.15,41.26,1,-6.126,3.668,1,TRUE,TRUE,599.8,377.4,599.7,377.1,594.4,394.1,FALSE,63,0.49
8.4,525,TRACKING,-9.386,8.074,-9.41,8.695,-7.75,7.241,-1.878,0.807,2.044,35.68,48.83,1,-6.225,3.594,1,TRUE,TRUE,592.8,380.6,592.8,381.2,594.4,393.5,FALSE,63,0.5
8.416,526,TRACKING,-9.476,8.106,-9.803,8.436,-7.848,7.299,-1.563,1.082,1.901,33.18,45.24,0.989,-6.164,3.631,1,TRUE,TRUE,600.2,386.9,600.1,386.8,594.7,393.1,FALSE,63,1.19
8.432,527,TRACKING,-9.565,8.137,-10.008,8.894,-7.945,7.354,-1.429,0.621,1.558,27.19,37.2,0.973,-6.032,3.43,1,TRUE,TRUE,603.3,375.8,604.6,375.2,595.1,392.3,FALSE,63,1.08
8.448,528,TRACKING,-9.653,8.166,-9.771,8.906,-8.043,7.407,-1.751,0.605,1.853,32.33,44.29,0.956,-6.111,3.267,1,TRUE,TRUE,595.4,375.1,594.8,375.3,595.2,391.5,FALSE,63,0.54
8.464,529,TRACKING,-9.741,8.194,-9.889,8.576,-8.141,7.459,-1.714,0.942,1.956,34.14,46.63,0.944,-6.126,3.277,1,TRUE,TRUE,596.2,382.9,597,383.1,595.4,391.1,FALSE,63,0.5
8.48,530,TRACKING,-9.829,8.22,-10.258,8.737,-8.237,7.51,-1.419,0.78,1.619,28.26,38.61,0.938,-6.032,3.19,1,TRUE,TRUE,603.3,379.1,602.7,378.7,595.7,390.4,FALSE,63,0.47
8.496,531,TRACKING,-9.916,8.244,-10.206,9.056,-8.333,7.558,-1.545,0.448,1.609,28.08,38.49,0.942,-5.992,2.969,1,TRUE,TRUE,600.3,371.3,600.9,371.1,596,389.5,FALSE,63,1.22
8.512,532,TRACKING,-10.002,8.266,-10.091,8.812,-8.43,7.604,-1.744,0.687,1.875,32.72,44.79,0.956,-6.067,2.912,1,TRUE,TRUE,595.6,377.1,595,377.7,596.1,388.9,FALSE,63,1.89
8.528,533,TRACKING,-10.088,8.287,-10.375,8.607,-8.526,7.651,-1.535,0.894,1.777,31.01,42.34,0.977,-6.02,2.944,1,TRUE,TRUE,600.7,382.2,600.6,382.5,596.3,388.5,FALSE,63,0.52
8.544,534,TRACKING,-10.173,8.306,-10.581,9.067,-8.621,7.695,-1.398,0.417,1.459,25.46,34.89,1,-5.901,2.731,1,TRUE,TRUE,604.2,371.1,605,370.5,596.7,387.6,FALSE,63,0.49
8.56,535,TRACKING,-10.258,8.323,-10.435,8.989,-8.716,7.737,-1.621,0.48,1.69,29.5,40.43,1,-5.915,2.607,1,TRUE,TRUE,599,372.6,599.2,373.2,596.9,386.9,FALSE,63,0.5
8.576,536,TRACKING,-10.343,8.338,-10.472,8.73,-8.81,7.778,-1.661,0.731,1.814,31.67,43.33,1,-5.93,2.586,1,TRUE,TRUE,598.2,378.5,598.8,377.8,597.1,386.3,FALSE,63,1.15
8.592,537,TRACKING,-10.426,8.352,-10.802,8.802,-8.904,7.818,-1.398,0.645,1.54,26.88,36.76,1,-5.823,2.512,1,TRUE,TRUE,604.7,376.4,605.2,375.4,597.5,385.7,FALSE,63,1.42
8.608,538,TRACKING,-10.51,8.364,-10.844,9.23,-8.996,7.854,-1.424,0.19,1.437,25.08,34.41,1,-5.747,2.266,1,TRUE,TRUE,604.1,365.4,604.7,365.9,597.9,384.7,FALSE,63,0.52
8.624,539,TRACKING,-10.592,8.374,-10.672,8.774,-9.088,7.89,-1.672,0.631,1.787,31.2,42.72,1,-5.801,2.247,1,TRUE,TRUE,598.1,375.5,598.4,375.6,598,384.2,FALSE,63,0.47
8.64,540,TRACKING,-10.675,8.383,-10.893,8.794,-9.181,7.926,-1.524,0.593,1.636,28.54,39.08,1,-5.786,2.204,1,TRUE,TRUE,601.6,374.4,601.3,374.7,598.2,383.6,FALSE,63,0.49
8.656,541,TRACKING,-10.756,8.39,-11.193,9.016,-9.271,7.958,-1.287,0.343,1.332,23.24,31.86,1,-5.661,2.024,1,TRUE,TRUE,607.2,368.4,607.4,367.6,598.7,382.7,FALSE,63,1.01
8.672,542,TRACKING,-10.837,8.395,-11.022,9.137,-9.362,7.987,-1.53,0.187,1.541,26.9,36.91,1,-5.667,1.821,1,TRUE,TRUE,601.2,364.7,601.7,364.7,598.9,381.8,FALSE,63,1.3
8.688,543,TRACKING,-10.918,8.398,-10.97,8.603,-9.454,8.017,-1.658,0.705,1.802,31.45,43.03,0.988,-5.73,1.877,1,TRUE,TRUE,597.9,377,598.3,376.7,599,381.3,FALSE,63,0.51
8.704,544,TRACKING,-10.998,8.4,-11.39,8.986,-9.544,8.045,-1.301,0.29,1.333,23.26,31.9,0.975,-5.625,1.732,1,TRUE,TRUE,606.4,367.4,606.6,367.4,599.4,380.5,FALSE,63,0.55
8.72,545,TRACKING,-11.077,8.4,-11.448,9.071,-9.633,8.07,-1.306,0.169,1.317,22.99,31.54,0.969,-5.546,1.567,1,TRUE,TRUE,606.2,364.7,606.4,365.2,599.8,379.7,FALSE,63,0.49
8.736,546,TRACKING,-11.156,8.398,-11.159,8.894,-9.723,8.094,-1.671,0.315,1.7,29.67,40.71,0.969,-5.635,1.498,1,TRUE,TRUE,597.4,368.2,598,368.9,599.9,379,FALSE,63,1.17
8.752,547,TRACKING,-11.234,8.394,-11.447,8.624,-9.812,8.118,-1.451,0.559,1.555,27.14,37.15,0.973,-5.603,1.522,1,TRUE,TRUE,602.7,374.1,603.4,373.8,600.1,378.5,FALSE,63,1.35
8.768,548,TRACKING,-11.312,8.389,-11.816,9.152,-9.9,8.139,-1.139,-0.016,1.14,19.89,27.3,0.98,-5.459,1.277,1,TRUE,TRUE,610.3,360.5,609.8,360.4,600.6,377.5,FALSE,63,0.49
8.784,549,TRACKING,-11.389,8.382,-11.513,8.915,-9.988,8.158,-1.513,0.182,1.524,26.6,36.51,0.985,-5.505,1.174,1,TRUE,TRUE,601.5,365,601.1,365.6,600.8,376.8,FALSE,63,0.49
8.8,550,TRACKING,-11.465,8.373,-11.478,8.685,-10.077,8.176,-1.62,0.377,1.664,29.04,39.82,0.988,-5.572,1.148,1,TRUE,TRUE,599.1,369.3,599.2,369.1,600.9,376.2,FALSE,63,0.56
8.816,551,TRACKING,-11.541,8.362,-12.018,8.798,-10.163,8.193,-1.135,0.223,1.157,20.19,27.69,0.987,-5.396,1.056,1,TRUE,TRUE,610.9,365.5,611.5,365.9,601.4,375.5,FALSE,63,1.32
8.832,552,TRACKING,-11.617,8.35,-11.959,9.115,-10.249,8.206,-1.254,-0.147,1.262,22.03,30.23,0.983,-5.331,0.83,1,TRUE,TRUE,608.2,356.6,607.6,358.2,601.8,374.5,FALSE,63,1.95
8.848,553,TRACKING,-11.691,8.336,-11.614,8.652,-10.336,8.219,-1.672,0.274,1.694,29.56,40.57,0.977,-5.443,0.797,1,TRUE,TRUE,598.3,366.3,598.6,366.5,601.8,373.8,FALSE,63,0.58
8.864,554,TRACKING,-11.765,8.32,-12.053,8.638,-10.421,8.231,-1.292,0.246,1.315,22.95,31.48,0.973,-5.362,0.753,1,TRUE,TRUE,607.4,365.6,607.6,366.1,602.2,373.2,FALSE,63,0.52
8.88,555,TRACKING,-11.839,8.303,-12.358,8.948,-10.504,8.24,-1.036,-0.122,1.043,18.2,24.98,0.973,-5.18,0.545,1,TRUE,TRUE,613.6,357.1,614,357.5,602.7,372.3,FALSE,63,0.58
8.896,556,TRACKING,-11.912,8.283,-11.922,8.831,-10.588,8.246,-1.538,-0.063,1.54,26.87,36.89,0.979,-5.242,0.374,1,TRUE,TRUE,601.4,358.6,602.8,357.5,602.9,371.4,FALSE,63,1.25
8.912,557,TRACKING,-11.984,8.262,-12.03,8.461,-10.673,8.251,-1.498,0.26,1.521,26.54,36.42,0.991,-5.322,0.359,1,TRUE,TRUE,602.2,366.4,600.8,364.5,603,370.7,FALSE,63,1.42
8.928,558,TRACKING,-12.055,8.24,-12.596,8.698,-10.755,8.255,-0.98,-0.034,0.981,17.12,23.5,1,-5.126,0.247,1,TRUE,TRUE,614.5,359.6,614.8,359.8,603.6,370,FALSE,63,0.5
8.944,559,TRACKING,-12.126,8.215,-12.362,8.892,-10.837,8.256,-1.272,-0.294,1.306,22.79,31.25,1,-5.107,0.024,1,TRUE,TRUE,607.3,353.5,607.4,353.2,603.9,369,FALSE,63,0.53
8.96,560,TRACKING,-12.197,8.189,-12.1,8.443,-10.921,8.256,-1.604,0.101,1.608,28.06,38.52,1,-5.237,0.011,1,TRUE,TRUE,599.2,362.8,599.3,362.3,603.9,368.3,FALSE,63,0.52
8.976,561,TRACKING,-12.266,8.162,-12.653,8.45,-11.003,8.255,-1.104,0.037,1.105,19.28,26.47,1,-5.131,-0.047,1,TRUE,TRUE,611.2,361.1,610.4,360.5,604.3,367.6,FALSE,63,1.2
8.992,562,TRACKING,-12.335,8.132,-12.793,8.707,-11.083,8.251,-1.013,-0.29,1.054,18.39,25.21,1,-4.99,-0.257,1,TRUE,TRUE,613.4,353.2,613.6,352.4,604.8,366.7,FALSE,63,1.55
9.008,563,TRACKING,-12.404,8.101,-12.35,8.611,-11.165,8.244,-1.523,-0.265,1.545,26.97,37,1,-5.108,-0.413,1,TRUE,TRUE,601.2,353.5,601.1,353.3,604.8,365.8,FALSE,63,0.55
9.024,564,TRACKING,-12.472,8.068,-12.621,8.148,-11.246,8.238,-1.31,0.143,1.317,22.99,31.56,1,-5.093,-0.373,1,TRUE,TRUE,606.4,362.9,606.7,362.6,605.1,365.2,FALSE,63,0.52
9.04,565,TRACKING,-12.539,8.034,-13.077,8.535,-11.324,8.229,-0.896,-0.318,0.951,16.6,22.73,1,-4.898,-0.556,1,TRUE,TRUE,616.6,351.9,616.6,351.9,605.6,364.3,FALSE,63,0.49
9.056,566,TRACKING,-12.605,7.998,-12.742,8.512,-11.403,8.218,-1.287,-0.37,1.339,23.37,32.03,1,-4.907,-0.731,1,TRUE,TRUE,607.4,350.7,607.8,350.7,605.9,363.4,FALSE,63,1.16
9.072,567,TRACKING,-12.671,7.96,-12.64,8.237,-11.482,8.205,-1.449,-0.166,1.458,25.46,34.93,0.975,-4.969,-0.805,1,TRUE,TRUE,603.6,355.6,604.6,354.7,606,362.6,FALSE,63,1.43
9.088,568,TRACKING,-12.736,7.92,-13.168,8.046,-11.559,8.192,-0.964,-0.039,0.965,16.84,23.12,0.953,-4.812,-0.794,1,TRUE,TRUE,615.4,358.7,615.5,359,606.6,362,FALSE,63,0.54
9.104,569,TRACKING,-12.801,7.879,-13.149,8.53,-11.635,8.172,-1.028,-0.609,1.195,20.86,28.47,0.94,-4.712,-1.233,1,TRUE,TRUE,614,345.4,614.3,345.1,607,361,FALSE,63,0.57
9.12,570,TRACKING,-12.865,7.836,-12.815,8.122,-11.712,8.158,-1.421,-0.276,1.447,25.26,34.65,0.936,-4.798,-0.897,1,TRUE,TRUE,604.5,353.5,605.2,353.3,607.1,360.2,FALSE,63,0.54
9.136,571,TRACKING,-12.928,7.792,-13.148,7.968,-11.788,8.148,-1.138,-0.194,1.154,20.14,27.63,0.942,-4.759,-0.661,1,TRUE,TRUE,611.3,355.6,610.8,355.3,607.5,359.6,FALSE,63,1.21
9.152,572,TRACKING,-12.99,7.746,-13.444,8.066,-11.862,8.126,-0.883,-0.37,0.958,16.71,22.87,0.955,-4.628,-1.364,1,TRUE,TRUE,617.3,351.2,616.1,351.8,608,358.8,FALSE,63,2.45
9.168,573,TRACKING,-13.052,7.698,-13.147,8.304,-11.936,8.101,-1.234,-0.7,1.418,24.75,33.81,0.972,-4.664,-1.569,1,TRUE,TRUE,608.7,343.3,608.5,343.5,608.2,357.8,FALSE,63,0.54
9.184,574,TRACKING,-13.114,7.649,-13.162,7.698,-12.012,8.076,-1.272,-0.168,1.283,22.39,30.73,0.99,-4.7,-1.53,1,TRUE,TRUE,607.6,355.5,607.8,354.8,608.4,357.2,FALSE,63,0.57
9.2,575,TRACKING,-13.174,7.598,-13.568,7.847,-12.085,8.051,-0.906,-0.4,0.991,17.29,23.65,1,-4.571,-1.601,1,TRUE,TRUE,616.3,349.8,616.2,350.2,608.8,356.5,FALSE,63,0.54
9.216,576,TRACKING,-13.234,7.546,-13.518,7.999,-12.157,8.022,-1.002,-0.643,1.191,20.78,28.35,1,-4.535,-1.777,1,TRUE,TRUE,613.9,343.9,612.6,344.4,609.2,355.5,FALSE,63,1.29
9.232,577,TRACKING,-13.293,7.492,-13.316,7.843,-12.231,7.991,-1.258,-0.58,1.386,24.18,33.07,1,-4.608,-1.926,1,TRUE,TRUE,607.7,345.2,606.9,344.3,609.3,354.6,FALSE,63,1.46
9.248,578,TRACKING,-13.351,7.437,-13.582,7.405,-12.304,7.961,-1.036,-0.22,1.059,18.49,25.36,1,-4.537,-1.881,1,TRUE,TRUE,613,353.7,613.7,353.6,609.7,354.1,FALSE,63,0.5
9.264,579,TRACKING,-13.409,7.38,-13.795,7.787,-12.374,7.928,-0.861,-0.699,1.109,19.35,26.34,1,-4.418,-2.06,1,TRUE,TRUE,617.4,342.6,617.1,342.9,610.1,353.2,FALSE,63,0.49
9.28,580,TRACKING,-13.466,7.321,-13.607,7.721,-12.445,7.893,-1.096,-0.729,1.316,22.98,31.33,1,-4.435,-2.218,1,TRUE,TRUE,611.9,342,611,342.4,610.4,352.3,FALSE,63,0.5
9.296,581,TRACKING,-13.523,7.261,-13.605,7.337,-12.516,7.857,-1.142,-0.434,1.221,21.32,29.19,1,-4.415,-2.24,1,TRUE,TRUE,610.9,349.2,612.6,348.4,610.7,351.6,FALSE,63,1.17
9.312,582,TRACKING,-13.578,7.199,-13.908,7.304,-12.585,7.82,-0.876,-0.492,1.004,17.53,23.94,1,-4.312,-2.287,1,TRUE,TRUE,617.5,348,617.3,347.5,611.1,350.9,FALSE,63,1.43
9.328,583,TRACKING,-13.633,7.136,-13.932,7.609,-12.652,7.78,-0.889,-0.901,1.266,22.09,30,1,-4.229,-2.513,1,TRUE,TRUE,617.4,338.3,617.3,338,611.5,349.9,FALSE,63,0.5
9.344,584,TRACKING,-13.687,7.072,-13.751,7.267,-12.721,7.739,-1.115,-0.656,1.294,22.58,30.82,1,-4.273,-2.584,1,TRUE,TRUE,612,344,611.2,344.1,611.8,349.2,FALSE,63,0.49
9.36,585,TRACKING,-13.741,7.006,-13.911,6.967,-12.789,7.698,-0.995,-0.444,1.089,19.02,26.01,1,-4.232,-2.547,1,TRUE,TRUE,615,348.9,615.1,349.6,612.1,348.7,FALSE,63,0.49
9.376,586,TRACKING,-13.794,6.938,-14.167,7.275,-12.854,7.654,-0.768,-0.856,1.151,20.08,27.24,1,-4.078,-2.721,1,TRUE,TRUE,620.4,338.9,621.6,339.5,612.7,347.8,FALSE,63,1.18
9.392,587,TRACKING,-13.846,6.87,-14.026,7.203,-12.919,7.608,-0.947,-0.893,1.302,22.72,30.87,1,-4.051,-2.913,1,TRUE,TRUE,616.1,337.8,616.4,336.9,613,346.9,FALSE,63,1.26
9.408,588,TRACKING,-13.897,6.799,-13.922,6.802,-12.984,7.561,-1.092,-0.59,1.241,21.66,29.6,1,-4.088,-2.928,1,TRUE,TRUE,612.4,344.7,613,344.6,613.2,346.2,FALSE,63,0.47
9.424,589,TRACKING,-13.948,6.727,-14.245,6.769,-13.048,7.513,-0.803,-0.656,1.037,18.1,24.63,1,-4.011,-2.975,1,TRUE,TRUE,619.2,343.1,618.5,343.3,613.7,345.6,FALSE,63,0.48
9.44,590,TRACKING,-13.998,6.654,-14.344,7.107,-13.111,7.462,-0.732,-1.11,1.33,23.21,31.4,0.995,-3.895,-3.215,1,TRUE,TRUE,620.8,332.4,621.4,333,614.2,344.6,FALSE,63,0.52
9.456,591,TRACKING,-14.047,6.58,-14.065,6.629,-13.174,7.41,-1.052,-0.735,1.283,22.4,30.53,0.972,-3.959,-3.24,1,TRUE,TRUE,613,341.3,612.9,342.1,614.4,343.9,FALSE,63,2.14
9.472,592,TRACKING,-14.096,6.504,-14.212,6.485,-13.237,7.358,-0.944,-0.69,1.169,20.41,27.81,0.95,-3.972,-3.236,1,TRUE,TRUE,615.5,342.6,614.5,344,614.6,343.4,FALSE,63,1.75
9.488,593,TRACKING,-14.143,6.427,-14.575,6.631,-13.298,7.304,-0.605,-0.947,1.124,19.62,26.53,0.935,-3.814,-3.381,1,TRUE,TRUE,623.6,336.7,623.6,336.7,615.2,342.6,FALSE,63,0.62
9.504,594,TRACKING,-14.19,6.348,-14.357,6.709,-13.359,7.247,-0.857,-1.143,1.428,24.93,33.76,0.929,-3.803,-3.574,1,TRUE,TRUE,617.6,332.2,617.4,332.8,615.5,341.7,FALSE,63,0.59
9.52,595,TRACKING,-14.237,6.268,-14.19,6.084,-13.421,7.191,-1.063,-0.618,1.23,21.46,29.31,0.933,-3.863,-3.515,1,TRUE,TRUE,612.8,344.6,613.4,344.4,615.6,341.2,FALSE,63,0.63
9.536,596,TRACKING,-14.282,6.187,-14.633,6.325,-13.481,7.133,-0.644,-0.972,1.166,20.35,27.52,0.948,-3.732,-3.63,1,TRUE,TRUE,623,336.2,622.8,336.5,616.1,340.4,FALSE,63,1.39
9.552,597,TRACKING,-14.327,6.105,-14.697,6.364,-13.539,7.072,-0.604,-1.13,1.281,22.36,30.2,0.969,-3.616,-3.804,1,TRUE,TRUE,624.2,332.3,623.6,332.4,616.7,339.6,FALSE,63,1.41
9.568,598,TRACKING,-14.371,6.021,-14.3,6.136,-13.598,7.01,-1.039,-1.017,1.454,25.38,34.48,0.995,-3.696,-3.9,1,TRUE,TRUE,613.9,334.7,614.1,334.9,616.8,338.8,FALSE,63,0.5
9.584,599,TRACKING,-14.414,5.936,-14.557,5.717,-13.657,6.948,-0.812,-0.703,1.074,18.74,25.49,1,-3.669,-3.851,1,TRUE,TRUE,619.5,341.9,618.7,342,617.1,338.4,FALSE,63,0.52
9.6,600,TRACKING,-14.457,5.85,-14.947,6.169,-13.712,6.883,-0.436,-1.281,1.353,23.62,31.81,1,-3.453,-4.084,1,TRUE,TRUE,628.6,328,629.1,328.2,617.8,337.4,FALSE,63,0.55
9.616,601,TRACKING,-14.499,5.762,-14.572,5.88,-13.768,6.815,-0.842,-1.116,1.397,24.39,33.03,1,-3.488,-4.232,1,TRUE,TRUE,618.9,331.8,618,330.3,618.1,336.6,FALSE,63,1.16
9.632,602,TRACKING,-14.54,5.674,-14.47,5.569,-13.825,6.747,-0.978,-0.918,1.342,23.41,31.82,1,-3.559,-4.24,1,TRUE,TRUE,615.6,336.5,615.3,336.5,618.2,336,FALSE,63,1.32
9.648,603,TRACKING,-14.58,5.584,-15.016,5.522,-13.878,6.678,-0.446,-0.987,1.083,18.91,25.5,1,-3.36,-4.283,1,TRUE,TRUE,628.3,335,628.9,335.1,618.9,335.4,FALSE,63,0.5
9.664,604,TRACKING,-14.62,5.493,-14.923,5.832,-13.931,6.606,-0.558,-1.428,1.533,26.76,36.07,1,-3.273,-4.512,1,TRUE,TRUE,625.5,324.8,625.2,325.2,619.4,334.4,FALSE,63,0.51
9.68,605,TRACKING,-14.659,5.401,-14.51,5.279,-13.985,6.534,-1.006,-0.991,1.412,24.65,33.48,1,-3.393,-4.503,1,TRUE,TRUE,614.6,335.3,614.7,335.5,619.5,333.9,FALSE,63,0.5
9.696,606,TRACKING,-14.697,5.308,-14.924,5.168,-14.038,6.462,-0.612,-0.996,1.169,20.4,27.58,1,-3.303,-4.508,1,TRUE,TRUE,623.9,335.3,624.3,335.5,619.9,333.4,FALSE,63,1.3
9.712,607,TRACKING,-14.734,5.214,-15.209,5.357,-14.088,6.388,-0.337,-1.313,1.356,23.66,31.84,1,-3.116,-4.663,1,TRUE,TRUE,630.4,327.9,630.6,328,620.5,332.6,FALSE,63,1.41
9.728,608,TRACKING,-14.77,5.118,-14.731,5.265,-14.139,6.311,-0.845,-1.35,1.592,27.79,37.57,0.995,-3.206,-4.808,1,TRUE,TRUE,618.1,326.9,617.7,327,620.7,331.8,FALSE,63,0.54
9.744,609,TRACKING,-14.806,5.022,-14.795,4.748,-14.191,6.234,-0.808,-0.948,1.246,21.75,29.49,0.993,-3.258,-4.757,1,TRUE,TRUE,619,336.2,618.3,336.1,620.9,331.3,FALSE,63,0.51
9.76,610,TRACKING,-14.841,4.924,-15.323,4.91,-14.24,6.157,-0.288,-1.237,1.27,22.16,29.81,0.995,-3.049,-4.863,1,TRUE,TRUE,631.6,329.1,631.6,329,621.6,330.7,FALSE,63,0.51
9.776,611,TRACKING,-14.875,4.826,-15.064,5.029,-14.288,6.076,-0.564,-1.491,1.594,27.82,37.49,0.998,-3.009,-5.065,1,TRUE,TRUE,625.1,322.9,625,323,622,329.8,FALSE,63,1.92
9.792,612,TRACKING,-14.909,4.726,-14.768,4.57,-14.338,5.994,-0.889,-1.156,1.458,25.45,34.48,0.999,-3.108,-5.092,1,TRUE,TRUE,617.4,330.6,617.7,330.2,622.1,329.2,FALSE,63,1.26
9.808,613,TRACKING,-14.941,4.626,-15.255,4.398,-14.385,5.912,-0.412,-1.108,1.182,20.63,27.79,0.996,-2.962,-5.105,1,TRUE,TRUE,629.1,331.7,629.4,331.1,622.6,328.7,FALSE,63,0.51
9.824,614,TRACKING,-14.973,4.524,-15.361,4.63,-14.43,5.828,-0.313,-1.476,1.509,26.33,35.42,0.99,-2.805,-5.287,1,TRUE,TRUE,631.7,323.1,631.7,322.5,623.2,327.9,FALSE,63,0.54
9.84,615,TRACKING,-15.005,4.422,-14.911,4.474,-14.476,5.741,-0.785,-1.456,1.654,28.87,38.98,0.979,-2.876,-5.424,1,TRUE,TRUE,620.4,323.6,621.1,323,623.4,327.1,FALSE,63,0.54
9.856,616,TRACKING,-15.035,4.319,-15.111,3.949,-14.522,5.656,-0.601,-1.047,1.207,21.07,28.47,0.967,-2.857,-5.317,1,TRUE,TRUE,624.9,333.5,624.8,334.8,623.8,326.8,FALSE,63,1.35
9.872,617,TRACKING,-15.064,4.214,-15.498,4.191,-14.564,5.569,-0.214,-1.422,1.439,25.11,33.76,0.956,-2.63,-5.436,1,TRUE,TRUE,634.3,324.8,636.1,324.6,624.5,326.1,FALSE,63,1.26
9.888,618,TRACKING,-15.093,4.109,-15.18,4.18,-14.606,5.48,-0.547,-1.549,1.642,28.67,38.62,0.95,-2.642,-5.592,1,TRUE,TRUE,626.2,322,625.8,321.6,624.8,325.3,FALSE,63,0.55
9.904,619,TRACKING,-15.121,4.003,-15.038,3.829,-14.649,5.39,-0.709,-1.326,1.503,26.23,35.42,0.951,-2.706,-5.609,1,TRUE,TRUE,622.2,327.2,622.5,327.4,625,324.8,FALSE,63,0.53
9.92,620,TRACKING,-15.148,3.897,-15.461,3.532,-14.69,5.301,-0.289,-1.153,1.188,20.74,27.9,0.961,-2.569,-5.567,1,TRUE,TRUE,632.2,331.2,632.3,330.8,625.6,324.4,FALSE,63,0.54
9.936,621,TRACKING,-15.175,3.789,-15.448,3.943,-14.73,5.208,-0.307,-1.709,1.737,30.31,40.76,0.979,-2.469,-5.822,1,TRUE,TRUE,631.6,317.9,631.8,316,626.1,323.5,FALSE,63,1.27
9.952,622,TRACKING,-15.201,3.681,-15.124,3.532,-14.77,5.114,-0.648,-1.429,1.569,27.38,36.93,1,-2.532,-5.846,1,TRUE,TRUE,623.3,324.2,623.9,325.4,626.3,323,FALSE,63,1.38
9.968,623,TRACKING,-15.225,3.572,-15.338,3.26,-14.81,5.021,-0.443,-1.285,1.359,23.72,31.95,1,-2.486,-5.834,1,TRUE,TRUE,628.1,327.4,628.8,327.5,626.7,322.6,FALSE,63,0.5
9.984,624,TRACKING,-15.249,3.462,-15.589,3.262,-14.848,4.927,-0.193,-1.418,1.431,24.98,33.58,1,-2.354,-5.883,1,TRUE,TRUE,634.1,324.1,633.8,324.7,627.3,322,FALSE,63,0.51
10,625,TRACKING,-15.273,3.351,-15.34,3.492,-14.885,4.829,-0.45,-1.795,1.851,32.3,43.47,1,-2.342,-6.117,1,TRUE,TRUE,627.9,315.2,628.7,314.7,627.6,321.2,FALSE,63,0.52
