timestamp_s,frame_number,tracking_status,target_pan_deg,target_tilt_deg,estimated_pan_deg,estimated_tilt_deg,gimbal_pan_deg,gimbal_tilt_deg,pan_error_deg,tilt_error_deg,total_angular_error_deg,total_angular_error_mrad,pixel_error_px,rssi_signal_strength,pan_pid_output,tilt_pid_output,detection_confidence,beacon_visible,ground_truth_in_fov,ground_truth_x_px,ground_truth_y_px,detected_x_px,detected_y_px,predicted_x_px,predicted_y_px,link_locked,fps,processing_time_ms
0.016,1,ACQUIRING,11.998,0.116,18.534,-2.628,0.56,-0.365,11.275,0.717,11.298,197.18,274.14,0.951,35,-22.789,1,TRUE,TRUE,927.8,368.7,1080.9,312.5,1080.9,312.5,FALSE,63,1.87
0.032,2,TRACKING,11.996,0.174,18.512,-2.416,1.12,-0.597,10.996,0.845,11.029,192.48,267.42,0.957,35,-14.495,1,TRUE,TRUE,921,374.6,1072.8,319.3,1073.1,319.1,FALSE,63,2.32
0.048,3,TRACKING,11.993,0.232,15.921,-0.978,1.68,-0.565,10.418,0.655,10.438,182.18,252.8,0.967,35,1.983,1,TRUE,TRUE,906.7,376.1,906,375.9,991,347,FALSE,63,2.22
0.064,4,TRACKING,11.988,0.29,15.362,-0.473,2.24,-0.47,9.599,0.628,9.62,167.9,232.58,0.978,35,5.95,1,TRUE,TRUE,886.5,376.7,886.7,376.5,956.2,356.8,FALSE,63,2.19
0.08,5,TRACKING,11.983,0.348,14.976,-0.476,2.8,-0.34,9.135,1.011,9.191,160.41,221.97,0.985,35,8.131,1,TRUE,TRUE,875,386.3,874.6,385.8,934.9,364.4,FALSE,63,2.1
0.096,6,TRACKING,11.977,0.406,15.93,-0.387,3.36,-0.323,8.778,0.597,8.799,153.57,212.4,0.988,35,1.043,1,TRUE,TRUE,866.1,373.9,1010.5,320.6,950.1,355.4,FALSE,63,2.36
0.112,7,TRACKING,11.97,0.464,16.945,-0.674,3.92,-0.372,8.044,0.677,8.072,140.89,194.61,0.986,35,-3.05,1,TRUE,TRUE,847.8,374.3,991.7,321.6,957.3,349.2,FALSE,63,2.33
0.128,8,TRACKING,11.962,0.522,16.739,-0.694,4.415,-0.358,7.384,0.996,7.451,130.05,179.4,0.982,30.963,0.835,1,TRUE,TRUE,829.9,383.4,830.6,383.6,935.7,354.8,FALSE,63,2.17
0.144,9,TRACKING,11.954,0.58,16.069,-0.492,4.737,-0.303,7.282,1.067,7.359,128.45,177.15,0.977,20.1,3.474,1,TRUE,TRUE,823,386.3,823.2,385.9,916.7,359.9,FALSE,63,3.44
0.16,10,TRACKING,11.944,0.638,15.472,0.157,4.929,-0.228,7.165,0.596,7.189,125.48,173.09,0.976,11.993,4.653,1,TRUE,TRUE,816.8,376,816.7,376,899.2,362.7,FALSE,63,2.1
0.176,11,TRACKING,11.933,0.696,15.286,1.074,5.042,0.057,6.76,0.636,6.79,118.51,163.38,0.981,7.069,17.816,1,TRUE,TRUE,804.9,382.1,824.2,498.3,884.8,383.8,FALSE,63,2.24
0.192,12,TRACKING,11.922,0.753,15.68,0.766,5.28,0.223,6.532,0.762,6.577,114.79,158.18,0.993,14.844,10.397,1,TRUE,TRUE,802.4,382.3,938.3,334.4,889.2,378.2,FALSE,63,2.19
0.208,13,TRACKING,11.909,0.811,14.844,1.246,5.398,0.366,6.704,0.362,6.714,117.18,161.55,1,7.401,8.931,1,TRUE,TRUE,803.7,372.3,803,373,873.1,378.7,FALSE,63,1.97
0.224,14,TRACKING,11.896,0.869,14.406,1.459,5.425,0.481,6.504,0.186,6.506,113.55,156.52,1,1.671,7.189,1,TRUE,TRUE,796.8,367.3,797.5,367.3,857.7,378.2,FALSE,63,1.93
0.24,15,TRACKING,11.881,0.926,14.01,1.216,5.378,0.587,6.275,0.511,6.296,109.88,151.39,1,-2.946,6.622,1,TRUE,TRUE,789.6,374.4,790,374.8,842.8,378.8,FALSE,63,1.93
0.256,16,TRACKING,11.866,0.984,14.15,0.972,5.505,0.605,6.438,0.521,6.459,112.72,155.34,1,7.945,1.134,1,TRUE,TRUE,798,372.3,929.8,326.7,850.6,371.9,FALSE,63,2.88
0.272,17,TRACKING,11.85,1.041,14.574,1.007,5.761,0.546,6.301,0.22,6.305,110.05,151.65,1,16.032,-3.716,1,TRUE,TRUE,798,363.3,929.1,318.5,858,364.4,FALSE,63,2.09
0.288,18,TRACKING,11.833,1.098,14.494,0.725,5.886,0.521,5.754,0.617,5.787,101.01,139.06,1,7.818,-1.558,1,TRUE,TRUE,781.8,373.4,782,373.8,843,365.7,FALSE,63,1.9
0.304,19,TRACKING,11.815,1.156,13.9,0.658,5.918,0.527,5.765,0.821,5.823,101.64,139.9,1,2.002,0.388,1,TRUE,TRUE,779.9,379,779.2,378.1,829.3,367.6,FALSE,63,1.87
0.32,20,TRACKING,11.796,1.213,13.038,0.976,5.905,0.55,6.167,0.61,6.197,108.16,148.99,1,-0.85,1.422,1,TRUE,TRUE,788.5,374.6,789.1,374.7,818.5,368.8,FALSE,63,1.86
0.336,21,TRACKING,11.776,1.27,13.771,0.899,6.039,0.512,5.731,0.501,5.753,100.4,138.24,1,8.404,-2.375,1,TRUE,TRUE,781.4,370.9,906.8,328.1,826.2,363,FALSE,63,2.28
0.352,22,TRACKING,11.755,1.327,14.519,0.187,6.267,0.458,5.198,1.143,5.322,92.89,127.7,0.967,14.263,-3.393,1,TRUE,TRUE,770.7,385.8,896.2,343.7,831.9,360.1,FALSE,63,2.1
0.368,23,TRACKING,11.733,1.384,13.714,0.556,6.395,0.445,5.501,0.957,5.583,97.45,134.07,0.94,7.951,-0.797,1,TRUE,TRUE,775.4,382.6,775.6,383,820.2,363,FALSE,63,2.66
0.384,24,TRACKING,11.711,1.44,13.277,0.856,6.452,0.461,5.476,0.814,5.536,96.63,132.95,0.921,3.559,1.014,1,TRUE,TRUE,772.9,380,773.2,380.9,809.5,365.4,FALSE,63,1.89
0.4,25,TRACKING,11.687,1.497,13.3,0.9,6.444,0.501,4.958,0.932,5.045,88.05,121.05,0.915,-0.496,2.513,1,TRUE,TRUE,758.6,383.2,758.7,383.4,798.1,367.9,FALSE,63,1.82
0.416,26,TRACKING,11.663,1.553,12.947,1.563,6.458,0.732,5.135,1.145,5.261,91.83,126.23,0.922,0.915,14.405,1,TRUE,TRUE,763.3,392.5,806.9,509.4,794.4,387.1,FALSE,63,2.08
0.432,27,TRACKING,11.638,1.61,13.031,2.006,6.604,0.863,5.365,0.525,5.391,94.09,129.49,0.939,9.089,8.241,1,TRUE,TRUE,771.9,375.3,892.7,336.8,802.7,381.6,FALSE,63,1.99
0.448,28,TRACKING,11.611,1.666,13.135,1.991,6.675,0.977,4.828,0.602,4.866,84.92,116.79,0.963,4.446,7.095,1,TRUE,TRUE,757.1,376.5,757.7,376.3,792.8,381.8,FALSE,63,1.81
0.464,29,TRACKING,11.584,1.722,13.233,2.68,6.748,1.23,4.559,0.623,4.601,80.3,110.4,0.988,4.575,15.785,1,TRUE,TRUE,750.8,380,799.2,495.9,789.3,397.1,FALSE,63,1.8
0.48,30,TRACKING,11.556,1.778,12.409,2.81,6.781,1.431,5.034,0.502,5.059,88.3,121.48,1,2.04,12.559,1,TRUE,TRUE,761.4,376,761.3,376.2,781.5,396,FALSE,63,1.78
0.496,31,TRACKING,11.527,1.834,12.544,4.062,6.843,1.717,4.823,-0.211,4.828,84.26,115.92,1,3.884,17.891,1,TRUE,TRUE,757.2,361.3,808.3,477.4,780.4,407.3,FALSE,63,2.59
0.512,32,TRACKING,11.498,1.89,12.998,4.418,6.917,2.067,4.249,-0.056,4.25,74.17,101.98,1,4.615,21.864,1,TRUE,TRUE,743.9,366.7,797.6,481,778.2,418,FALSE,63,1.98
0.528,33,TRACKING,11.467,1.945,12.357,4.445,6.95,2.322,4.557,-0.217,4.562,79.63,109.51,1,2.075,15.964,1,TRUE,TRUE,750.5,361,751.1,360.9,770.9,413.5,FALSE,63,1.8
0.544,34,TRACKING,11.435,2.001,11.85,4.648,6.961,2.498,4.779,-0.59,4.815,84.04,115.57,1,0.697,11.016,1,TRUE,TRUE,755.5,350.6,754.8,351,764.8,408.3,FALSE,63,1.78
0.56,35,TRACKING,11.403,2.056,12.057,4.64,6.946,2.611,4.257,-0.763,4.325,75.48,103.71,1,-0.912,7.018,1,TRUE,TRUE,742.3,345.2,742.8,344.9,757.9,402.7,FALSE,63,1.78
0.576,36,TRACKING,11.37,2.111,11.759,4.067,6.915,2.688,4.264,-0.304,4.275,74.61,102.58,1,-1.953,4.842,1,TRUE,TRUE,742.1,355.2,742,355.7,751.7,398.8,FALSE,63,1.96
0.592,37,TRACKING,11.335,2.166,11.657,3.999,6.994,2.698,4.633,-0.521,4.662,81.37,111.89,1,4.912,0.616,1,TRUE,TRUE,753.5,348.4,859.4,315.8,759,390.8,FALSE,63,1.93
0.608,38,TRACKING,11.3,2.221,11.732,4.036,7.039,2.687,4.293,-0.689,4.348,75.89,104.29,1,2.82,-0.651,1,TRUE,TRUE,744.4,343.8,744.4,343.9,753.4,386.4,FALSE,63,1.8
0.624,39,TRACKING,11.264,2.276,11.82,3.605,7.053,2.67,3.919,-0.341,3.934,68.66,94.36,1,0.865,-1.12,1,TRUE,TRUE,734.4,351.5,734.5,351.6,747.4,383.2,FALSE,63,1.79
0.64,40,TRACKING,11.227,2.33,11.223,3.317,7.054,2.652,4.291,-0.098,4.292,74.91,103,1,0.111,-1.126,1,TRUE,TRUE,742.9,356.9,743.1,357.6,742.9,380.9,FALSE,63,2.26
0.656,41,TRACKING,11.19,2.384,10.963,3.56,7.052,2.626,4.353,-0.412,4.373,76.32,104.93,1,-0.176,-1.622,1,TRUE,TRUE,744.1,349.2,745.3,350,739,377.9,FALSE,63,1.93
0.672,42,TRACKING,11.151,2.438,11.524,3.984,7.098,2.701,3.838,-0.41,3.86,67.37,92.58,1,2.888,4.737,1,TRUE,TRUE,732.7,351.6,800.5,464.6,741.1,386.6,FALSE,63,1.98
0.688,43,TRACKING,11.112,2.492,11.241,3.539,7.122,2.754,3.895,-0.003,3.895,67.97,93.44,1,1.494,3.295,1,TRUE,TRUE,733.5,360.8,734.1,360.6,736.5,384.5,FALSE,63,1.81
0.704,44,TRACKING,11.071,2.546,10.768,3.727,7.136,2.784,4.178,-0.248,4.185,73.05,100.42,1,0.886,1.89,1,TRUE,TRUE,740.1,354.7,739.2,354.3,732.9,381.9,FALSE,63,1.83
0.72,45,TRACKING,11.03,2.599,10.872,3.819,7.138,2.795,3.867,-0.402,3.888,67.86,93.26,0.992,0.141,0.686,1,TRUE,TRUE,732.4,350.9,731.6,351.2,729,379.2,FALSE,63,1.77
0.736,46,TRACKING,10.988,2.653,11.228,4.037,7.192,2.896,3.587,-0.199,3.593,62.71,86.17,0.966,3.346,6.303,1,TRUE,TRUE,727.1,358,800.6,470.7,731.8,387.8,FALSE,63,2.03
0.752,47,TRACKING,10.945,2.706,11.147,4.342,7.29,3.064,3.768,-0.098,3.77,65.79,90.43,0.941,6.157,10.518,1,TRUE,TRUE,732.7,362.1,808.1,473.6,735.3,396.1,FALSE,63,2.03
0.768,48,TRACKING,10.902,2.759,11.03,4.807,7.359,3.175,3.683,-0.672,3.744,65.35,89.75,0.922,4.315,6.921,1,TRUE,TRUE,730.2,347.4,729.8,346.6,731.5,392.3,FALSE,63,2.39
0.784,49,TRACKING,10.857,2.811,11.193,4.532,7.401,3.248,3.296,-0.478,3.331,58.14,79.84,0.914,2.608,4.554,1,TRUE,TRUE,720.4,350.9,720.3,351.1,727.1,389.1,FALSE,63,1.85
0.8,50,TRACKING,10.812,2.864,10.959,4.259,7.424,3.296,3.321,-0.266,3.332,58.15,79.89,0.918,1.464,3.001,1,TRUE,TRUE,720.7,355.1,720.4,354.5,723.2,386.5,FALSE,63,1.8
0.816,51,TRACKING,10.765,2.916,10.603,4.261,7.439,3.324,3.497,-0.33,3.512,61.3,84.22,0.935,0.932,1.742,1,TRUE,TRUE,724.8,352.8,725,352.2,720,383.8,FALSE,63,2.1
0.832,52,TRACKING,10.718,2.968,10.633,4.53,7.444,3.329,3.275,-0.688,3.346,58.4,80.17,0.962,0.3,0.349,1,TRUE,TRUE,719.1,343.6,718.3,342.8,716.5,380.5,FALSE,63,2.11
0.848,53,TRACKING,10.67,3.02,10.64,3.92,7.439,3.33,3.07,-0.107,3.071,53.61,73.64,0.995,-0.313,0.017,1,TRUE,TRUE,713.9,357,713.6,357.5,712.9,378.6,FALSE,63,1.82
0.864,54,TRACKING,10.622,3.071,10.296,3.935,7.432,3.324,3.244,-0.153,3.248,56.69,77.89,1,-0.473,-0.37,1,TRUE,TRUE,717.8,355.8,718.4,355,710,376.7,FALSE,63,1.8
0.88,55,TRACKING,10.572,3.122,10.092,4.051,7.424,3.311,3.291,-0.307,3.305,57.69,79.25,1,-0.502,-0.811,1,TRUE,TRUE,718.7,352.1,719.1,352.1,707.4,374.6,FALSE,63,1.81
0.896,56,TRACKING,10.522,3.173,10.201,4.008,7.411,3.293,3.007,-0.295,3.021,52.73,72.42,1,-0.811,-1.144,1,TRUE,TRUE,711.6,352.5,711.3,352.4,704.4,372.7,FALSE,63,2.82
0.912,57,TRACKING,10.471,3.224,10.074,3.459,7.394,3.28,2.965,0.276,2.977,51.97,71.37,1,-1.028,-0.786,1,TRUE,TRUE,710.3,366.3,710.2,366.2,701.6,372,FALSE,63,2.22
0.928,58,TRACKING,10.419,3.275,9.707,3.828,7.38,3.266,3.192,-0.098,3.194,55.74,76.58,1,-0.861,-0.898,1,TRUE,TRUE,715.7,357.7,716.5,358.2,699.5,370.7,FALSE,63,2.53
0.944,59,TRACKING,10.366,3.325,9.694,3.815,7.367,3.25,3.06,-0.085,3.061,53.42,73.39,1,-0.862,-0.981,1,TRUE,TRUE,712.5,358.2,712.4,358.5,697.2,369.5,FALSE,63,0.63
0.96,60,TRACKING,10.312,3.375,9.824,3.55,7.349,3.238,2.769,0.206,2.777,48.46,66.56,1,-1.113,-0.741,1,TRUE,TRUE,705.5,365.1,705.2,365.8,694.7,368.9,FALSE,63,0.62
0.976,61,TRACKING,10.258,3.425,8.878,2.956,7.222,3.159,3.055,0.498,3.095,54.02,74.17,1,-7.921,-4.935,1,TRUE,TRUE,709.8,370.2,544.6,263.6,680.1,360.7,FALSE,63,1.56
0.992,62,TRACKING,10.203,3.474,7.94,2.967,7.02,3.024,3.389,0.176,3.394,59.23,81.38,0.997,-12.609,-8.437,1,TRUE,TRUE,716.3,361.1,551.6,254.5,667,352.2,FALSE,63,1.97
1.008,63,TRACKING,10.147,3.524,8.094,2.636,6.867,2.924,3.16,0.581,3.213,56.08,76.99,0.986,-9.567,-6.23,1,TRUE,TRUE,712.1,371.1,712.1,370.5,666.5,352.8,FALSE,63,0.63
1.024,64,TRACKING,10.09,3.573,8.015,2.389,6.75,2.856,3.17,0.928,3.303,57.65,79.07,0.981,-7.302,-4.299,1,TRUE,TRUE,713.4,379.8,713.1,379.1,666.2,354,FALSE,63,0.61
1.04,65,TRACKING,10.032,3.621,7.57,2.617,6.667,2.808,3.581,0.79,3.667,64,87.87,0.982,-5.204,-3.001,1,TRUE,TRUE,724.3,376.9,723.5,376.6,666.8,355,FALSE,63,0.63
1.056,66,TRACKING,9.974,3.67,7.083,2.434,6.506,2.703,3.543,0.722,3.615,63.1,86.64,0.986,-10.052,-6.509,1,TRUE,TRUE,721.6,374,558.6,265.2,655.6,348,FALSE,63,2.71
1.072,67,TRACKING,9.915,3.718,6.756,1.644,6.289,2.567,3.353,1.32,3.603,62.88,86.15,0.99,-13.562,-8.547,1,TRUE,TRUE,715.7,387.4,552.7,279.5,644.7,342.3,FALSE,63,2.56
1.088,68,TRACKING,9.855,3.766,6.341,1.679,6.129,2.476,3.789,1.441,4.053,70.74,96.97,0.991,-10.025,-5.696,1,TRUE,TRUE,727.5,391.5,727.5,391.8,646.6,344.8,FALSE,63,0.67
1.104,69,TRACKING,9.794,3.813,6.134,2.093,6.019,2.414,4.035,1.159,4.198,73.27,100.55,0.986,-6.872,-3.858,1,TRUE,TRUE,734.5,385.9,734.9,385.5,649,346.8,FALSE,63,0.67
1.12,70,TRACKING,9.733,3.861,6.592,1.942,5.941,2.379,3.587,1.461,3.873,67.6,92.61,0.977,-4.866,-2.195,1,TRUE,TRUE,724.3,393.8,725.3,393.5,650.7,349.3,FALSE,63,0.69
1.136,71,TRACKING,9.671,3.908,6.011,1.428,5.792,2.301,3.715,1.825,4.139,72.24,98.86,0.965,-9.309,-4.829,1,TRUE,TRUE,725.5,401.5,562.8,290.9,641.3,344.6,FALSE,63,2.63
1.152,72,TRACKING,9.608,3.954,5.943,2.126,5.758,2.32,4.153,1.597,4.45,77.66,106.47,0.954,-2.15,1.186,1,TRUE,TRUE,738.6,398.4,848.2,503.6,651.7,354.6,FALSE,63,4.25
1.168,73,TRACKING,9.544,4.001,6.309,2.465,5.741,2.346,3.81,1.393,4.057,70.81,97.08,0.947,-1.054,1.581,1,TRUE,TRUE,730.6,393.6,730,393.1,653.8,356.7,FALSE,63,0.95
1.184,74,TRACKING,9.48,4.047,6.687,2.136,5.733,2.391,3.429,1.89,3.915,68.33,93.42,0.947,-0.462,2.828,1,TRUE,TRUE,721.5,405.5,721.2,405.8,655.2,359.5,FALSE,63,0.64
1.2,75,TRACKING,9.415,4.092,6.303,2.452,5.741,2.435,3.839,1.722,4.207,73.43,100.56,0.957,0.468,2.772,1,TRUE,TRUE,731.8,401.3,732.5,401,657.4,361.9,FALSE,63,0.76
1.216,76,TRACKING,9.349,4.138,6.339,2.818,5.76,2.484,3.824,1.486,4.102,71.6,98.13,0.977,1.219,3.028,1,TRUE,TRUE,731.8,395.6,731.5,396,659.5,363.9,FALSE,63,3.2
1.232,77,TRACKING,9.282,4.183,6.938,2.877,5.783,2.536,3.205,1.554,3.562,62.18,85.07,1,1.384,3.286,1,TRUE,TRUE,717.1,397.2,717.5,396.5,660.6,365.8,FALSE,63,4.87
1.248,78,TRACKING,9.215,4.228,6.805,2.628,5.81,2.599,3.327,1.955,3.859,67.35,92.03,1,1.697,3.899,1,TRUE,TRUE,720.3,406.8,720.3,407.1,662,368.3,FALSE,63,0.79
1.264,79,TRACKING,9.147,4.272,6.502,3.269,5.846,2.662,3.638,1.426,3.907,68.19,93.45,1,2.289,3.937,1,TRUE,TRUE,728.2,394.6,728.3,393.9,663.8,369.9,FALSE,63,0.69
1.28,80,TRACKING,9.078,4.316,7.018,3.33,5.884,2.727,3.092,1.477,3.426,59.8,81.82,1,2.354,4.059,1,TRUE,TRUE,715.3,396.1,714.6,395.4,664.7,371.5,FALSE,63,0.66
1.296,81,TRACKING,9.009,4.36,7.256,3.263,5.921,2.797,2.81,1.67,3.268,57.04,77.92,1,2.319,4.402,1,TRUE,TRUE,708.7,401,709.6,401.6,665.3,373.4,FALSE,63,5.24
1.312,82,TRACKING,8.939,4.403,6.825,3.334,5.964,2.873,3.223,1.724,3.656,63.8,87.24,1,2.698,4.753,1,TRUE,TRUE,718.8,402.6,719.5,403.2,666.6,375.4,FALSE,63,5.69
1.328,83,TRACKING,8.868,4.446,7.015,3.978,6.01,2.947,2.998,1.168,3.218,56.16,76.94,1,2.847,4.607,1,TRUE,TRUE,713.5,389.7,713.3,390.1,667.4,376.4,FALSE,63,0.87
1.344,84,TRACKING,8.797,4.489,7.51,3.697,6.051,3.024,2.431,1.558,2.887,50.4,68.78,1,2.566,4.831,1,TRUE,TRUE,699.7,398.8,699.1,399,667.4,377.9,FALSE,63,0.82
1.36,85,TRACKING,8.724,4.532,7.226,3.775,6.093,3.105,2.66,1.587,3.098,54.06,73.84,1,2.62,5.051,1,TRUE,TRUE,705.1,399.4,705.3,399.8,667.8,379.5,FALSE,63,0.67
1.376,86,TRACKING,8.652,4.574,7.142,4.123,6.155,3.188,2.782,1.339,3.088,53.89,73.72,0.979,3.91,5.193,1,TRUE,TRUE,708.3,393.4,742.3,398.2,670.5,380.8,FALSE,63,5.7
1.392,87,TRACKING,8.578,4.615,7.188,4.087,6.132,3.208,2.273,1.154,2.549,44.49,60.82,0.954,-1.453,1.24,1,TRUE,TRUE,693.8,387.3,542.1,273.3,661.1,374.7,FALSE,63,9.67
1.408,88,TRACKING,8.504,4.657,7.187,3.667,6.122,3.246,2.2,1.683,2.77,48.34,65.87,0.938,-0.628,2.403,1,TRUE,TRUE,692.2,400,693.5,400,661.2,376.3,FALSE,63,1.28
1.424,89,TRACKING,8.429,4.698,6.784,4.013,6.127,3.296,2.555,1.429,2.928,51.1,69.82,0.933,0.317,3.078,1,TRUE,TRUE,700.9,394.1,703.7,394.3,661.8,377.5,FALSE,63,0.88
1.44,90,TRACKING,8.354,4.738,7.017,4.335,6.141,3.351,2.258,1.187,2.551,44.53,60.86,0.939,0.837,3.463,1,TRUE,TRUE,693.9,388.7,697,390.5,662.1,378.4,FALSE,63,0.66
1.456,91,TRACKING,8.277,4.778,7.389,4.27,6.167,3.416,1.854,1.356,2.297,40.09,54.64,0.952,1.661,4.091,1,TRUE,TRUE,684.6,393,710.2,401.1,663.1,379.9,FALSE,63,5.45
1.472,92,TRACKING,8.201,4.818,7.087,4.128,6.196,3.488,2.084,1.593,2.623,45.79,62.38,0.968,1.807,4.498,1,TRUE,TRUE,690.2,399,693.8,398.8,663.3,381.2,FALSE,63,8.39
1.488,93,TRACKING,8.123,4.858,6.997,4.659,6.226,3.561,2.094,1.132,2.381,41.55,56.78,0.984,1.857,4.522,1,TRUE,TRUE,690.7,388.5,690.6,389.4,663.2,381.9,FALSE,63,1.24
1.504,94,TRACKING,8.045,4.897,7.361,4.752,6.253,3.634,1.632,1.109,1.973,34.44,46.97,0.996,1.674,4.59,1,TRUE,TRUE,679.7,388.2,682.1,390.5,662.7,382.6,FALSE,63,0.79
1.52,95,TRACKING,7.967,4.936,7.316,4.509,6.278,3.713,1.581,1.443,2.14,37.36,50.79,1,1.586,4.935,1,TRUE,TRUE,678.6,396.2,682.6,399.6,662.3,383.8,FALSE,63,0.61
1.536,96,TRACKING,7.887,4.974,7.079,4.819,6.312,3.798,1.766,1.227,2.151,37.54,51.18,1,2.113,5.275,1,TRUE,TRUE,683.5,391.2,701.5,401.9,663,385.1,FALSE,63,4.52
1.552,97,TRACKING,7.807,5.012,6.848,4.856,6.273,3.821,1.555,0.96,1.827,31.9,43.53,1,-2.441,1.454,1,TRUE,TRUE,676.8,383.4,532.9,266.7,654.3,378.8,FALSE,63,8.9
1.568,98,TRACKING,7.727,5.05,6.992,4.665,6.244,3.858,1.302,1.222,1.785,31.16,42.35,0.997,-1.775,2.305,1,TRUE,TRUE,671,389.6,671.5,390.4,653.6,379.6,FALSE,63,1.67
1.584,99,TRACKING,7.646,5.087,6.736,4.538,6.227,3.909,1.468,1.439,2.055,35.87,48.73,0.997,-1.065,3.176,1,TRUE,TRUE,675.3,394.7,679.2,398.9,653.4,380.9,FALSE,63,0.72
1.6,100,TRACKING,7.564,5.124,6.622,5.087,6.219,3.964,1.495,0.949,1.771,30.91,42.18,1,-0.511,3.472,1,TRUE,TRUE,676,383.1,680,387.2,653.3,381.4,FALSE,63,0.62
1.616,101,TRACKING,7.482,5.16,6.861,5.083,6.217,4.029,1.167,1.041,1.564,27.29,37.11,1,-0.144,4.076,1,TRUE,TRUE,668.1,385.4,678.2,400.2,653.1,382.6,FALSE,63,2.48
1.632,102,TRACKING,7.399,5.196,6.846,4.948,6.215,4.102,1.072,1.264,1.657,28.92,39.22,1,-0.111,4.546,1,TRUE,TRUE,665.7,390.9,669.2,400.7,652.4,383.8,FALSE,63,9.19
1.648,103,TRACKING,7.316,5.232,6.575,5.109,6.214,4.175,1.237,1.161,1.696,29.6,40.23,1,-0.048,4.577,1,TRUE,TRUE,669.4,388.6,670,389.3,651.9,384.3,FALSE,63,1.7
1.664,104,TRACKING,7.232,5.267,6.611,5.605,6.213,4.244,1.087,0.699,1.292,22.55,30.76,1,-0.103,4.321,1,TRUE,TRUE,665.6,378,665.8,379.2,651.2,384.3,FALSE,63,0.75
1.68,105,TRACKING,7.147,5.302,6.796,5.225,6.207,4.317,0.774,1.147,1.383,24.15,32.66,1,-0.33,4.561,1,TRUE,TRUE,657.9,388.8,658.6,394.1,650.1,385.1,FALSE,63,0.6
1.696,106,TRACKING,7.062,5.336,6.602,5.402,6.201,4.399,0.851,1.063,1.362,23.76,32.2,1,-0.373,5.11,1,TRUE,TRUE,659.7,387.3,662.7,406.9,649.4,386.5,FALSE,63,1.52
1.712,107,TRACKING,6.976,5.37,6.373,5.75,6.195,4.484,0.965,0.79,1.247,21.76,29.62,1,-0.374,5.313,1,TRUE,TRUE,662.5,381,663.4,399.1,648.7,387.4,FALSE,63,7.09
1.728,108,TRACKING,6.89,5.404,6.568,5.931,6.186,4.562,0.639,0.631,0.898,15.67,21.28,1,-0.596,4.855,1,TRUE,TRUE,654.7,377.1,654.8,376.8,647.6,387.2,FALSE,63,1.52
1.744,109,TRACKING,6.803,5.437,6.609,5.492,6.172,4.641,0.457,1.124,1.214,21.18,28.55,1,-0.892,4.921,1,TRUE,TRUE,650.4,388.5,649.7,391.1,646.3,387.7,FALSE,63,0.96
1.76,110,TRACKING,6.716,5.469,6.23,5.967,6.156,4.715,0.712,0.678,0.983,17.16,23.31,0.97,-0.942,4.671,1,TRUE,TRUE,656.7,377.7,655.7,380.1,645.4,387.6,FALSE,63,0.61
1.776,111,TRACKING,6.628,5.502,6.193,6.166,6.138,4.795,0.611,0.546,0.819,14.3,19.44,0.941,-1.158,4.991,1,TRUE,TRUE,654.4,374.4,648.8,398.4,644.2,388.4,FALSE,63,1.24
1.792,112,TRACKING,6.54,5.534,6.44,6.104,6.107,4.88,0.206,0.679,0.709,12.38,16.66,0.92,-1.936,5.294,1,TRUE,TRUE,644.6,377.5,638.3,400.5,642.5,389.3,FALSE,63,6.03
1.808,113,TRACKING,6.451,5.565,6.163,5.936,6.084,4.961,0.348,0.876,0.943,16.46,22.18,0.911,-1.417,5.042,1,TRUE,TRUE,648.3,381.9,647.8,382.5,641.4,389.3,FALSE,63,2.3
1.824,114,TRACKING,6.362,5.596,5.838,6.518,6.068,5.032,0.552,0.294,0.625,10.91,14.91,0.915,-1.035,4.488,1,TRUE,TRUE,653.3,368.1,653.4,368.7,640.7,388.5,FALSE,63,2.45
1.84,115,TRACKING,6.272,5.627,6.12,6.34,6.036,5.101,0.123,0.49,0.505,8.81,11.85,0.931,-1.954,4.29,1,TRUE,TRUE,642.7,372.8,640.3,376.8,639.3,388.2,FALSE,63,0.67
1.856,116,TRACKING,6.182,5.657,6.099,6.242,5.996,5.179,-0.033,0.665,0.666,11.62,15.62,0.957,-2.526,4.904,1,TRUE,TRUE,638.6,377.4,624.8,405.6,637.2,389.3,FALSE,63,1.01
1.872,117,TRACKING,6.091,5.687,5.533,6.514,5.952,5.263,0.376,0.458,0.593,10.35,14.02,0.986,-2.746,5.227,1,TRUE,TRUE,648.1,373,633,400.4,635.6,390.2,FALSE,63,3.21
1.888,118,TRACKING,6,5.716,5.578,6.863,5.909,5.336,0.197,0.099,0.22,3.85,5.26,1,-2.675,4.557,1,TRUE,TRUE,643.7,364.5,642.5,365.5,634.6,389.2,FALSE,63,1.31
1.904,119,TRACKING,5.908,5.745,5.883,6.472,5.863,5.405,-0.262,0.5,0.565,9.86,13.31,1,-2.896,4.298,1,TRUE,TRUE,632.4,373.9,632,374.8,633.1,388.8,FALSE,63,2.62
1.92,120,TRACKING,5.816,5.773,5.43,6.525,5.817,5.47,0.054,0.458,0.461,8.05,10.82,1,-2.898,4.097,1,TRUE,TRUE,639.8,372.7,638.7,374.7,632,388.4,FALSE,63,0.89
1.936,121,TRACKING,5.724,5.801,5.066,6.971,5.764,5.541,0.251,0.06,0.258,4.5,6.17,1,-3.295,4.427,1,TRUE,TRUE,644.2,363.3,623.2,393.6,630.2,388.9,FALSE,63,1.21
1.952,122,TRACKING,5.631,5.828,5.405,6.957,5.7,5.618,-0.283,0.13,0.312,5.44,7.44,1,-3.982,4.776,1,TRUE,TRUE,631.2,364.8,607.9,397.7,627.8,389.5,FALSE,63,2.35
1.968,123,TRACKING,5.537,5.855,5.262,6.675,5.637,5.687,-0.284,0.41,0.499,8.71,11.79,1,-3.927,4.339,1,TRUE,TRUE,631.2,371,631.3,370.4,626.6,388.9,FALSE,63,1.06
1.984,124,TRACKING,5.443,5.882,4.675,6.959,5.579,5.748,0.182,0.111,0.213,3.72,5.07,1,-3.627,3.823,1,TRUE,TRUE,642.6,363.6,642.2,363,626,387.9,FALSE,63,1.3
2,125,TRACKING,5.349,5.908,4.878,7.195,5.521,5.801,-0.158,-0.15,0.218,3.8,5.17,1,-3.618,3.307,1,TRUE,TRUE,634.7,357.2,633.7,358.2,625,386.7,FALSE,63,0.88
2.016,126,TRACKING,5.254,5.934,5.039,6.852,5.449,5.865,-0.524,0.254,0.582,10.17,13.9,1,-4.508,3.98,1,TRUE,TRUE,625.8,367,597.3,401,622.3,387.5,FALSE,63,1.03
2.032,127,TRACKING,5.159,5.959,4.381,7.027,5.37,5.936,-0.049,0.137,0.146,2.55,3.43,1,-4.956,4.446,1,TRUE,TRUE,637.2,364.6,606.7,399.8,620.2,388.3,FALSE,63,1.6
2.048,128,TRACKING,5.063,5.984,4.209,7.32,5.298,5.996,0.006,-0.183,0.183,3.2,4.3,1,-4.522,3.751,1,TRUE,TRUE,638.8,357.1,639.1,357.8,619.7,387.1,FALSE,63,0.94
2.064,129,TRACKING,4.967,6.008,4.618,7.267,5.225,6.048,-0.546,-0.155,0.568,9.91,13.58,1,-4.538,3.239,1,TRUE,TRUE,625.7,357.9,625.4,358.5,618.6,385.9,FALSE,63,1.87
2.08,130,TRACKING,4.871,6.032,4.307,6.853,5.154,6.097,-0.366,0.253,0.445,7.76,10.58,1,-4.439,3.067,1,TRUE,TRUE,630.1,367.5,630.3,367.6,617.7,385.2,FALSE,63,0.9
2.096,131,TRACKING,4.774,6.055,3.729,7.389,5.073,6.154,0.027,-0.237,0.239,4.17,5.61,1,-5.067,3.565,1,TRUE,TRUE,639.1,356.3,601,393.8,615.6,385.7,FALSE,63,1.2
2.112,132,TRACKING,4.677,6.078,3.947,7.476,4.98,6.217,-0.393,-0.279,0.482,8.42,11.47,1,-5.802,3.932,1,TRUE,TRUE,628.7,355.4,590.3,393.9,613.1,386.2,FALSE,63,1.05
2.128,133,TRACKING,4.58,6.1,3.996,7.258,4.891,6.271,-0.577,-0.085,0.584,10.19,13.97,0.992,-5.57,3.372,1,TRUE,TRUE,624.1,359.5,624.1,359.6,612.2,385.2,FALSE,63,0.74
2.144,134,TRACKING,4.482,6.122,3.409,7.125,4.809,6.319,-0.102,0.029,0.106,1.86,2.54,0.972,-5.152,2.986,1,TRUE,TRUE,635.5,361.8,635,361.4,611.8,384.2,FALSE,63,0.85
2.16,135,TRACKING,4.384,6.144,3.398,7.646,4.73,6.357,-0.208,-0.534,0.573,10.01,13.48,0.951,-4.898,2.383,1,TRUE,TRUE,632.9,348.1,632.7,348.8,611.4,382.7,FALSE,63,0.76
2.176,136,TRACKING,4.286,6.165,3.601,7.349,4.634,6.406,-0.63,-0.183,0.656,11.45,15.69,0.934,-6.015,3.103,1,TRUE,TRUE,622.2,356.4,576.7,398.6,608.5,383.5,FALSE,63,1.27
2.192,137,TRACKING,4.187,6.185,3.096,7.341,4.526,6.465,-0.329,-0.118,0.35,6.1,8.36,0.924,-6.727,3.674,1,TRUE,TRUE,629,358.1,582.6,400.3,606,384.3,FALSE,63,0.85
2.208,138,TRACKING,4.088,6.205,2.747,7.498,4.429,6.513,-0.085,-0.311,0.322,5.63,7.57,0.925,-6.079,2.979,1,TRUE,TRUE,635.1,353.4,634.4,353.1,605.8,383,FALSE,63,0.73
2.224,139,TRACKING,3.988,6.225,3.024,7.751,4.336,6.549,-0.482,-0.612,0.779,13.6,18.42,0.938,-5.812,2.28,1,TRUE,TRUE,625.8,346.3,625.4,345.9,605.3,381.4,FALSE,63,0.68
2.24,140,TRACKING,3.888,6.244,2.952,7.192,4.246,6.582,-0.53,-0.074,0.535,9.34,12.82,0.962,-5.632,2.052,1,TRUE,TRUE,624.9,359.1,624.7,359.2,604.9,380.5,FALSE,63,0.7
2.256,141,TRACKING,3.788,6.262,2.375,7.491,4.142,6.627,-0.152,-0.319,0.353,6.16,8.31,0.993,-6.479,2.805,1,TRUE,TRUE,633.8,353.9,581.7,399.4,602.5,381.3,FALSE,63,1.19
2.272,142,TRACKING,3.688,6.281,2.292,7.788,4.026,6.679,-0.273,-0.574,0.635,11.08,14.95,1,-7.243,3.226,1,TRUE,TRUE,630.8,348.2,576.5,393.6,600,381.9,FALSE,63,0.96
2.288,143,TRACKING,3.587,6.298,2.449,7.659,3.919,6.719,-0.543,-0.484,0.727,12.69,17.26,1,-6.744,2.533,1,TRUE,TRUE,624.7,350.1,624.4,350.4,599.7,380.6,FALSE,63,0.63
2.304,144,TRACKING,3.487,6.315,2.108,7.294,3.819,6.754,-0.302,-0.143,0.335,5.84,7.98,1,-6.223,2.185,1,TRUE,TRUE,630.8,357.9,631.3,358.2,599.7,379.6,FALSE,63,0.64
2.32,145,TRACKING,3.385,6.332,1.874,7.708,3.727,6.78,-0.162,-0.603,0.624,10.9,14.66,1,-5.775,1.634,1,TRUE,TRUE,634.4,346.7,633.9,346.2,599.9,378.1,FALSE,63,0.61
2.336,146,TRACKING,3.284,6.348,1.926,7.775,3.616,6.817,-0.429,-0.626,0.759,13.24,17.92,1,-6.933,2.301,1,TRUE,TRUE,627.6,346.1,567.1,394,597.2,378.8,FALSE,63,1.35
2.352,147,TRACKING,3.182,6.364,1.72,7.529,3.49,6.864,-0.435,-0.323,0.542,9.47,12.9,1,-7.832,2.968,1,TRUE,TRUE,627,353.2,566,401.6,594.5,379.8,FALSE,63,0.85
2.368,148,TRACKING,3.08,6.379,1.357,7.581,3.378,6.901,-0.162,-0.413,0.443,7.73,10.42,1,-7.025,2.312,1,TRUE,TRUE,633.7,350.7,633.2,351.1,594.8,378.5,FALSE,63,0.63
2.384,149,TRACKING,2.978,6.394,1.329,7.901,3.275,6.927,-0.224,-0.785,0.817,14.25,19.18,1,-6.45,1.61,1,TRUE,TRUE,632.2,341.7,632.1,342.2,595.1,376.9,FALSE,63,0.61
2.4,150,TRACKING,2.876,6.408,1.462,7.595,3.176,6.946,-0.457,-0.522,0.694,12.11,16.42,0.992,-6.149,1.174,1,TRUE,TRUE,626.5,347.8,626,346.9,595.2,375.6,FALSE,63,0.61
2.416,151,TRACKING,2.773,6.421,1.095,7.445,3.059,6.981,-0.305,-0.307,0.433,7.56,10.26,0.973,-7.343,2.172,1,TRUE,TRUE,629.5,353.4,561.4,406.3,592.5,376.8,FALSE,63,2.08
2.432,152,TRACKING,2.67,6.435,0.679,7.935,2.928,7.024,-0.093,-0.749,0.754,13.16,17.69,0.963,-8.152,2.714,1,TRUE,TRUE,634.2,343.5,565.6,397.4,590.1,377.6,FALSE,63,1.35
2.448,153,TRACKING,2.567,6.447,0.782,7.883,2.811,7.055,-0.282,-0.747,0.798,13.93,18.77,0.96,-7.353,1.917,1,TRUE,TRUE,629.9,343.5,630.4,343.8,590.5,376.2,FALSE,63,0.62
2.464,154,TRACKING,2.464,6.459,0.808,7.547,2.701,7.078,-0.4,-0.447,0.6,10.47,14.2,0.965,-6.837,1.465,1,TRUE,TRUE,627.3,350.6,626.7,350.7,590.7,375,FALSE,63,0.58
2.48,155,TRACKING,2.36,6.471,0.464,7.563,2.601,7.096,-0.135,-0.501,0.518,9.05,12.17,0.972,-6.291,1.088,1,TRUE,TRUE,634,349.2,633.7,349.7,591.3,373.9,FALSE,63,0.58
2.496,156,TRACKING,2.257,6.482,0.209,7.69,2.481,7.063,-0.09,-0.891,0.895,15.63,21,0.98,-7.494,-2.029,1,TRUE,TRUE,634.8,338.8,559.1,223.7,588.8,367.4,FALSE,63,1.31
2.512,157,TRACKING,2.153,6.493,0.264,7.32,2.344,7.057,-0.366,-0.451,0.581,10.14,13.74,0.985,-8.568,-0.363,1,TRUE,TRUE,627.9,349.5,551.4,406,586,368.8,FALSE,63,1.03
2.528,158,TRACKING,2.049,6.503,0.063,7.232,2.221,7.051,-0.241,-0.394,0.461,8.05,10.88,0.985,-7.65,-0.375,1,TRUE,TRUE,631.5,350.5,631.7,350.7,586.6,367.9,FALSE,63,0.61
2.544,159,TRACKING,1.945,6.513,-0.299,7.404,2.113,7.043,0.058,-0.606,0.609,10.63,14.28,0.98,-6.796,-0.535,1,TRUE,TRUE,639.2,345.2,639.4,345.1,587.6,366.7,FALSE,63,0.59
2.56,160,TRACKING,1.841,6.522,-0.109,7.5,2.012,7.031,-0.206,-0.746,0.774,13.51,18.18,0.973,-6.285,-0.749,1,TRUE,TRUE,633.1,341.7,632.9,342.1,588.3,365.4,FALSE,63,0.59
2.576,161,TRACKING,1.736,6.531,0.015,6.913,1.917,7.021,-0.411,-0.178,0.448,7.82,10.7,0.967,-5.962,-0.625,1,TRUE,TRUE,628.4,355.1,629.3,356.2,588.9,364.8,FALSE,63,1.26
2.592,162,TRACKING,1.632,6.539,-0.564,6.966,1.805,6.968,-0.018,-0.469,0.469,8.19,11.01,0.965,-6.992,-3.293,1,TRUE,TRUE,637.4,347.4,568.9,231.9,587,359,FALSE,63,1.27
2.608,163,TRACKING,1.527,6.546,-0.637,7.004,1.704,6.923,-0.007,-0.538,0.538,9.4,12.63,0.97,-6.273,-2.853,1,TRUE,TRUE,637.8,346.1,638.3,345.8,588,358.1,FALSE,63,0.6
2.624,164,TRACKING,1.422,6.553,-0.283,6.791,1.609,6.883,-0.444,-0.346,0.563,9.82,13.38,0.983,-5.964,-2.449,1,TRUE,TRUE,627.3,351.1,626.7,351.2,588.5,357.4,FALSE,63,0.6
2.64,165,TRACKING,1.317,6.56,-0.552,6.429,1.519,6.851,-0.249,0.01,0.249,4.35,5.97,1,-5.6,-1.994,1,TRUE,TRUE,631.9,359.8,631.9,359.8,589.2,357.2,FALSE,63,0.59
2.656,166,TRACKING,1.212,6.566,-1.063,6.681,1.416,6.78,0.095,-0.47,0.479,8.36,11.25,1,-6.465,-4.442,1,TRUE,TRUE,639.6,347.8,577.3,233.3,587.7,351.7,FALSE,63,1.26
2.672,167,TRACKING,1.107,6.572,-0.904,6.536,1.29,6.743,-0.293,-0.227,0.371,6.47,8.81,1,-7.899,-2.357,1,TRUE,TRUE,629.6,354.3,539.9,415.9,584.8,353.9,FALSE,63,1.43
2.688,168,TRACKING,1.002,6.577,-0.849,6.278,1.175,6.71,-0.427,0.03,0.428,7.47,10.25,1,-7.157,-2.021,1,TRUE,TRUE,626.5,360.3,626.2,360.3,585.4,353.7,FALSE,63,0.59
2.704,169,TRACKING,0.897,6.582,-1.408,6.314,1.074,6.681,0.076,-0.01,0.076,1.33,1.83,1,-6.328,-1.805,1,TRUE,TRUE,638.9,359.2,639,359.3,586.6,353.5,FALSE,63,0.59
2.72,170,TRACKING,0.791,6.586,-1.333,6.66,0.981,6.652,-0.064,-0.374,0.38,6.63,8.91,1,-5.776,-1.838,1,TRUE,TRUE,635.8,350.4,634.9,350.7,587.6,353,FALSE,63,0.58
2.736,171,TRACKING,0.686,6.589,-1.055,5.939,0.874,6.587,-0.516,0.15,0.538,9.39,12.86,1,-6.723,-4.094,1,TRUE,TRUE,624.7,361.6,569.3,248,585.9,348.3,FALSE,63,1.59
2.752,172,TRACKING,0.581,6.592,-1.68,6.021,0.745,6.556,-0.116,0.194,0.226,3.94,5.32,1,-8.059,-1.883,1,TRUE,TRUE,634,363.3,539.2,430.8,583,351.1,FALSE,63,2.81
2.768,173,TRACKING,0.475,6.595,-1.993,6.297,0.634,6.528,0.149,-0.087,0.172,3.01,4.11,1,-6.939,-1.803,1,TRUE,TRUE,640.9,356.8,641,357.6,584.4,351,FALSE,63,0.7
2.784,174,TRACKING,0.369,6.597,-1.535,6.247,0.533,6.5,-0.378,-0.042,0.38,6.64,9.11,0.978,-6.332,-1.733,1,TRUE,TRUE,628.8,358,629.5,358.1,585.3,350.8,FALSE,63,0.68
2.8,175,TRACKING,0.264,6.598,-1.614,5.837,0.439,6.476,-0.368,0.382,0.53,9.25,12.56,0.949,-5.854,-1.464,1,TRUE,TRUE,629.4,368.3,629.9,368.1,586.2,351.1,FALSE,63,0.63
2.816,176,TRACKING,0.158,6.599,-2.149,6.087,0.355,6.454,0.12,0.136,0.182,3.17,4.3,0.929,-5.22,-1.371,1,TRUE,TRUE,641.4,362.8,642,362.9,587.6,351.2,FALSE,63,1.67
2.832,177,TRACKING,0.053,6.6,-2.093,6.436,0.243,6.455,-0.169,-0.101,0.197,3.45,4.7,0.92,-7.01,0.049,1,TRUE,TRUE,633.8,358,532,425.7,584.5,353.8,FALSE,63,1.91
2.848,178,TRACKING,-0.053,6.6,-1.819,6.066,0.141,6.454,-0.517,0.277,0.586,10.23,13.98,0.924,-6.411,-0.108,1,TRUE,TRUE,625.6,367,625.4,367.1,585.3,354,FALSE,63,0.72
2.864,179,TRACKING,-0.158,6.599,-2.331,6.04,0.049,6.451,-0.058,0.312,0.317,5.54,7.45,0.938,-5.699,-0.186,1,TRUE,TRUE,636.8,367.8,637.5,367.9,586.5,354.2,FALSE,63,0.7
2.88,180,TRACKING,-0.264,6.598,-2.444,6.365,-0.033,6.444,0.003,-0.018,0.018,0.32,0.43,0.959,-5.123,-0.401,1,TRUE,TRUE,638.2,359.8,638.5,359.7,587.8,354.1,FALSE,63,0.64
2.896,181,TRACKING,-0.37,6.597,-1.657,6.41,-0.056,6.452,-0.58,0.013,0.581,10.13,13.91,0.981,-1.491,0.465,1,TRUE,TRUE,625.5,360.6,791.5,407.4,595.3,355.9,FALSE,63,2.02
2.912,182,TRACKING,-0.475,6.595,-1.51,6.091,-0.035,6.473,-0.527,0.421,0.674,11.77,16.02,1,1.349,1.322,1,TRUE,TRUE,627.6,370.2,792.9,415.8,602.6,358.1,FALSE,63,3.66
2.928,183,TRACKING,-0.581,6.592,-1.858,6.484,-0.03,6.486,-0.252,0.02,0.253,4.42,6.06,1,0.3,0.827,1,TRUE,TRUE,633.6,360.4,633.4,360.4,603.4,357.9,FALSE,63,0.76
2.944,184,TRACKING,-0.686,6.589,-1.486,6.564,-0.04,6.493,-0.715,-0.073,0.719,12.55,17.22,1,-0.626,0.432,1,TRUE,TRUE,622.1,357.9,622.5,358.1,603.7,357.7,FALSE,63,0.72
2.96,185,TRACKING,-0.791,6.586,-1.33,6.331,-0.062,6.497,-0.974,0.155,0.987,17.22,23.62,1,-1.398,0.253,1,TRUE,TRUE,615.6,363.2,615.6,362.8,603.7,357.7,FALSE,63,0.66
2.976,186,TRACKING,-0.897,6.582,-1.442,6.253,-0.036,6.52,-0.676,0.308,0.743,12.96,17.72,1,1.651,1.461,1,TRUE,TRUE,624,367.4,789.7,409.6,610.8,359.5,FALSE,63,2.62
2.992,187,TRACKING,-1.002,6.577,-1.056,6.875,0.026,6.539,-0.891,-0.262,0.929,16.21,22.22,1,3.902,1.151,1,TRUE,TRUE,619.9,354.2,783.3,397.4,617.3,360.8,FALSE,63,6.71
3.008,188,TRACKING,-1.107,6.572,-0.673,6.564,0.06,6.553,-1.403,0.038,1.403,24.49,33.62,1,2.096,0.894,1,TRUE,TRUE,607.1,361.4,607.2,361,616.8,360.7,FALSE,63,0.69
3.024,189,TRACKING,-1.212,6.566,-0.897,6.432,0.074,6.565,-1.302,0.165,1.313,22.91,31.44,1,0.853,0.72,1,TRUE,TRUE,609.2,364.5,609.1,365.2,616.4,360.7,FALSE,63,0.7
3.04,190,TRACKING,-1.317,6.56,-1.145,6.564,0.075,6.574,-1.171,0.021,1.171,20.43,28.05,1,0.054,0.595,1,TRUE,TRUE,612.3,361.2,613.3,361,616.1,360.6,FALSE,63,0.68
3.056,191,TRACKING,-1.422,6.553,-0.929,6.682,0.055,6.545,-1.559,-0.304,1.589,27.73,38.04,1,-1.224,-1.793,1,TRUE,TRUE,602.6,352.7,578.5,245.5,614.5,355.9,FALSE,63,2.78
3.072,192,TRACKING,-1.527,6.546,-0.952,5.893,0.019,6.489,-1.712,0.302,1.738,30.34,41.62,1,-2.216,-3.533,1,TRUE,TRUE,598.7,366.1,576.4,258.1,612.8,351.8,FALSE,63,4.19
3.088,193,TRACKING,-1.632,6.539,-1.318,6.032,-0.019,6.445,-1.471,0.16,1.48,25.83,35.45,1,-2.384,-2.721,1,TRUE,TRUE,604.3,362.8,605,362.2,612.3,351.9,FALSE,63,1.2
3.104,194,TRACKING,-1.736,6.531,-1.339,6.212,-0.06,6.41,-1.582,-0.03,1.582,27.62,37.91,1,-2.591,-2.218,1,TRUE,TRUE,601.5,358.3,601.4,358.6,611.6,351.8,FALSE,63,1.2
3.12,195,TRACKING,-1.841,6.522,-1.166,6.149,-0.107,6.38,-1.899,0.026,1.899,33.14,45.5,1,-2.917,-1.838,1,TRUE,TRUE,593.6,359.5,593.4,359.7,610.7,351.9,FALSE,63,1.16
3.136,196,TRACKING,-1.945,6.513,-1.42,5.498,-0.162,6.324,-1.81,0.507,1.88,32.81,44.98,1,-3.471,-3.556,1,TRUE,TRUE,595.4,370,578.8,263.9,609.2,348.1,FALSE,63,11.24
3.152,197,TRACKING,-2.049,6.503,-1.725,5.703,-0.223,6.242,-1.661,0.122,1.666,29.07,39.91,1,-3.793,-5.074,1,TRUE,TRUE,598.6,360.5,584.4,254.8,608,344.1,FALSE,63,9.68
3.168,198,TRACKING,-2.153,6.493,-1.629,5.669,-0.285,6.177,-1.897,0.157,1.904,33.22,45.61,0.973,-3.892,-4.068,1,TRUE,TRUE,592.7,361.8,592.7,361.4,607.1,344.4,FALSE,63,1.01
3.184,199,TRACKING,-2.257,6.482,-1.611,5.353,-0.35,6.126,-2.06,0.487,2.117,36.94,50.67,0.946,-4.052,-3.174,1,TRUE,TRUE,588.6,370.1,589.5,369.7,606.1,344.9,FALSE,63,0.78
3.2,200,TRACKING,-2.361,6.471,-1.946,5.308,-0.416,6.087,-1.862,0.55,1.942,33.89,46.45,0.924,-4.125,-2.457,1,TRUE,TRUE,593.3,372.2,592.9,372.8,605.3,345.6,FALSE,63,0.76
3.216,201,TRACKING,-2.464,6.459,-2.109,5.51,-0.486,6.018,-1.848,0.175,1.856,32.4,44.47,0.912,-4.354,-4.297,1,TRUE,TRUE,593.5,362.9,585.3,257.5,604.2,341.8,FALSE,63,3.4
3.232,202,TRACKING,-2.567,6.447,-1.957,5.218,-0.558,5.964,-2.145,0.485,2.199,38.38,52.65,0.914,-4.516,-3.373,1,TRUE,TRUE,586.5,370.6,586.9,371.4,603.2,342.5,FALSE,63,11.61
3.248,203,TRACKING,-2.67,6.435,-2.121,4.98,-0.633,5.923,-2.125,0.749,2.254,39.33,53.88,0.928,-4.668,-2.579,1,TRUE,TRUE,587,377.1,586.5,376.9,602.2,343.5,FALSE,63,2.34
3.264,204,TRACKING,-2.773,6.421,-2.498,5.312,-0.708,5.889,-1.88,0.43,1.929,33.66,46.17,0.953,-4.677,-2.143,1,TRUE,TRUE,593.1,369.6,592.9,369.1,601.5,344.1,FALSE,63,1.65
3.28,205,TRACKING,-2.876,6.408,-2.44,5.391,-0.784,5.86,-2.076,0.361,2.107,36.77,50.46,0.984,-4.772,-1.834,1,TRUE,TRUE,588.6,367.9,589.4,367.9,600.7,344.6,FALSE,63,1.26
3.296,206,TRACKING,-2.978,6.394,-2.038,5.104,-0.815,5.846,-2.376,0.719,2.483,43.33,59.39,1,-1.932,-0.824,1,TRUE,TRUE,582.7,376.4,736.6,405.5,605.6,346.6,FALSE,63,9.17
3.312,207,TRACKING,-3.08,6.379,-2.118,5.22,-0.809,5.846,-2.189,0.672,2.289,39.96,54.77,1,0.342,-0.054,1,TRUE,TRUE,588.2,375.3,742.2,404.8,610.6,348.6,FALSE,63,4.77
3.328,208,TRACKING,-3.182,6.364,-2.287,5.657,-0.824,5.842,-2.163,0.236,2.176,37.98,52.14,1,-0.93,-0.239,1,TRUE,TRUE,588.3,364.9,589.2,365.6,609.6,349,FALSE,63,1.06
3.344,209,TRACKING,-3.284,6.348,-1.999,5.339,-0.858,5.839,-2.614,0.568,2.675,46.68,64.05,1,-2.1,-0.191,1,TRUE,TRUE,577,372.8,576.7,373.4,608.2,349.7,FALSE,63,0.73
3.36,210,TRACKING,-3.385,6.332,-2.176,5.245,-0.905,5.837,-2.597,0.678,2.684,46.85,64.26,1,-2.971,-0.086,1,TRUE,TRUE,577,375.5,576.5,375.5,606.8,350.4,FALSE,63,0.67
3.376,211,TRACKING,-3.487,6.315,-2.929,5.679,-1.006,5.864,-2.217,0.393,2.251,39.29,53.92,1,-6.261,1.671,1,TRUE,TRUE,584.7,369.8,443.3,457.1,600.2,354.3,FALSE,63,3.35
3.392,212,TRACKING,-3.588,6.298,-2.517,5.952,-1.057,5.891,-2.543,0.154,2.547,44.46,61.05,1,-3.202,1.671,1,TRUE,TRUE,577.8,364.4,726.4,389.2,604.7,355.5,FALSE,63,5.24
3.408,213,TRACKING,-3.688,6.281,-2.381,5.464,-1.121,5.914,-2.845,0.652,2.919,50.94,69.9,1,-3.988,1.451,1,TRUE,TRUE,570.1,376.3,569.7,376.1,603.1,356.2,FALSE,63,0.82
3.424,214,TRACKING,-3.789,6.262,-2.94,5.782,-1.191,5.933,-2.437,0.333,2.46,42.93,58.93,1,-4.412,1.174,1,TRUE,TRUE,579.5,368.8,578.7,368.8,601.9,356.5,FALSE,63,0.72
3.44,215,TRACKING,-3.889,6.244,-3.112,5.973,-1.267,5.947,-2.414,0.132,2.418,42.19,57.94,0.995,-4.741,0.916,1,TRUE,TRUE,579.8,363.9,579.1,364.8,600.8,356.7,FALSE,63,0.69
3.456,216,TRACKING,-3.988,6.225,-3.051,6.057,-1.396,5.985,-2.872,0.187,2.878,50.23,69,0.992,-8.093,2.381,1,TRUE,TRUE,567.5,365.6,421.7,456.2,593.6,360.4,FALSE,63,3.14
3.472,217,TRACKING,-4.088,6.205,-3.438,5.733,-1.52,6.015,-2.633,0.511,2.682,46.82,64.25,0.993,-7.7,1.833,1,TRUE,TRUE,573.4,372.7,574,372.8,592.5,360.9,FALSE,63,4.42
3.488,218,TRACKING,-4.187,6.185,-3.978,6.303,-1.636,6.038,-2.225,-0.084,2.227,38.86,53.36,0.996,-7.272,1.434,1,TRUE,TRUE,583.5,358.4,583.7,358.8,591.7,360.8,FALSE,63,0.91
3.504,219,TRACKING,-4.286,6.165,-3.705,6.168,-1.751,6.056,-2.644,0.03,2.644,46.15,63.38,0.999,-7.18,1.156,1,TRUE,TRUE,573.7,360.7,574.2,360.6,590.6,360.8,FALSE,63,0.76
3.52,220,TRACKING,-4.384,6.144,-3.707,5.974,-1.867,6.072,-2.792,0.21,2.8,48.86,67.11,0.997,-7.229,0.969,1,TRUE,TRUE,570.3,364.8,570.1,365.5,589.3,360.9,FALSE,63,0.66
3.536,221,TRACKING,-4.482,6.122,-4.666,6.176,-2.026,6.122,-2.197,0.139,2.201,38.42,52.75,0.99,-9.964,3.17,1,TRUE,TRUE,583.7,364,433,456.2,582.9,364.5,FALSE,63,2.38
3.552,222,TRACKING,-4.58,6.1,-4.716,6.66,-2.173,6.16,-2.27,-0.385,2.302,40.18,55.15,0.978,-9.196,2.341,1,TRUE,TRUE,582.5,351.6,582.3,351.3,582.3,364.1,FALSE,63,5.24
3.568,223,TRACKING,-4.677,6.078,-4.426,6.234,-2.315,6.191,-2.697,0.015,2.697,47.06,64.64,0.963,-8.85,1.935,1,TRUE,TRUE,572.5,361.1,573.2,360.9,581.4,364,FALSE,63,1.25
3.584,224,TRACKING,-4.775,6.055,-4.96,6.225,-2.45,6.217,-2.282,-0.003,2.282,39.83,54.69,0.949,-8.447,1.642,1,TRUE,TRUE,582.6,360.8,582.7,360.7,580.9,363.9,FALSE,63,0.87
3.6,225,TRACKING,-4.871,6.032,-5.363,6.498,-2.578,6.238,-1.985,-0.314,2.01,35.08,48.14,0.939,-8.033,1.29,1,TRUE,TRUE,589.8,353.6,590.1,353.4,580.6,363.6,FALSE,63,0.67
3.616,226,TRACKING,-4.968,6.008,-4.945,6.4,-2.696,6.227,-2.477,-0.412,2.511,43.82,60.15,0.938,-7.359,-0.66,1,TRUE,TRUE,578.1,350.6,610.1,255.6,581.2,359.5,FALSE,63,2.06
3.632,227,TRACKING,-5.063,5.984,-5.044,5.746,-2.806,6.188,-2.45,0.067,2.451,42.77,58.74,0.947,-6.834,-2.442,1,TRUE,TRUE,578.8,361.1,611.6,265.8,581.7,356,FALSE,63,4.63
3.648,228,TRACKING,-5.159,5.959,-5.654,5.975,-2.915,6.159,-1.944,-0.194,1.953,34.09,46.8,0.966,-6.834,-1.838,1,TRUE,TRUE,590.7,355,591,354.5,581.6,355.8,FALSE,63,1.09
3.664,229,TRACKING,-5.254,5.934,-5.511,6.171,-3.026,6.135,-2.2,-0.43,2.241,39.12,53.67,0.993,-6.963,-1.509,1,TRUE,TRUE,584.4,349.4,584.4,349.9,581.1,355.5,FALSE,63,0.99
3.68,230,TRACKING,-5.349,5.908,-5.325,5.849,-3.142,6.116,-2.51,-0.135,2.513,43.86,60.24,1,-7.216,-1.153,1,TRUE,TRUE,576.7,356.1,576.4,356.8,580.4,355.4,FALSE,63,0.67
3.696,231,TRACKING,-5.443,5.882,-6.173,5.892,-3.305,6.14,-2.01,-0.049,2.011,35.1,48.19,1,-10.199,1.513,1,TRUE,TRUE,587.4,359,430.9,456,574.3,359.1,FALSE,63,1.57
3.712,232,TRACKING,-5.537,5.855,-6.34,6.087,-3.443,6.119,-1.873,-0.436,1.923,33.57,46.04,1,-8.627,-1.305,1,TRUE,TRUE,591.3,348.8,632.9,256.4,575.9,355.2,FALSE,63,5.28
3.728,233,TRACKING,-5.631,5.828,-6.038,6.027,-3.578,6.101,-2.283,-0.417,2.321,40.5,55.58,1,-8.438,-1.155,1,TRUE,TRUE,581.6,349.3,582,349.7,575.5,354.9,FALSE,63,1.22
3.744,234,TRACKING,-5.724,5.801,-6.317,5.601,-3.71,6.087,-2.106,-0.016,2.106,36.76,50.48,1,-8.244,-0.874,1,TRUE,TRUE,586,359,585.5,359.1,575.3,354.9,FALSE,63,0.99
3.76,235,TRACKING,-5.816,5.773,-6.788,5.878,-3.837,6.074,-1.721,-0.33,1.753,30.59,41.97,1,-7.929,-0.814,1,TRUE,TRUE,595.6,351.9,595,352,575.4,354.7,FALSE,63,0.65
3.776,236,TRACKING,-5.908,5.745,-6.914,6.205,-4.01,6.091,-1.936,-0.544,2.011,35.1,48.11,1,-10.834,1.086,1,TRUE,TRUE,589.5,347.9,430.3,447.3,569.5,358.1,FALSE,63,1.33
3.792,237,TRACKING,-6,5.716,-6.8,5.789,-4.156,6.074,-2.063,-0.309,2.086,36.4,49.96,1,-9.11,-1.059,1,TRUE,TRUE,587.3,352.8,638.3,263.2,571.4,354.5,FALSE,63,3.73
3.808,238,TRACKING,-6.091,5.686,-7.274,5.568,-4.293,6.061,-1.665,-0.116,1.669,29.13,39.98,0.99,-8.599,-0.841,1,TRUE,TRUE,597.2,357.5,597.8,357.9,571.7,354.5,FALSE,63,1.17
3.824,239,TRACKING,-6.182,5.657,-7.395,6.059,-4.425,6.046,-1.618,-0.657,1.746,30.48,41.72,0.964,-8.202,-0.946,1,TRUE,TRUE,598.6,344.7,598.9,344.5,572.1,354,FALSE,63,1.29
3.84,240,TRACKING,-6.272,5.627,-7.198,5.791,-4.553,6.031,-1.899,-0.43,1.947,33.98,46.6,0.948,-8.037,-0.923,1,TRUE,TRUE,591.9,349.8,591.8,350.3,572.3,353.8,FALSE,63,0.72
3.856,241,TRACKING,-6.362,5.596,-7.738,5.772,-4.728,6.049,-1.687,-0.287,1.711,29.86,40.97,0.941,-10.916,1.124,1,TRUE,TRUE,595.8,353.7,433.2,455,566.6,357.4,FALSE,63,0.96
3.872,242,TRACKING,-6.451,5.565,-8.403,6.049,-4.936,6.085,-1.332,-0.451,1.407,24.55,33.63,0.945,-12.987,2.228,1,TRUE,TRUE,603.4,350,440.4,450.6,561.3,360.8,FALSE,63,3.22
3.888,243,TRACKING,-6.54,5.534,-8.353,6.435,-5.121,6.112,-1.44,-0.903,1.7,29.67,40.49,0.955,-11.579,1.694,1,TRUE,TRUE,601.1,339,601,338.4,562,360,FALSE,63,2.3
3.904,244,TRACKING,-6.628,5.502,-8.354,5.901,-5.29,6.133,-1.5,-0.416,1.556,27.16,37.24,0.968,-10.582,1.329,1,TRUE,TRUE,599.9,350.2,599.8,350.6,562.7,359.6,FALSE,63,1.44
3.92,245,TRACKING,-6.716,5.469,-8.707,6.02,-5.446,6.15,-1.194,-0.59,1.332,23.25,31.78,0.981,-9.703,1.064,1,TRUE,TRUE,607.4,346.1,607.7,345.8,563.6,359.1,FALSE,63,0.77
3.936,246,TRACKING,-6.803,5.437,-9.16,6.399,-5.639,6.183,-1.035,-0.872,1.354,23.62,32.14,0.99,-12.083,2.035,1,TRUE,TRUE,610.1,340.1,446.6,442,558.7,362.1,FALSE,63,1.02
3.952,247,TRACKING,-6.89,5.404,-9.345,6.611,-5.863,6.234,-1.146,-0.992,1.516,26.46,36,0.994,-14.01,3.223,1,TRUE,TRUE,606.6,338,441.6,440.9,553.6,365,FALSE,63,2.11
3.968,248,TRACKING,-6.976,5.37,-9.519,6.132,-6.061,6.272,-1.006,-0.572,1.157,20.2,27.58,0.994,-12.354,2.346,1,TRUE,TRUE,610.6,347.8,610.2,347.1,554.9,364.5,FALSE,63,1.41
3.984,249,TRACKING,-7.062,5.336,-9.876,6.561,-6.236,6.296,-0.67,-1.076,1.267,22.12,29.9,0.99,-10.985,1.489,1,TRUE,TRUE,619.3,335.8,618.4,335.7,556.5,363.5,FALSE,63,1.38
4,250,TRACKING,-7.147,5.302,-9.854,6.573,-6.396,6.309,-0.713,-1.166,1.367,23.86,32.25,0.987,-9.965,0.818,1,TRUE,TRUE,618.8,333.5,618.3,334,558,362.5,FALSE,63,0.89
4.016,251,TRACKING,-7.232,5.267,-10.024,6.493,-6.594,6.347,-0.822,-0.995,1.291,22.53,30.53,0.987,-12.367,2.395,1,TRUE,TRUE,615.5,338,449.1,441.9,553.3,365.4,FALSE,63,1.09
4.032,252,TRACKING,-7.316,5.232,-10.644,6.544,-6.819,6.405,-0.464,-0.956,1.063,18.55,25.03,0.993,-14.053,3.63,1,TRUE,TRUE,623.6,339.2,457.3,443.1,549,368.3,FALSE,63,1.75
4.048,253,TRACKING,-7.399,5.196,-10.902,7.011,-7.012,6.442,-0.199,-1.52,1.533,26.76,35.97,1,-12.116,2.339,1,TRUE,TRUE,630.9,325.2,631,325.9,551.2,366.9,FALSE,63,1.01
4.064,254,TRACKING,-7.482,5.16,-10.682,6.719,-7.185,6.466,-0.42,-1.319,1.384,24.15,32.52,1,-10.766,1.44,1,TRUE,TRUE,626.3,329.3,626,329,553.2,365.6,FALSE,63,1.33
4.08,255,TRACKING,-7.564,5.124,-10.727,6.455,-7.34,6.479,-0.374,-1.137,1.197,20.89,28.13,1,-9.728,0.854,1,TRUE,TRUE,627.8,333.2,626.8,333.8,555.2,364.6,FALSE,63,0.8
4.096,256,TRACKING,-7.646,5.087,-11.43,6.861,-7.53,6.516,0.092,-1.472,1.475,25.75,34.6,1,-11.834,2.297,1,TRUE,TRUE,638.2,325.8,471.5,432,551.4,367.1,FALSE,63,1.37
4.112,257,TRACKING,-7.727,5.05,-11.653,7.197,-7.745,6.568,0.08,-1.75,1.751,30.57,41.08,1,-13.45,3.275,1,TRUE,TRUE,637.2,319.8,470.6,425.6,547.7,369.3,FALSE,63,1.23
4.128,258,TRACKING,-7.807,5.012,-11.422,6.772,-7.932,6.603,-0.135,-1.421,1.427,24.91,33.48,1,-11.674,2.149,1,TRUE,TRUE,632.5,327.3,632.5,327.4,550.1,367.9,FALSE,63,0.82
4.144,259,TRACKING,-7.887,4.974,-11.8,6.753,-8.094,6.623,0.273,-1.501,1.525,26.62,35.8,1,-10.153,1.275,1,TRUE,TRUE,642.7,325.3,642.4,325.7,552.7,366.5,FALSE,63,1.09
4.16,260,TRACKING,-7.967,4.936,-12.002,7.083,-8.236,6.629,0.515,-1.947,2.014,35.14,47.3,1,-8.869,0.388,1,TRUE,TRUE,648.8,314.8,648.6,314.2,555.6,364.7,FALSE,63,0.88
4.176,261,TRACKING,-8.045,4.897,-11.887,6.959,-8.415,6.659,0.169,-1.763,1.771,30.9,41.54,1,-11.172,1.859,1,TRUE,TRUE,639.4,319.8,471.7,426.5,551.9,367,FALSE,63,1.28
4.192,262,TRACKING,-8.123,4.858,-12.285,6.901,-8.621,6.708,0.343,-1.64,1.675,29.24,39.33,0.98,-12.863,3.067,1,TRUE,TRUE,642.8,323.2,474.1,431.4,548.4,369.5,FALSE,63,1
4.208,263,TRACKING,-8.201,4.818,-12.771,7.102,-8.793,6.736,0.887,-1.96,2.151,37.55,50.65,0.949,-10.755,1.752,1,TRUE,TRUE,656.6,315.1,656.5,314.4,551.6,367.6,FALSE,63,0.86
4.224,264,TRACKING,-8.278,4.778,-12.516,7.227,-8.943,6.744,0.669,-2.226,2.325,40.57,54.63,0.925,-9.397,0.474,1,TRUE,TRUE,651.9,308.2,643.6,299.5,554.4,365.2,FALSE,63,1.15
4.24,265,TRACKING,-8.354,4.738,-12.219,6.646,-9.076,6.742,0.412,-1.755,1.803,31.46,42.33,0.913,-8.286,-0.136,1,TRUE,TRUE,646.3,318.7,646.6,319,557.2,363.6,FALSE,63,2.09
4.256,266,TRACKING,-8.429,4.698,-12.507,6.725,-9.163,6.725,0.898,-1.978,2.172,37.91,51.14,0.914,-5.442,-1.052,1,TRUE,TRUE,659.2,312.9,751.4,296.8,563.7,361.2,FALSE,63,2.27
4.272,267,TRACKING,-8.504,4.657,-12.824,7.035,-9.291,6.733,1.018,-2.244,2.464,43,58.01,0.928,-8.027,0.518,1,TRUE,TRUE,661.3,307.1,493.9,416.4,560.8,363.2,FALSE,63,1.02
4.288,268,TRACKING,-8.578,4.615,-12.295,6.858,-9.403,6.726,0.532,-2.194,2.258,39.41,53.03,0.95,-7.024,-0.413,1,TRUE,TRUE,650.3,307.8,649.8,307,563.6,361.1,FALSE,63,0.64
4.304,269,TRACKING,-8.652,4.574,-12.484,6.368,-9.501,6.716,0.773,-1.815,1.973,34.43,46.43,0.978,-6.091,-0.681,1,TRUE,TRUE,656.6,316.8,656.6,317.4,566.6,359.5,FALSE,63,0.82
4.32,270,TRACKING,-8.725,4.532,-12.84,6.777,-9.583,6.689,1.196,-2.354,2.641,46.09,62.23,1,-5.139,-1.683,1,TRUE,TRUE,667.2,303.9,666.7,303.9,570,357.4,FALSE,63,0.65
4.336,271,TRACKING,-8.797,4.489,-12.194,6.529,-9.63,6.648,0.728,-2.262,2.377,41.48,55.87,1,-2.934,-2.551,1,TRUE,TRUE,656.8,306,742.5,286.8,576,354.8,FALSE,63,2.04
4.352,272,TRACKING,-8.868,4.446,-12.264,6.401,-9.727,6.637,0.579,-2.077,2.156,37.63,50.65,1,-6.04,-0.65,1,TRUE,TRUE,652,311.4,482.3,422.5,572.5,357.1,FALSE,63,0.91
4.368,273,TRACKING,-8.939,4.403,-12.743,6.238,-9.806,6.616,1.12,-2.031,2.319,40.48,54.68,1,-4.926,-1.346,1,TRUE,TRUE,665.3,312.3,665,312.3,575.7,355.4,FALSE,63,0.63
4.384,274,TRACKING,-9.009,4.36,-12.568,6.625,-9.871,6.581,1.002,-2.553,2.743,47.87,64.54,1,-4.072,-2.149,1,TRUE,TRUE,662.6,299.8,662.9,299.1,578.7,353.2,FALSE,63,0.67
4.4,275,TRACKING,-9.078,4.316,-12.057,6.076,-9.928,6.54,0.528,-2.121,2.186,38.15,51.35,1,-3.597,-2.576,1,TRUE,TRUE,651.2,309.7,650.6,310.2,581.2,351.5,FALSE,63,0.66
4.416,276,TRACKING,-9.147,4.272,-12.65,6.111,-10.027,6.528,0.913,-2.096,2.286,39.9,53.82,1,-6.166,-0.769,1,TRUE,TRUE,659.3,310.7,490.8,423.1,577.9,354,FALSE,63,1.77
4.432,277,TRACKING,-9.215,4.228,-12.717,6.177,-10.081,6.493,1.159,-2.328,2.6,45.38,61.26,1,-3.371,-2.159,1,TRUE,TRUE,666.1,304.5,742.9,279.9,583.8,351.1,FALSE,63,1.21
4.448,278,TRACKING,-9.282,4.183,-12.178,6.22,-10.127,6.447,0.66,-2.504,2.59,45.2,60.85,1,-2.854,-2.869,1,TRUE,TRUE,654.2,299.8,654.7,298.9,586.4,349.1,FALSE,63,0.63
4.464,279,TRACKING,-9.349,4.138,-12.109,5.588,-10.165,6.396,0.631,-1.985,2.082,36.34,48.95,1,-2.414,-3.197,1,TRUE,TRUE,653.7,311.8,654.1,311.6,589,347.5,FALSE,63,0.69
4.48,280,TRACKING,-9.415,4.092,-12.473,5.709,-10.195,6.339,1.047,-2.225,2.459,42.92,57.92,1,-1.84,-3.595,1,TRUE,TRUE,663.9,305.9,663.8,305.7,591.8,345.7,FALSE,63,0.7
4.496,281,TRACKING,-9.48,4.047,-12.465,6.004,-10.268,6.309,0.828,-2.471,2.606,45.47,61.27,1,-4.566,-1.839,1,TRUE,TRUE,657.7,300.9,491.3,415,588.3,348,FALSE,63,2.19
4.512,282,TRACKING,-9.544,4,-11.989,5.616,-10.305,6.259,0.492,-2.245,2.298,40.11,53.98,1,-2.333,-3.134,1,TRUE,TRUE,650.7,306,720,278.7,593.2,345.2,FALSE,63,1.54
4.528,283,TRACKING,-9.608,3.954,-12.274,5.26,-10.333,6.203,0.819,-1.998,2.159,37.69,50.81,1,-1.751,-3.502,1,TRUE,TRUE,659,311.9,658.4,311.9,595.7,343.8,FALSE,63,0.62
4.544,284,TRACKING,-9.671,3.907,-12.294,5.539,-10.352,6.139,0.884,-2.399,2.557,44.63,60.15,1,-1.2,-3.986,1,TRUE,TRUE,661,302.6,661.5,302.7,598.4,342,FALSE,63,0.61
4.56,285,TRACKING,-9.733,3.861,-11.835,5.38,-10.367,6.07,0.454,-2.361,2.404,41.96,56.44,1,-0.934,-4.37,1,TRUE,TRUE,650.9,303.5,650.6,303.6,600.5,340.3,FALSE,63,0.64
4.576,286,TRACKING,-9.794,3.813,-12.135,5.075,-10.427,6.032,0.53,-1.985,2.054,35.85,48.25,0.977,-3.769,-2.35,1,TRUE,TRUE,651.8,313.1,485.1,426,596.6,343.1,FALSE,63,2.55
4.592,287,TRACKING,-9.855,3.766,-12.686,5.376,-10.519,6.018,0.873,-2.221,2.387,41.65,56.15,0.954,-5.738,-0.897,1,TRUE,TRUE,659.2,307.9,493.9,422.4,593.1,345.7,FALSE,63,2.55
4.608,288,TRACKING,-9.915,3.718,-12.448,5.518,-10.587,5.984,0.676,-2.489,2.579,45.02,60.61,0.933,-4.237,-2.096,1,TRUE,TRUE,655,301,655.2,301.5,595.5,343.8,FALSE,63,0.67
4.624,289,TRACKING,-9.974,3.67,-12.214,5.144,-10.638,5.937,0.474,-2.233,2.283,39.84,53.61,0.92,-3.201,-2.911,1,TRUE,TRUE,650.4,306.4,650.1,306,597.7,342.2,FALSE,63,0.76
4.64,290,TRACKING,-10.032,3.621,-12.414,4.802,-10.675,5.882,0.714,-2,2.123,37.06,49.93,0.918,-2.29,-3.436,1,TRUE,TRUE,656.3,311.4,656.3,311.3,600,340.8,FALSE,63,0.75
4.656,291,TRACKING,-10.09,3.573,-12.415,5.146,-10.7,5.817,0.756,-2.471,2.584,45.1,60.74,0.929,-1.543,-4.098,1,TRUE,TRUE,657.4,300,658,298.5,602.4,339,FALSE,63,2.8
4.672,292,TRACKING,-10.147,3.524,-12.379,5.064,-10.766,5.779,0.5,-2.329,2.382,41.58,55.95,0.952,-4.148,-2.34,1,TRUE,TRUE,650.1,304,486.3,417.8,598.5,341.5,FALSE,63,2.53
4.688,293,TRACKING,-10.203,3.474,-12.363,4.712,-10.815,5.73,0.516,-2.087,2.15,37.52,50.5,0.982,-3.059,-3.073,1,TRUE,TRUE,650.8,309.5,650.4,310,600.6,340.1,FALSE,63,0.72
4.704,294,TRACKING,-10.258,3.425,-12.544,4.665,-10.849,5.672,0.738,-2.151,2.274,39.68,53.46,1,-2.115,-3.661,1,TRUE,TRUE,656.3,308,656.4,308.6,602.9,338.6,FALSE,63,0.69
4.72,295,TRACKING,-10.312,3.375,-12.376,4.941,-10.872,5.603,0.604,-2.553,2.624,45.8,61.64,1,-1.426,-4.323,1,TRUE,TRUE,653.4,298.6,654,298,605,336.8,FALSE,63,0.69
4.736,296,TRACKING,-10.366,3.325,-12.1,4.306,-10.887,5.528,0.357,-2.026,2.057,35.91,48.3,1,-0.946,-4.638,1,TRUE,TRUE,647.8,311.1,650.2,309,607,335.5,FALSE,63,2.89
4.752,297,TRACKING,-10.419,3.275,-12.494,4.449,-10.943,5.486,0.536,-2.094,2.161,37.72,50.77,1,-3.54,-2.656,1,TRUE,TRUE,651.2,310.4,489.7,426.7,603.1,338.4,FALSE,63,2.84
4.768,298,TRACKING,-10.471,3.224,-12.6,4.549,-10.982,5.43,0.681,-2.309,2.408,42.02,56.58,1,-2.417,-3.481,1,TRUE,TRUE,655.3,305,655.4,304.8,605.3,336.9,FALSE,63,0.69
4.784,299,TRACKING,-10.522,3.173,-12.3,4.513,-11.009,5.364,0.409,-2.39,2.425,42.33,56.94,1,-1.678,-4.146,1,TRUE,TRUE,649.3,302.7,649.1,302.9,607.2,335.4,FALSE,63,0.64
4.8,300,TRACKING,-10.572,3.122,-12.167,3.866,-11.027,5.293,0.301,-1.84,1.865,32.54,43.76,1,-1.134,-4.435,1,TRUE,TRUE,647.1,315.3,647.3,314.9,609,334.3,FALSE,63,0.7
4.816,301,TRACKING,-10.622,3.071,-12.155,4.051,-10.996,5.2,0.527,-2.216,2.278,39.75,53.5,1,1.933,-5.833,1,TRUE,TRUE,653.8,305.7,788.6,254.1,615.9,331,FALSE,63,3.38
4.832,302,TRACKING,-10.67,3.02,-11.934,3.892,-10.957,5.091,0.388,-2.232,2.265,39.54,53.18,1,2.465,-6.764,1,TRUE,TRUE,650.7,304.7,689.1,262.6,619,328.1,FALSE,63,3.1
4.848,303,TRACKING,-10.718,2.968,-11.528,3.542,-10.924,4.986,-0.011,-1.979,1.979,34.54,46.42,0.984,2.039,-6.59,1,TRUE,TRUE,641,310.6,640.8,311.1,620.3,327.1,FALSE,63,0.8
4.864,304,TRACKING,-10.765,2.916,-11.651,3.185,-10.895,4.884,0.122,-1.708,1.713,29.89,40.18,0.973,1.821,-6.375,1,TRUE,TRUE,644,317,643.2,317.7,621.7,326.3,FALSE,63,0.65
4.88,305,TRACKING,-10.812,2.864,-11.808,3.562,-10.866,4.78,0.296,-2.189,2.209,38.55,51.84,0.971,1.796,-6.481,1,TRUE,TRUE,648,305.9,648.1,305.4,623.2,325,FALSE,63,0.75
4.896,306,TRACKING,-10.857,2.811,-11.381,3.177,-10.84,4.677,-0.131,-1.896,1.9,33.17,44.58,0.974,1.608,-6.449,1,TRUE,TRUE,637.5,313,636.7,313,624.3,324.1,FALSE,63,2.57
4.912,307,TRACKING,-10.902,2.759,-11.232,2.82,-10.818,4.575,-0.288,-1.621,1.646,28.73,38.64,0.979,1.43,-6.344,1,TRUE,TRUE,633.5,319.8,632.8,318.8,625.2,323.4,FALSE,63,3.36
4.928,308,TRACKING,-10.945,2.706,-11.593,2.869,-10.794,4.474,0.079,-1.753,1.755,30.63,41.16,0.984,1.491,-6.314,1,TRUE,TRUE,642.1,316.9,641.8,317.4,626.4,322.7,FALSE,63,0.75
4.944,309,TRACKING,-10.988,2.653,-11.394,3.013,-10.77,4.372,-0.121,-1.988,1.992,34.77,46.74,0.986,1.487,-6.423,1,TRUE,TRUE,637.2,311.5,637.6,311.6,627.4,321.8,FALSE,63,0.8
4.96,310,TRACKING,-11.03,2.599,-10.956,2.458,-10.749,4.271,-0.578,-1.508,1.615,28.18,37.97,0.983,1.287,-6.323,1,TRUE,TRUE,626.1,322.8,625.7,322.2,627.9,321.3,FALSE,63,0.7
4.976,311,TRACKING,-11.071,2.546,-11.27,2.333,-10.731,4.168,-0.284,-1.468,1.495,26.1,35.1,0.976,1.146,-6.412,1,TRUE,TRUE,633.1,323.5,625.4,314.4,628.4,320.6,FALSE,63,4.38
4.992,312,TRACKING,-11.112,2.492,-11.395,2.477,-10.704,4.049,-0.126,-1.771,1.775,30.99,41.65,0.967,1.709,-7.416,1,TRUE,TRUE,637.2,315.8,660.6,265.9,630.2,318.1,FALSE,63,2.96
5.008,313,TRACKING,-11.151,2.438,-10.861,2.189,-10.68,3.935,-0.682,-1.557,1.7,29.67,40.01,0.958,1.473,-7.166,1,TRUE,TRUE,624,320.6,624,320.4,630.6,317.6,FALSE,63,0.81
5.024,314,TRACKING,-11.19,2.384,-10.857,1.778,-10.659,3.825,-0.709,-1.206,1.399,24.42,33,0.955,1.303,-6.848,1,TRUE,TRUE,623.5,328.7,623.7,328.5,631,317.5,FALSE,63,0.78
5.04,315,TRACKING,-11.227,2.33,-11.299,1.922,-10.637,3.718,-0.276,-1.416,1.442,25.17,33.85,0.96,1.373,-6.696,1,TRUE,TRUE,634.1,323.8,633.8,324.6,631.7,317.2,FALSE,63,0.72
5.056,316,TRACKING,-11.264,2.275,-10.931,1.934,-10.612,3.595,-0.64,-1.58,1.704,29.74,40.09,0.973,1.58,-7.654,1,TRUE,TRUE,625.6,319.6,641.7,268.7,632.7,314.9,FALSE,63,2.61
5.072,317,TRACKING,-11.3,2.221,-10.542,1.262,-10.587,3.464,-1.04,-1.041,1.471,25.68,34.88,0.994,1.557,-8.2,1,TRUE,TRUE,616.2,332.2,631.4,279.3,633.2,313.1,FALSE,63,3.44
5.088,318,TRACKING,-11.335,2.166,-10.995,1.247,-10.564,3.342,-0.608,-1.078,1.237,21.59,29.17,1,1.45,-7.659,1,TRUE,TRUE,626.5,331.8,626.1,331,633.6,313.2,FALSE,63,0.78
5.104,319,TRACKING,-11.37,2.111,-11.034,1.395,-10.542,3.224,-0.588,-1.283,1.411,24.63,33.23,1,1.38,-7.34,1,TRUE,TRUE,626.9,327.3,626.3,327.3,634,313.1,FALSE,63,0.7
5.12,320,TRACKING,-11.403,2.056,-10.49,1.223,-10.524,3.111,-1.171,-1.163,1.65,28.8,39.13,1,1.091,-7.056,1,TRUE,TRUE,612.7,330.5,613.4,330.2,633.8,313.2,FALSE,63,0.72
5.136,321,TRACKING,-11.435,2.001,-10.416,0.637,-10.466,2.994,-1.051,-0.671,1.247,21.77,29.7,1,3.672,-7.353,1,TRUE,TRUE,616.4,342,767.3,303.5,639.2,312.3,FALSE,63,3.14
5.152,322,TRACKING,-11.467,1.945,-10.776,0.977,-10.418,2.876,-0.718,-1.085,1.301,22.71,30.72,1,2.998,-7.36,1,TRUE,TRUE,623.9,332.3,623.4,315.4,639.4,311.8,FALSE,63,2.88
5.168,323,TRACKING,-11.498,1.89,-10.324,0.853,-10.378,2.764,-1.215,-1.005,1.577,27.53,37.46,1,2.504,-7.01,1,TRUE,TRUE,611.6,334.1,611,334.5,639,312.1,FALSE,63,0.69
5.184,324,TRACKING,-11.527,1.834,-10.136,0.546,-10.343,2.658,-1.456,-0.731,1.629,28.43,38.86,1,2.143,-6.62,1,TRUE,TRUE,605.6,340.4,606,341.2,638.5,312.6,FALSE,63,0.61
5.2,325,TRACKING,-11.556,1.778,-10.619,0.349,-10.313,2.558,-1.009,-0.564,1.156,20.18,27.56,1,1.891,-6.263,1,TRUE,TRUE,616.1,344.2,616.3,344.2,638.3,313.2,FALSE,63,0.63
5.216,326,TRACKING,-11.584,1.722,-10.519,0.798,-10.295,2.458,-1.15,-1.062,1.565,27.32,37.14,0.989,1.114,-6.228,1,TRUE,TRUE,612.4,332.3,612.7,331.3,638,313.4,FALSE,63,2.25
5.232,327,TRACKING,-11.611,1.666,-10.103,0.329,-10.283,2.362,-1.622,-0.625,1.739,30.35,41.55,0.959,0.751,-5.986,1,TRUE,TRUE,600.9,342.6,602.2,342,637.3,314,FALSE,63,2.7
5.248,328,TRACKING,-11.638,1.61,-10.426,0.175,-10.274,2.271,-1.346,-0.5,1.436,25.06,34.31,0.938,0.561,-5.731,1,TRUE,TRUE,607.6,345.6,607.7,345.1,636.8,314.6,FALSE,63,0.64
5.264,329,TRACKING,-11.663,1.553,-10.68,0.289,-10.266,2.181,-1.129,-0.646,1.301,22.7,31,0.927,0.508,-5.567,1,TRUE,TRUE,613,342.5,613.6,342.7,636.5,315.2,FALSE,63,0.69
5.28,330,TRACKING,-11.687,1.497,-10.29,0.476,-10.262,2.093,-1.573,-0.874,1.8,31.41,42.91,0.928,0.234,-5.529,1,TRUE,TRUE,602.4,337.4,602,337.2,635.8,315.6,FALSE,63,0.63
5.296,331,TRACKING,-11.711,1.44,-10.293,-0.114,-10.262,2.01,-1.624,-0.301,1.652,28.83,39.55,0.939,-0.008,-5.205,1,TRUE,TRUE,601.3,351.2,601.3,351.8,635.1,316.5,FALSE,63,1.96
5.312,332,TRACKING,-11.733,1.384,-10.707,0.063,-10.263,1.929,-1.25,-0.506,1.348,23.53,32.21,0.956,-0.054,-5.044,1,TRUE,TRUE,610.4,346.7,609.9,346.3,634.6,317.2,FALSE,63,2.2
5.328,333,TRACKING,-11.755,1.327,-10.571,0.23,-10.266,1.85,-1.431,-0.707,1.596,27.85,38.08,0.976,-0.177,-4.972,1,TRUE,TRUE,606.1,342.1,606.4,342.5,634.1,317.7,FALSE,63,0.67
5.344,334,TRACKING,-11.776,1.27,-10.326,0.041,-10.273,1.772,-1.73,-0.547,1.814,31.66,43.39,0.994,-0.431,-4.84,1,TRUE,TRUE,598.9,345.8,599,345.5,633.3,318.4,FALSE,63,0.62
5.36,335,TRACKING,-11.796,1.213,-10.633,-0.322,-10.281,1.699,-1.467,-0.201,1.48,25.84,35.45,1,-0.52,-4.563,1,TRUE,TRUE,605.1,353.9,605.8,353.7,632.7,319.3,FALSE,63,0.59
5.376,336,TRACKING,-11.815,1.156,-10.797,0.072,-10.29,1.626,-1.34,-0.629,1.48,25.83,35.32,1,-0.556,-4.554,1,TRUE,TRUE,608,343.6,608.9,341.9,632.3,319.8,FALSE,63,1.64
5.392,337,TRACKING,-11.833,1.098,-10.568,-0.099,-10.308,1.535,-1.644,-0.592,1.748,30.5,41.78,1,-1.083,-5.726,1,TRUE,TRUE,600.3,343.7,583.3,279,630.9,318,FALSE,63,2.51
5.408,338,TRACKING,-11.85,1.041,-10.617,-0.491,-10.327,1.451,-1.643,-0.218,1.658,28.93,39.7,1,-1.196,-5.208,1,TRUE,TRUE,600.1,352.5,600.1,352.4,630.2,319,FALSE,63,0.64
5.424,339,TRACKING,-11.866,0.984,-10.932,-0.43,-10.346,1.374,-1.366,-0.3,1.398,24.41,33.47,1,-1.187,-4.835,1,TRUE,TRUE,606.6,350.6,606.8,350.9,629.7,319.8,FALSE,63,0.62
5.44,340,TRACKING,-11.881,0.926,-10.878,-0.144,-10.366,1.299,-1.46,-0.618,1.586,27.68,37.88,1,-1.273,-4.684,1,TRUE,TRUE,604.1,343.3,603.2,343.3,629,320.4,FALSE,63,0.6
5.456,341,TRACKING,-11.896,0.869,-10.956,-0.231,-10.429,1.264,-1.631,-0.375,1.673,29.2,40.04,1,-3.923,-2.199,1,TRUE,TRUE,598.9,350.1,466.1,466.5,623.4,325.4,FALSE,63,1.4
5.472,342,TRACKING,-11.909,0.811,-11.2,-0.468,-10.484,1.225,-1.422,-0.158,1.431,24.97,34.27,1,-3.421,-2.424,1,TRUE,TRUE,604.1,355.3,603.5,353.7,622.9,326.3,FALSE,63,1.6
5.488,343,TRACKING,-11.922,0.753,-11.418,-0.057,-10.532,1.182,-1.23,-0.605,1.371,23.93,32.71,1,-3.001,-2.717,1,TRUE,TRUE,608.9,345,608.5,344.9,622.6,326.8,FALSE,63,0.63
5.504,344,TRACKING,-11.933,0.696,-11.263,-0.133,-10.576,1.135,-1.415,-0.562,1.523,26.57,36.37,1,-2.784,-2.882,1,TRUE,TRUE,604.7,346.2,605.3,345.9,622.2,327.4,FALSE,63,0.6
5.52,345,TRACKING,-11.944,0.638,-11.24,-0.439,-10.619,1.09,-1.47,-0.281,1.496,26.11,35.82,1,-2.696,-2.849,1,TRUE,TRUE,603.6,352.9,603,352.6,621.6,328.2,FALSE,63,0.59
5.536,346,TRACKING,-11.954,0.58,-11.782,-0.182,-10.698,1.081,-1.141,-0.383,1.204,21.01,28.77,1,-4.898,-0.573,1,TRUE,TRUE,610.9,351.3,483.1,468.7,616.8,333.2,FALSE,63,1.41
5.552,347,TRACKING,-11.962,0.522,-11.913,0.106,-10.775,1.038,-1.075,-0.832,1.359,23.72,32.3,1,-4.851,-2.655,1,TRUE,TRUE,612.7,339.8,577.8,267,615.4,330.7,FALSE,63,1.79
5.568,348,TRACKING,-11.97,0.464,-11.708,-0.354,-10.844,0.996,-1.297,-0.402,1.358,23.7,32.48,1,-4.308,-2.614,1,TRUE,TRUE,607.7,349.6,607.8,350,615.2,331.4,FALSE,63,0.59
5.584,349,TRACKING,-11.977,0.406,-11.892,-0.383,-10.906,0.955,-1.121,-0.404,1.192,20.8,28.49,1,-3.842,-2.565,1,TRUE,TRUE,612.2,349.3,613,349.9,615.2,332,FALSE,63,0.61
5.6,350,TRACKING,-11.983,0.348,-12.201,-0.181,-10.96,0.913,-0.811,-0.647,1.038,18.11,24.65,0.982,-3.405,-2.63,1,TRUE,TRUE,619.8,343.4,619.2,343.5,615.4,332.4,FALSE,63,0.57
5.616,351,TRACKING,-11.988,0.29,-12.214,0.146,-11.047,0.905,-0.985,-0.844,1.297,22.64,30.8,0.952,-5.43,-0.524,1,TRUE,TRUE,614.7,339.5,494.3,455.2,611,336.8,FALSE,63,1.23
5.632,352,TRACKING,-11.993,0.232,-12.122,-0.39,-11.124,0.891,-1.082,-0.34,1.134,19.79,27.11,0.927,-4.814,-0.865,1,TRUE,TRUE,612.5,351.2,611.6,351.8,611,337.4,FALSE,63,2.13
5.648,353,TRACKING,-11.996,0.174,-12.539,-0.029,-11.191,0.871,-0.651,-0.749,0.992,17.32,23.49,0.913,-4.169,-1.274,1,TRUE,TRUE,622.9,341.7,623.1,342,611.4,337.7,FALSE,63,0.83
5.664,354,TRACKING,-11.998,0.116,-12.581,0.057,-11.25,0.845,-0.593,-0.89,1.07,18.67,25.25,0.911,-3.687,-1.631,1,TRUE,TRUE,624.3,338.5,624,338,611.8,337.7,FALSE,63,0.66
5.68,355,TRACKING,-12,0.058,-12.228,-0.121,-11.306,0.816,-0.942,-0.761,1.211,21.13,28.76,0.922,-3.486,-1.802,1,TRUE,TRUE,615.8,341.7,616,342.1,612,338,FALSE,63,0.6
5.696,356,TRACKING,-12,0,-12.686,-0.213,-11.392,0.822,-0.646,-0.529,0.836,14.58,19.85,0.945,-5.404,0.407,1,TRUE,TRUE,622,348.2,505.7,463.4,608.1,342.6,FALSE,63,1.14
5.712,357,TRACKING,-12,-0.058,-12.746,0.305,-11.414,0.813,-0.299,-1.132,1.171,20.43,27.5,0.974,-1.398,-0.603,1,TRUE,TRUE,631.8,333.8,799.4,321.1,615,342,FALSE,63,2.2
5.728,358,TRACKING,-11.998,-0.116,-12.361,0.074,-11.441,0.796,-0.669,-0.961,1.171,20.44,27.66,1,-1.644,-1.028,1,TRUE,TRUE,622.8,337.5,623,337.3,615.3,341.9,FALSE,63,0.74
5.744,359,TRACKING,-11.996,-0.174,-12.247,-0.16,-11.47,0.776,-0.77,-0.779,1.095,19.11,25.95,1,-1.841,-1.24,1,TRUE,TRUE,620.4,341.5,621.2,342,615.5,342.1,FALSE,63,0.68
5.76,360,TRACKING,-11.993,-0.232,-12.739,-0.085,-11.498,0.753,-0.246,-0.913,0.945,16.5,22.2,1,-1.754,-1.471,1,TRUE,TRUE,633.2,338,632.8,337.6,616.2,342,FALSE,63,0.59
5.776,361,TRACKING,-11.988,-0.29,-12.813,0.452,-11.558,0.758,-0.309,-1.349,1.384,24.15,32.48,1,-3.755,0.355,1,TRUE,TRUE,631.1,328.2,521.3,441.8,612.8,345.8,FALSE,63,0.96
5.792,362,TRACKING,-11.983,-0.348,-12.607,0.205,-11.645,0.79,-0.661,-0.986,1.187,20.72,28.03,1,-5.426,1.968,1,TRUE,TRUE,622.2,337.2,513.5,452.2,609.2,349.9,FALSE,63,3.78
5.808,363,TRACKING,-11.977,-0.406,-13.018,0.205,-11.717,0.806,-0.21,-1.055,1.076,18.78,25.25,1,-4.49,1.006,1,TRUE,TRUE,633.6,335.1,633.3,335.3,610,349.6,FALSE,63,1.04
5.824,364,TRACKING,-11.97,-0.464,-13.285,0.509,-11.775,0.808,0.109,-1.442,1.447,25.25,33.93,1,-3.656,0.139,1,TRUE,TRUE,641.7,325.8,641.4,326,611.1,349,FALSE,63,0.86
5.84,365,TRACKING,-11.962,-0.522,-12.788,0.425,-11.827,0.8,-0.351,-1.442,1.484,25.91,34.86,1,-3.224,-0.493,1,TRUE,TRUE,630.9,325.7,631.2,326.2,611.8,348.4,FALSE,63,0.64
5.856,366,TRACKING,-11.954,-0.58,-13.015,0.235,-11.904,0.822,-0.241,-1.147,1.172,20.46,27.52,1,-4.797,1.35,1,TRUE,TRUE,632.9,333.6,529.4,447.1,608.8,352.2,FALSE,63,1.11
5.872,367,TRACKING,-11.944,-0.638,-13.225,0.473,-11.914,0.828,0.29,-1.479,1.507,26.31,35.38,1,-0.663,0.362,1,TRUE,TRUE,647.1,325.7,815.9,320.9,616.3,351.4,FALSE,63,2.6
5.888,368,TRACKING,-11.933,-0.696,-12.898,0.665,-11.927,0.821,0.013,-1.768,1.768,30.85,41.46,1,-0.78,-0.401,1,TRUE,TRUE,640.2,318.9,640.2,319.2,617.2,350.5,FALSE,63,1.03
5.904,369,TRACKING,-11.922,-0.753,-12.542,0.227,-11.943,0.808,-0.306,-1.412,1.445,25.22,33.92,1,-0.984,-0.814,1,TRUE,TRUE,632.3,327.1,632.1,327.5,617.8,349.9,FALSE,63,0.95
5.92,370,TRACKING,-11.909,-0.811,-12.993,0.184,-11.956,0.79,0.203,-1.454,1.468,25.62,34.44,1,-0.863,-1.155,1,TRUE,TRUE,644.3,325.9,645.2,326.3,618.9,349.2,FALSE,63,0.73
5.936,371,TRACKING,-11.896,-0.869,-13.213,0.647,-11.996,0.799,0.338,-1.84,1.87,32.65,43.91,1,-2.5,0.563,1,TRUE,TRUE,646.8,317.3,550.9,430.2,616.5,352.4,FALSE,63,0.98
5.952,372,TRACKING,-11.881,-0.926,-12.874,0.762,-12.059,0.829,-0.098,-1.882,1.884,32.89,44.2,1,-3.913,1.862,1,TRUE,TRUE,635.7,316.5,541.3,429.5,613.9,355.5,FALSE,63,1.92
5.968,373,TRACKING,-11.866,-0.984,-13.072,0.309,-12.109,0.843,0.158,-1.52,1.528,26.67,35.85,0.996,-3.129,0.886,1,TRUE,TRUE,642.1,324.4,641.7,325.1,614.9,354.7,FALSE,63,1.15
5.984,374,TRACKING,-11.85,-1.041,-13.444,0.667,-12.146,0.842,0.606,-1.987,2.078,36.26,48.82,0.981,-2.331,-0.069,1,TRUE,TRUE,653.1,312.9,653.3,312.7,616.3,353.4,FALSE,63,1.36
6,375,TRACKING,-11.833,-1.098,-13.041,0.654,-12.176,0.828,0.266,-2.086,2.103,36.71,49.36,0.963,-1.865,-0.828,1,TRUE,TRUE,645.3,310.2,645.7,310.6,617.4,352.2,FALSE,63,0.88
6.016,376,TRACKING,-11.815,-1.156,-13.012,0.557,-12.228,0.841,0.16,-1.924,1.93,33.69,45.29,0.946,-3.238,0.772,1,TRUE,TRUE,642.4,314.7,552.4,425.2,615.2,355.1,FALSE,63,1.37
6.032,377,TRACKING,-11.796,-1.213,-13.6,0.545,-12.292,0.873,0.696,-1.846,1.972,34.43,46.39,0.933,-4.011,2.024,1,TRUE,TRUE,655.1,317.2,567,426.9,613.4,357.9,FALSE,63,1.53
6.048,378,TRACKING,-11.776,-1.27,-13.521,1.034,-12.34,0.883,0.701,-2.462,2.56,44.68,60.16,0.93,-2.965,0.642,1,TRUE,TRUE,655.9,302.5,655.9,303,615,356.3,FALSE,63,1.54
6.064,379,TRACKING,-11.755,-1.327,-13.117,0.629,-12.377,0.879,0.37,-2.173,2.204,38.47,51.75,0.937,-2.319,-0.265,1,TRUE,TRUE,648.3,309.2,648.3,309.8,616.2,354.9,FALSE,63,2.59
6.08,380,TRACKING,-11.733,-1.384,-13.328,0.429,-12.404,0.864,0.664,-2.085,2.189,38.2,51.44,0.955,-1.685,-0.931,1,TRUE,TRUE,655.7,311.2,655.9,311.2,617.7,353.6,FALSE,63,1.27
6.096,381,TRACKING,-11.711,-1.44,-13.661,0.685,-12.445,0.873,0.968,-2.291,2.487,43.41,58.54,0.982,-2.582,0.553,1,TRUE,TRUE,662.7,307,580.9,416.5,616.5,356.1,FALSE,63,1.64
6.112,382,TRACKING,-11.687,-1.497,-13.441,1.128,-12.499,0.897,0.711,-2.7,2.792,48.72,65.6,1,-3.364,1.505,1,TRUE,TRUE,656.2,297.6,575.2,407.4,615,358.2,FALSE,63,1.21
6.128,383,TRACKING,-11.663,-1.553,-13.351,0.514,-12.538,0.903,0.708,-2.205,2.316,40.41,54.43,1,-2.462,0.378,1,TRUE,TRUE,656.4,308.6,656.2,309.2,616.5,356.8,FALSE,63,1.07
6.144,384,TRACKING,-11.638,-1.61,-13.631,0.626,-12.564,0.894,1.089,-2.444,2.676,46.7,63,1,-1.614,-0.598,1,TRUE,TRUE,665.6,302.4,665.1,302.6,618.3,355.1,FALSE,63,1.25
6.16,385,TRACKING,-11.611,-1.666,-13.494,0.74,-12.58,0.87,1.052,-2.695,2.893,50.5,68.08,1,-0.969,-1.471,1,TRUE,TRUE,664.8,295.9,664.6,296.1,620.1,353.2,FALSE,63,1.11
6.176,386,TRACKING,-11.584,-1.722,-13.311,0.768,-12.611,0.869,0.846,-2.69,2.82,49.22,66.3,1,-1.955,-0.077,1,TRUE,TRUE,659.3,296.4,583.8,405.7,618.9,355.3,FALSE,63,1.72
6.192,387,TRACKING,-11.556,-1.778,-13.564,0.476,-12.652,0.887,1.088,-2.354,2.593,45.25,61.06,1,-2.562,1.123,1,TRUE,TRUE,664.7,304.7,590.8,413.6,618,357.7,FALSE,63,1.09
6.208,388,TRACKING,-11.527,-1.834,-13.683,0.842,-12.677,0.883,1.318,-2.862,3.151,54.99,74.22,1,-1.542,-0.238,1,TRUE,TRUE,670.5,292.3,670.7,293.4,620,355.6,FALSE,63,0.8
6.224,389,TRACKING,-11.498,-1.89,-13.401,0.744,-12.69,0.862,1.14,-2.91,3.125,54.55,73.56,1,-0.85,-1.328,1,TRUE,TRUE,666.5,291,665.9,290.4,621.7,353.5,FALSE,63,1.12
6.24,390,TRACKING,-11.467,-1.945,-13.244,0.328,-12.695,0.829,1.085,-2.628,2.843,49.62,66.91,1,-0.321,-2.039,1,TRUE,TRUE,665.4,297.6,665.1,297.5,623.4,351.7,FALSE,63,1.09
6.256,391,TRACKING,-11.435,-2.001,-13.529,0.407,-12.712,0.82,1.376,-2.673,3.007,52.47,70.86,0.975,-1.052,-0.566,1,TRUE,TRUE,672.2,297.4,602.5,405.3,622.8,353.8,FALSE,63,2.41
6.272,392,TRACKING,-11.403,-2.056,-13.581,0.891,-12.736,0.825,1.444,-3.143,3.459,60.38,81.49,0.958,-1.499,0.304,1,TRUE,TRUE,673.9,286.8,607.4,392.9,622.4,355.4,FALSE,63,1.09
6.288,393,TRACKING,-11.369,-2.111,-13.262,0.517,-12.747,0.81,1.235,-2.914,3.165,55.25,74.53,0.951,-0.677,-0.959,1,TRUE,TRUE,669.4,291.8,669.8,291.2,624.3,353.3,FALSE,63,0.77
6.304,394,TRACKING,-11.335,-2.166,-13.259,0.171,-12.747,0.78,1.346,-2.703,3.02,52.7,71.16,0.952,0.01,-1.83,1,TRUE,TRUE,672.5,296.3,672.5,296.2,626.2,351.4,FALSE,63,1.28
6.32,395,TRACKING,-11.3,-2.221,-13.403,0.401,-12.736,0.737,1.614,-3.08,3.477,60.69,81.98,0.96,0.682,-2.683,1,TRUE,TRUE,679.4,286.9,679.3,287.2,628.3,349.3,FALSE,63,1.21
6.336,396,TRACKING,-11.264,-2.276,-13.233,0.496,-12.735,0.715,1.47,-3.162,3.487,60.85,82.15,0.97,0.039,-1.402,1,TRUE,TRUE,675.7,285.2,615.3,390.9,628,350.9,FALSE,63,3.84
6.352,397,TRACKING,-11.227,-2.33,-13.058,0.225,-12.742,0.71,1.319,-2.868,3.156,55.09,74.35,0.98,-0.455,-0.316,1,TRUE,TRUE,671.9,292.2,613.6,397.9,627.7,352.7,FALSE,63,1.38
6.368,398,TRACKING,-11.19,-2.384,-13.25,0.149,-12.736,0.685,1.636,-2.935,3.36,58.65,79.26,0.987,0.403,-1.537,1,TRUE,TRUE,679.8,290,679.7,289.8,629.8,350.6,FALSE,63,0.61
6.384,399,TRACKING,-11.151,-2.438,-13.229,0.431,-12.718,0.643,1.742,-3.376,3.799,66.3,89.57,0.988,1.116,-2.669,1,TRUE,TRUE,682.5,279.2,682,279.4,632,348.1,FALSE,63,1
6.4,400,TRACKING,-11.112,-2.492,-12.772,-0.084,-12.694,0.588,1.399,-3.003,3.313,57.83,78.05,0.985,1.53,-3.394,1,TRUE,TRUE,674.2,287.8,673.6,287.9,633.7,346,FALSE,63,0.93
6.416,401,TRACKING,-11.071,-2.546,-12.841,-0.139,-12.679,0.556,1.505,-2.929,3.293,57.47,77.62,0.98,0.946,-1.992,1,TRUE,TRUE,676.3,290.3,623.1,393.1,633.7,347.8,FALSE,63,3.87
6.432,402,TRACKING,-11.03,-2.599,-13.173,0.144,-12.667,0.539,1.889,-3.203,3.718,64.9,87.76,0.976,0.711,-1.069,1,TRUE,TRUE,685.3,284.5,633,386.8,633.9,349.2,FALSE,63,1.63
6.448,403,TRACKING,-10.988,-2.653,-12.799,0.188,-12.645,0.501,1.638,-3.403,3.777,65.91,89.01,0.977,1.406,-2.397,1,TRUE,TRUE,679.4,279.6,679.4,279.5,635.9,346.8,FALSE,63,0.64
6.464,404,TRACKING,-10.945,-2.706,-12.454,-0.488,-12.615,0.45,1.406,-2.86,3.187,55.63,75.11,0.984,1.849,-3.166,1,TRUE,TRUE,673.9,292.2,673.7,292.9,637.6,344.9,FALSE,63,0.95
6.48,405,TRACKING,-10.902,-2.759,-12.752,-0.334,-12.577,0.388,1.834,-3.158,3.652,63.74,86.18,0.998,2.375,-3.917,1,TRUE,TRUE,684.4,284.9,684.9,285.4,639.6,342.8,FALSE,63,0.92
6.496,406,TRACKING,-10.857,-2.811,-12.745,-0.164,-12.548,0.345,1.887,-3.32,3.819,66.65,90.11,1,1.838,-2.674,1,TRUE,TRUE,685.5,281.4,639.8,383.3,640,344.2,FALSE,63,5.15
6.512,407,TRACKING,-10.812,-2.864,-12.249,-0.252,-12.524,0.317,1.439,-3.222,3.529,61.59,83.12,1,1.452,-1.726,1,TRUE,TRUE,674.8,283.9,631,384.8,640,345.7,FALSE,63,2.8
6.528,408,TRACKING,-10.765,-2.916,-12.348,-0.735,-12.487,0.273,1.661,-2.874,3.319,57.93,78.31,1,2.361,-2.782,1,TRUE,TRUE,680.6,291.4,680.6,290.8,641.9,343.7,FALSE,63,0.67
6.544,409,TRACKING,-10.718,-2.968,-12.591,-0.342,-12.439,0.211,2.039,-3.42,3.982,69.49,93.99,1,2.992,-3.831,1,TRUE,TRUE,690.1,277.9,689.8,278.2,644,341.4,FALSE,63,0.83
6.56,410,TRACKING,-10.67,-3.02,-12.037,-0.679,-12.386,0.138,1.605,-3.228,3.606,62.93,84.99,1,3.323,-4.592,1,TRUE,TRUE,680.1,282,680,281.5,645.7,339.2,FALSE,63,0.97
6.576,411,TRACKING,-10.622,-3.071,-11.976,-1.249,-12.365,0.025,1.474,-2.95,3.298,57.56,77.73,1,1.283,-7.04,1,TRUE,TRUE,676.3,287.6,553.7,184.2,642.9,333.5,FALSE,63,4.37
6.592,412,TRACKING,-10.572,-3.122,-12.608,-1.606,-12.373,-0.118,2.059,-2.881,3.541,61.8,83.7,1,-0.472,-8.958,1,TRUE,TRUE,689.7,288.6,567.2,184.3,640.5,328,FALSE,63,4.75
6.608,413,TRACKING,-10.522,-3.174,-12.377,-1.385,-12.351,-0.257,1.964,-3.237,3.786,66.09,89.39,1,1.334,-8.692,1,TRUE,TRUE,688.1,280.6,688.3,280.5,642.6,326,FALSE,63,0.75
6.624,414,TRACKING,-10.471,-3.224,-11.807,-2.036,-12.319,-0.39,1.514,-2.699,3.095,54.01,72.99,0.99,2.047,-8.319,1,TRUE,TRUE,677.5,293.7,678.2,294.1,644.3,324.6,FALSE,63,0.83
6.64,415,TRACKING,-10.419,-3.275,-12.061,-2.245,-12.274,-0.519,1.901,-2.597,3.218,56.17,76.08,0.958,2.762,-8.067,1,TRUE,TRUE,686.9,296.4,687.1,296.3,646.2,323.2,FALSE,63,0.99
6.656,416,TRACKING,-10.366,-3.325,-12.409,-2.347,-12.257,-0.679,2.2,-2.769,3.537,61.73,83.69,0.933,1.11,-10.014,1,TRUE,TRUE,693.2,291.8,566.6,185.9,643.8,318,FALSE,63,4.31
6.672,417,TRACKING,-10.312,-3.375,-11.84,-2.326,-12.234,-0.803,1.712,-2.748,3.237,56.5,76.42,0.918,1.417,-7.708,1,TRUE,TRUE,681.4,293.1,651.4,391,644.4,320.2,FALSE,63,4.27
6.688,418,TRACKING,-10.258,-3.425,-11.749,-2.931,-12.199,-0.925,1.748,-2.232,2.835,49.48,67.05,0.916,2.213,-7.623,1,TRUE,TRUE,682.4,305.1,682.1,305.1,646.1,319.2,FALSE,63,0.73
6.704,419,TRACKING,-10.203,-3.475,-12.112,-2.83,-12.15,-1.047,2.255,-2.427,3.313,57.82,78.5,0.926,3.057,-7.667,1,TRUE,TRUE,694.8,300.3,694.7,301.1,648.3,318.2,FALSE,63,0.93
6.72,420,TRACKING,-10.147,-3.524,-11.694,-2.771,-12.092,-1.173,1.971,-2.586,3.252,56.75,76.9,0.946,3.599,-7.828,1,TRUE,TRUE,688.1,296.2,688.3,296,650.1,317,FALSE,63,1.02
6.736,421,TRACKING,-10.09,-3.573,-10.965,-3.192,-11.986,-1.287,1.585,-2.194,2.707,47.24,63.97,0.971,6.623,-7.117,1,TRUE,TRUE,680,305.5,829.1,341.9,657,317.5,FALSE,63,5.24
6.752,422,TRACKING,-10.032,-3.621,-11.474,-3.635,-11.922,-1.434,2.027,-1.993,2.842,49.61,67.41,0.995,3.989,-9.233,1,TRUE,TRUE,689.7,309.3,557.4,201.6,654,312.9,FALSE,63,3.49
6.768,423,TRACKING,-9.974,-3.67,-11.416,-3.447,-11.851,-1.578,2.103,-2.264,3.09,53.93,73.22,1,4.481,-8.967,1,TRUE,TRUE,691.9,303,691,303.3,655.8,312.1,FALSE,63,0.78
6.784,424,TRACKING,-9.915,-3.718,-10.812,-3.649,-11.776,-1.718,1.617,-2.141,2.682,46.82,63.42,1,4.685,-8.761,1,TRUE,TRUE,680.5,306.1,680.3,305.6,657.2,311.4,FALSE,63,0.72
6.8,425,TRACKING,-9.855,-3.766,-10.825,-4.214,-11.697,-1.852,1.752,-1.633,2.395,41.8,56.83,1,4.924,-8.389,1,TRUE,TRUE,684,318.4,683.3,318.8,658.7,311.2,FALSE,63,0.79
6.816,426,TRACKING,-9.794,-3.813,-10.77,-3.963,-11.569,-1.972,2.048,-1.89,2.787,48.63,66.13,1,7.969,-7.506,1,TRUE,TRUE,692.5,313,837.6,352,665.7,312.2,FALSE,63,3.62
6.832,427,TRACKING,-9.733,-3.861,-10.019,-3.893,-11.407,-2.082,1.625,-1.967,2.551,44.53,60.37,1,10.127,-6.855,1,TRUE,TRUE,683.3,311.7,826,351.5,672.1,313.1,FALSE,63,4.45
6.848,428,TRACKING,-9.671,-3.908,-9.655,-4.257,-11.261,-2.193,1.363,-1.659,2.147,37.47,50.8,1,9.122,-6.967,1,TRUE,TRUE,676.7,319,677,319.1,673,312.9,FALSE,63,0.65
6.864,429,TRACKING,-9.608,-3.954,-9.847,-4.566,-11.124,-2.304,1.668,-1.395,2.174,37.95,51.64,1,8.58,-6.924,1,TRUE,TRUE,683.7,325.2,684.6,325.7,674.2,312.9,FALSE,63,0.65
6.88,430,TRACKING,-9.544,-4.001,-9.66,-4.161,-10.993,-2.418,1.587,-1.863,2.447,42.71,57.93,1,8.169,-7.117,1,TRUE,TRUE,681.5,314,681.3,313.5,675.3,312.5,FALSE,63,0.71
6.896,431,TRACKING,-9.48,-4.047,-8.923,-4.469,-10.829,-2.519,1.15,-1.538,1.921,33.52,45.4,1,10.285,-6.288,1,TRUE,TRUE,671.7,321.7,810.9,365.2,680.9,314,FALSE,63,2.9
6.912,432,TRACKING,-9.415,-4.092,-8.657,-4.665,-10.637,-2.608,1.183,-1.32,1.772,30.93,41.96,1,11.998,-5.571,1,TRUE,TRUE,672.9,326.8,813.2,369.3,686.5,315.6,FALSE,63,3.04
6.928,433,TRACKING,-9.349,-4.138,-8.697,-4.652,-10.463,-2.701,1.31,-1.379,1.902,33.2,45.07,1,10.841,-5.831,1,TRUE,TRUE,675.3,325.1,674.6,325.4,687,315.6,FALSE,63,0.69
6.944,434,TRACKING,-9.282,-4.183,-8.292,-4.381,-10.305,-2.8,0.981,-1.705,1.967,34.33,46.39,1,9.881,-6.154,1,TRUE,TRUE,666.9,317.2,666.2,317.7,687.2,315.3,FALSE,63,0.72
6.96,435,TRACKING,-9.215,-4.228,-8.025,-5.019,-10.159,-2.898,0.782,-1.104,1.352,23.61,31.95,1,9.128,-6.144,1,TRUE,TRUE,661.7,331.3,662.3,330.6,687.3,315.5,FALSE,63,0.65
6.976,436,TRACKING,-9.147,-4.272,-7.899,-4.883,-9.981,-2.982,0.932,-1.207,1.525,26.62,36.06,1,11.132,-5.281,1,TRUE,TRUE,666.1,329.4,800.8,375.4,692.2,317.4,FALSE,63,2.24
6.992,437,TRACKING,-9.078,-4.316,-7.515,-4.672,-9.779,-3.057,0.817,-1.393,1.615,28.19,38.09,1,12.663,-4.694,1,TRUE,TRUE,664,325.5,798.8,370.7,697.1,319,FALSE,63,2.49
7.008,438,TRACKING,-9.009,-4.36,-7.103,-4.739,-9.599,-3.138,0.456,-1.369,1.443,25.18,33.91,0.985,11.249,-5.051,1,TRUE,TRUE,654.9,326.2,654.9,326.5,696.6,319,FALSE,63,0.69
7.024,439,TRACKING,-8.939,-4.403,-7.025,-5.277,-9.435,-3.22,0.427,-0.857,0.957,16.7,22.54,0.958,10.214,-5.082,1,TRUE,TRUE,654,338.4,654.3,338,696.1,319.4,FALSE,63,0.65
7.04,440,TRACKING,-8.868,-4.446,-7.117,-4.905,-9.283,-3.304,0.573,-1.267,1.391,24.27,32.74,0.934,9.505,-5.26,1,TRUE,TRUE,657.4,328.8,657.1,328.7,695.7,319.5,FALSE,63,0.65
7.056,441,TRACKING,-8.797,-4.489,-7.125,-5.158,-9.185,-3.424,0.405,-1.225,1.29,22.51,30.31,0.918,6.138,-7.496,1,TRUE,TRUE,652.3,329,502.7,216.6,689.8,315.6,FALSE,63,2.78
7.072,442,TRACKING,-8.724,-4.532,-6.634,-5.419,-9.048,-3.52,0.15,-0.912,0.924,16.12,21.68,0.914,8.58,-6.011,1,TRUE,TRUE,647.3,336.7,776,385.8,693.7,317.8,FALSE,63,2.25
7.088,443,TRACKING,-8.652,-4.574,-6.753,-5.587,-8.918,-3.612,0.315,-0.761,0.824,14.38,19.38,0.922,8.112,-5.737,1,TRUE,TRUE,651.2,340.1,650.7,340.7,693.1,318.4,FALSE,63,0.68
7.104,444,TRACKING,-8.578,-4.615,-6.771,-5.199,-8.793,-3.703,0.384,-1.184,1.245,21.73,29.26,0.943,7.793,-5.734,1,TRUE,TRUE,652.7,329.9,653.2,329.5,692.5,318.5,FALSE,63,0.67
7.12,445,TRACKING,-8.504,-4.657,-6.394,-5.534,-8.675,-3.793,0.045,-0.872,0.873,15.24,20.48,0.972,7.384,-5.581,1,TRUE,TRUE,644.4,337,645,337,691.6,319,FALSE,63,0.61
7.136,446,TRACKING,-8.429,-4.698,-6.321,-5.825,-8.563,-3.878,0.004,-0.594,0.594,10.37,13.93,1,6.964,-5.337,1,TRUE,TRUE,643.1,343.5,640.2,343.3,690.6,319.6,FALSE,63,1.41
7.152,447,TRACKING,-8.354,-4.738,-6.569,-5.603,-8.454,-3.962,0.301,-0.839,0.891,15.56,20.95,1,6.828,-5.264,1,TRUE,TRUE,650,337.9,651.5,336.7,690,320,FALSE,63,1.41
7.168,448,TRACKING,-8.277,-4.779,-6.345,-5.517,-8.349,-4.046,0.119,-0.95,0.957,16.7,22.45,1,6.597,-5.218,1,TRUE,TRUE,645.3,335.5,646.1,335.5,689.2,320.4,FALSE,63,0.62
7.184,449,TRACKING,-8.201,-4.818,-5.999,-5.954,-8.249,-4.125,-0.196,-0.522,0.557,9.73,13.11,1,6.242,-4.982,1,TRUE,TRUE,637.4,345.8,637.9,345.5,688.1,321.1,FALSE,63,0.57
7.2,450,TRACKING,-8.123,-4.858,-6.253,-5.974,-8.152,-4.202,0.099,-0.51,0.52,9.08,12.21,1,6.071,-4.782,1,TRUE,TRUE,644.3,346.4,644.9,345.9,687.2,321.8,FALSE,63,0.6
7.216,451,TRACKING,-8.045,-4.897,-6.35,-5.621,-8.057,-4.278,0.241,-0.884,0.916,15.99,21.51,1,5.941,-4.758,1,TRUE,TRUE,647.5,337.9,646.7,338.2,686.4,322.3,FALSE,63,1.27
7.232,452,TRACKING,-7.967,-4.936,-5.67,-5.845,-7.932,-4.334,-0.231,-0.582,0.626,10.93,14.73,1,7.801,-3.517,1,TRUE,TRUE,636.9,345.6,754,401.7,689.5,325,FALSE,63,0.99
7.248,453,TRACKING,-7.887,-4.974,-5.66,-6.048,-7.819,-4.391,-0.212,-0.382,0.437,7.62,10.29,1,7.048,-3.52,1,TRUE,TRUE,637.2,350.2,637.7,350.5,688.3,325.8,FALSE,63,0.58
7.264,454,TRACKING,-7.807,-5.012,-6.019,-5.832,-7.713,-4.448,0.192,-0.611,0.64,11.18,15.04,1,6.64,-3.606,1,TRUE,TRUE,646.8,344.6,647,344.4,687.5,326.4,FALSE,63,0.56
7.28,455,TRACKING,-7.727,-5.05,-5.679,-5.662,-7.614,-4.508,-0.114,-0.801,0.809,14.12,18.98,0.993,6.174,-3.742,1,TRUE,TRUE,639.5,339.9,639.5,339.3,686.3,326.9,FALSE,63,0.56
7.296,456,TRACKING,-7.646,-5.087,-5.142,-6.096,-7.49,-4.548,-0.457,-0.277,0.534,9.33,12.73,0.984,7.756,-2.469,1,TRUE,TRUE,632.1,352.3,744.8,410.4,689.1,329.8,FALSE,63,0.91
7.312,457,TRACKING,-7.564,-5.124,-5.337,-5.773,-7.344,-4.572,-0.057,-0.518,0.521,9.1,12.22,0.981,9.119,-1.531,1,TRUE,TRUE,642.4,346.8,753.8,407,692,332.6,FALSE,63,0.93
7.328,458,TRACKING,-7.482,-5.16,-5.316,-5.588,-7.214,-4.604,-0.043,-0.722,0.723,12.63,16.96,0.983,8.095,-2.008,1,TRUE,TRUE,642.5,341.8,642.2,342.2,690.9,333,FALSE,63,0.56
7.344,459,TRACKING,-7.399,-5.196,-4.753,-5.698,-7.101,-4.641,-0.588,-0.629,0.861,15.02,20.39,0.988,7.095,-2.292,1,TRUE,TRUE,629.1,343.9,629.7,344.2,689.3,333.5,FALSE,63,0.57
7.36,460,TRACKING,-7.316,-5.232,-4.928,-6.101,-6.999,-4.678,-0.39,-0.228,0.452,7.88,10.76,0.991,6.393,-2.301,1,TRUE,TRUE,633.6,353.5,633.2,353.4,687.9,334.3,FALSE,63,0.56
7.376,461,TRACKING,-7.232,-5.267,-5.28,-5.59,-6.902,-4.718,0.005,-0.759,0.759,13.24,17.79,0.99,6.071,-2.503,1,TRUE,TRUE,642.9,341.2,645.6,341.7,686.9,334.6,FALSE,63,0.9
7.392,462,TRACKING,-7.147,-5.302,-4.619,-5.611,-6.781,-4.74,-0.473,-0.657,0.809,14.12,19.12,0.984,7.508,-1.379,1,TRUE,TRUE,631.8,344.3,737,407.3,689.2,337.4,FALSE,63,0.99
7.408,463,TRACKING,-7.062,-5.336,-4.414,-5.828,-6.677,-4.765,-0.664,-0.448,0.801,13.99,19.07,0.974,6.525,-1.594,1,TRUE,TRUE,626.7,349.3,626.3,349.9,687.5,337.9,FALSE,63,0.57
7.424,464,TRACKING,-6.976,-5.37,-4.906,-5.877,-6.581,-4.793,-0.138,-0.408,0.431,7.53,10.13,0.962,6.006,-1.713,1,TRUE,TRUE,638.9,350.3,639.2,350.6,686.3,338.5,FALSE,63,0.58
7.44,465,TRACKING,-6.89,-5.404,-4.758,-5.404,-6.493,-4.825,-0.258,-0.909,0.945,16.49,22.2,0.951,5.51,-2.023,1,TRUE,TRUE,635.6,338.4,634.9,337.8,684.9,338.7,FALSE,63,0.59
7.456,466,TRACKING,-6.803,-5.437,-4.196,-5.723,-6.4,-4.836,-0.732,-0.489,0.88,15.36,20.95,0.946,5.821,-0.644,1,TRUE,TRUE,624.3,348.6,673.1,421,684.9,341.8,FALSE,63,0.84
7.472,467,TRACKING,-6.716,-5.47,-4.835,-5.984,-6.364,-4.887,-0.315,-0.423,0.528,9.21,12.47,0.949,2.215,-3.191,1,TRUE,TRUE,632.8,348.9,469.1,232.1,677.5,338,FALSE,63,0.89
7.488,468,TRACKING,-6.628,-5.502,-5.099,-5.78,-6.322,-4.934,-0.006,-0.645,0.645,11.25,15.11,0.962,2.621,-2.98,1,TRUE,TRUE,640.3,343.5,640.3,343.6,676.5,338.4,FALSE,63,0.6
7.504,469,TRACKING,-6.54,-5.534,-4.623,-5.669,-6.279,-4.98,-0.453,-0.778,0.9,15.71,21.23,0.984,2.674,-2.874,1,TRUE,TRUE,629.8,340.2,630.2,341,675.1,338.6,FALSE,63,0.56
7.52,470,TRACKING,-6.451,-5.565,-4.641,-6.182,-6.237,-5.022,-0.402,-0.27,0.484,8.45,11.53,1,2.677,-2.578,1,TRUE,TRUE,631.1,352.2,631.3,352.3,673.7,339.2,FALSE,63,0.58
7.536,471,TRACKING,-6.362,-5.596,-4.996,-5.816,-6.174,-5.04,0.092,-0.541,0.549,9.57,12.87,1,3.92,-1.129,1,TRUE,TRUE,643.7,346.4,700.2,416,674.9,342.2,FALSE,63,0.69
7.552,472,TRACKING,-6.272,-5.627,-5.042,-5.82,-6.165,-5.099,-0.072,-0.743,0.746,13.03,17.51,1,0.548,-3.702,1,TRUE,TRUE,638.7,340.9,471.9,223.8,667.8,338,FALSE,63,0.8
7.568,473,TRACKING,-6.182,-5.657,-4.759,-6.102,-6.15,-5.151,-0.313,-0.472,0.567,9.89,13.37,1,0.945,-3.292,1,TRUE,TRUE,633.2,347.7,632.8,347.2,666.6,338.5,FALSE,63,0.56
7.584,474,TRACKING,-6.091,-5.687,-5.153,-6.325,-6.127,-5.198,0.143,-0.251,0.289,5.04,6.81,1,1.412,-2.88,1,TRUE,TRUE,644.4,353.3,645.2,353,665.9,339.1,FALSE,63,0.56
7.6,475,TRACKING,-6,-5.716,-5.251,-5.948,-6.099,-5.241,0.308,-0.644,0.714,12.46,16.81,1,1.777,-2.739,1,TRUE,TRUE,648.6,344.3,648.6,344.3,665.3,339.5,FALSE,63,0.54
7.616,476,TRACKING,-5.908,-5.745,-4.85,-5.994,-6.069,-5.283,-0.037,-0.611,0.612,10.68,14.36,1,1.853,-2.605,1,TRUE,TRUE,640.3,345.2,640.1,345.7,664.5,339.8,FALSE,63,0.64
7.632,477,TRACKING,-5.816,-5.773,-4.951,-6.399,-6.039,-5.32,0.124,-0.206,0.24,4.19,5.66,1,1.917,-2.338,1,TRUE,TRUE,644.1,354.8,642.3,354.2,663.7,340.5,FALSE,63,0.82
7.648,478,TRACKING,-5.723,-5.801,-5.256,-6.177,-6.004,-5.356,0.507,-0.435,0.668,11.65,15.85,1,2.148,-2.217,1,TRUE,TRUE,653.2,349.2,653.6,349.7,663.3,341,FALSE,63,0.57
7.664,479,TRACKING,-5.63,-5.828,-5.006,-5.977,-5.969,-5.392,0.328,-0.651,0.729,12.73,17.18,0.97,2.203,-2.233,1,TRUE,TRUE,648.7,343.9,648.5,343.8,662.8,341.2,FALSE,63,0.58
7.68,480,TRACKING,-5.537,-5.855,-4.808,-6.245,-5.934,-5.426,0.198,-0.39,0.438,7.64,10.31,0.948,2.173,-2.118,1,TRUE,TRUE,645.4,349.8,645.8,350.1,662.2,341.7,FALSE,63,0.55
7.696,481,TRACKING,-5.443,-5.882,-5.382,-6.691,-5.948,-5.493,0.598,-0.128,0.611,10.67,14.63,0.935,-0.862,-4.212,1,TRUE,TRUE,653.6,355,486.5,236.4,655.8,338,FALSE,63,0.55
7.712,482,TRACKING,-5.349,-5.908,-5.741,-6.454,-5.999,-5.589,0.793,-0.56,0.971,16.95,23.1,0.934,-3.154,-6.014,1,TRUE,TRUE,657.3,344.1,489.8,226.3,649.6,334.1,FALSE,63,0.89
7.728,483,TRACKING,-5.254,-5.934,-5.491,-6.693,-6.029,-5.67,0.635,-0.321,0.712,12.43,16.98,0.942,-1.887,-5.039,1,TRUE,TRUE,654,350.1,654.3,350.4,649.6,334.7,FALSE,63,0.6
7.744,484,TRACKING,-5.159,-5.959,-5.561,-6.948,-6.044,-5.737,0.804,-0.054,0.806,14.06,19.3,0.956,-0.93,-4.199,1,TRUE,TRUE,658.4,356.9,657.9,357.5,649.6,335.5,FALSE,63,0.61
7.76,485,TRACKING,-5.063,-5.984,-5.785,-6.89,-6.045,-5.794,1.14,-0.102,1.145,19.98,27.42,0.973,-0.091,-3.59,1,TRUE,TRUE,666.9,356.3,666.5,357.1,650,336.4,FALSE,63,0.55
7.776,486,TRACKING,-4.967,-6.008,-5.929,-6.727,-6.087,-5.884,1.142,-0.451,1.228,21.44,29.34,0.988,-2.621,-5.576,1,TRUE,TRUE,666.2,347.6,499.4,230.2,644.3,332.6,FALSE,63,0.57
7.792,487,TRACKING,-4.871,-6.032,-5.616,-7.132,-6.089,-5.934,1.055,0.093,1.059,18.49,25.38,0.998,-0.114,-3.123,1,TRUE,TRUE,665.3,361.5,737.9,437.5,647.4,336.4,FALSE,63,1.03
7.808,488,TRACKING,-4.774,-6.055,-5.775,-7.054,-6.08,-5.978,1.338,0.031,1.339,23.37,32.08,1,0.527,-2.755,1,TRUE,TRUE,672.5,360.2,672.3,360.1,648.1,337.3,FALSE,63,0.62
7.824,489,TRACKING,-4.677,-6.078,-5.844,-6.846,-6.063,-6.019,1.541,-0.17,1.551,27.06,37.14,1,1.114,-2.57,1,TRUE,TRUE,677.7,355.5,678.1,354.7,649,338,FALSE,63,0.63
7.84,490,TRACKING,-4.58,-6.1,-5.545,-6.779,-6.039,-6.058,1.368,-0.231,1.388,24.22,33.23,1,1.475,-2.438,1,TRUE,TRUE,673.8,353.9,673.5,353.6,649.7,338.7,FALSE,63,0.56
7.856,491,TRACKING,-4.482,-6.122,-5.291,-7.175,-5.985,-6.073,1.37,0.282,1.399,24.42,33.49,0.997,3.358,-0.943,1,TRUE,TRUE,674.6,366.2,758.9,425.5,653.4,341.9,FALSE,63,0.69
7.872,492,TRACKING,-4.384,-6.144,-5.367,-6.584,-5.912,-6.066,1.681,-0.176,1.69,29.5,40.49,0.998,4.586,0.44,1,TRUE,TRUE,682.5,355.7,746.6,437,656.7,345.6,FALSE,63,1.62
7.888,493,TRACKING,-4.286,-6.165,-5.191,-6.502,-5.843,-6.067,1.638,-0.258,1.658,28.95,39.72,1,4.336,-0.074,1,TRUE,TRUE,681.3,353.5,681,353,657.6,346,FALSE,63,0.8
7.904,494,TRACKING,-4.187,-6.185,-4.816,-6.693,-5.777,-6.072,1.385,-0.059,1.387,24.2,33.22,1,4.068,-0.317,1,TRUE,TRUE,674.9,358,674.3,358.5,658.1,346.7,FALSE,63,0.84
7.92,495,TRACKING,-4.088,-6.205,-4.93,-6.859,-5.713,-6.079,1.631,0.12,1.635,28.54,39.18,1,4.016,-0.406,1,TRUE,TRUE,680.6,362.2,680.3,361.7,658.9,347.5,FALSE,63,0.69
7.936,496,TRACKING,-3.988,-6.225,-4.874,-6.237,-5.62,-6.073,1.856,-0.425,1.904,33.23,45.58,1,5.85,0.339,1,TRUE,TRUE,686.5,349.9,778.6,402.5,663.2,349.7,FALSE,63,1.03
7.952,497,TRACKING,-3.888,-6.244,-4.247,-6.368,-5.504,-6.056,1.499,-0.212,1.514,26.43,36.27,1,7.2,1.048,1,TRUE,TRUE,678.3,355.5,773.8,408.3,667.3,352.1,FALSE,63,3.12
7.968,498,TRACKING,-3.788,-6.262,-4.053,-6.559,-5.401,-6.045,1.425,-0.013,1.425,24.88,34.15,1,6.474,0.703,1,TRUE,TRUE,676.1,360.3,676.7,360.2,667.8,352.7,FALSE,63,1.12
7.984,499,TRACKING,-3.688,-6.281,-4.331,-6.33,-5.302,-6.039,1.837,-0.245,1.854,32.35,44.4,1,6.162,0.362,1,TRUE,TRUE,685.9,354.9,686.3,354.2,668.6,353.1,FALSE,63,1.18
8,500,TRACKING,-3.587,-6.298,-4.074,-6.071,-5.208,-6.039,1.707,-0.516,1.784,31.13,42.66,1,5.893,0.002,1,TRUE,TRUE,682.7,348.4,682.1,347.5,669.3,353.2,FALSE,63,0.79
8.016,501,TRACKING,-3.486,-6.315,-3.415,-6.382,-5.089,-6.025,1.316,-0.124,1.322,23.08,31.67,1,7.456,0.903,1,TRUE,TRUE,674.1,357.9,774.7,407.9,673.2,355.5,FALSE,63,1.07
8.032,502,TRACKING,-3.385,-6.332,-3.442,-6.249,-4.947,-6,1.621,-0.18,1.631,28.46,39.07,0.992,8.859,1.584,1,TRUE,TRUE,682.1,356.6,783.7,406.4,677.5,357.7,FALSE,63,1.73
8.048,503,TRACKING,-3.284,-6.348,-3.497,-5.856,-4.816,-5.984,1.804,-0.592,1.898,33.13,45.39,0.96,8.181,0.974,1,TRUE,TRUE,686.4,346.4,686.8,345.8,678.1,357.7,FALSE,63,1.28
8.064,504,TRACKING,-3.182,-6.364,-2.891,-6.029,-4.696,-5.974,1.306,-0.43,1.375,23.99,32.87,0.933,7.485,0.624,1,TRUE,TRUE,674.4,349.8,673.8,350.4,678.3,357.8,FALSE,63,1.64
8.08,505,TRACKING,-3.08,-6.379,-2.809,-6.278,-4.584,-5.967,1.332,-0.185,1.345,23.47,32.21,0.916,7.01,0.457,1,TRUE,TRUE,675,355.3,674.4,354.6,678.4,358,FALSE,63,1.25
8.096,506,TRACKING,-2.978,-6.394,-2.962,-5.931,-4.442,-5.951,1.774,-0.475,1.836,32.05,43.93,0.911,8.888,1.003,1,TRUE,TRUE,686.4,348.7,792.8,394.4,682.9,359.7,FALSE,63,1.42
8.112,507,TRACKING,-2.876,-6.408,-2.328,-5.615,-4.278,-5.926,1.413,-0.743,1.596,27.86,38.07,0.919,10.221,1.54,1,TRUE,TRUE,678.3,342.7,785.5,389.6,687,361.2,FALSE,63,1.73
8.128,508,TRACKING,-2.773,-6.421,-1.857,-6.071,-4.132,-5.907,1.036,-0.295,1.077,18.8,25.77,0.938,9.138,1.169,1,TRUE,TRUE,668.8,353.3,669.6,353,686.8,361.3,FALSE,63,1.37
8.144,509,TRACKING,-2.67,-6.435,-2.202,-5.92,-3.995,-5.894,1.49,-0.459,1.559,27.21,37.29,0.966,8.547,0.852,1,TRUE,TRUE,679.3,349.6,679.3,350.1,686.9,361.3,FALSE,63,1.47
8.16,510,TRACKING,-2.567,-6.447,-2.138,-5.673,-3.865,-5.886,1.536,-0.731,1.701,29.69,40.6,0.995,8.147,0.493,1,TRUE,TRUE,680,343.4,680,343.4,687.1,361,FALSE,63,1.39
8.176,511,TRACKING,-2.464,-6.459,-1.296,-5.669,-3.71,-5.869,0.952,-0.691,1.176,20.53,27.98,1,9.691,1.05,1,TRUE,TRUE,666.4,344.7,778,386.7,690.8,362.3,FALSE,63,2.94
8.192,512,TRACKING,-2.36,-6.471,-1.174,-5.996,-3.534,-5.842,1.093,-0.304,1.135,19.81,27.15,1,11.005,1.688,1,TRUE,TRUE,670.1,354,783.8,397.6,694.6,364,FALSE,63,1.65
8.208,513,TRACKING,-2.257,-6.482,-1.43,-5.499,-3.372,-5.824,1.451,-0.828,1.67,29.15,39.81,1,10.102,1.127,1,TRUE,TRUE,678.2,341.4,678.6,341.9,694.6,363.6,FALSE,63,0.98
8.224,514,TRACKING,-2.153,-6.493,-0.869,-5.552,-3.225,-5.813,0.972,-0.802,1.26,22,29.94,1,9.227,0.714,1,TRUE,TRUE,666.3,341.6,666,342,694.1,363.3,FALSE,63,1.46
8.24,515,TRACKING,-2.049,-6.503,-0.585,-5.777,-3.089,-5.805,0.764,-0.598,0.97,16.94,23.06,1,8.509,0.471,1,TRUE,TRUE,661.1,346.1,661.6,345.6,693.4,363,FALSE,63,1.53
8.256,516,TRACKING,-1.945,-6.513,-0.769,-5.813,-2.922,-5.788,1.22,-0.519,1.325,23.13,31.65,1,10.389,1.065,1,TRUE,TRUE,672.8,347.9,791.6,386.6,697.4,364.2,FALSE,63,3.14
8.272,517,TRACKING,-1.841,-6.522,-0.316,-5.225,-2.733,-5.767,1.033,-1.084,1.497,26.13,35.47,1,11.808,1.283,1,TRUE,TRUE,669,334.6,789.7,374.2,701.3,365,FALSE,63,1.24
8.288,518,TRACKING,-1.736,-6.531,0.254,-5.639,-2.566,-5.753,0.525,-0.695,0.871,15.2,20.58,1,10.464,0.873,1,TRUE,TRUE,656.5,343.5,656.6,343.6,700.3,364.6,FALSE,63,0.68
8.304,519,TRACKING,-1.632,-6.539,0.047,-5.722,-2.412,-5.744,0.804,-0.634,1.024,17.88,24.34,1,9.605,0.587,1,TRUE,TRUE,663.1,345,663.3,344.8,699.5,364.3,FALSE,63,1.24
8.32,520,TRACKING,-1.527,-6.546,-0.084,-5.544,-2.267,-5.739,1.017,-0.839,1.319,23.02,31.32,1,9.074,0.297,1,TRUE,TRUE,668.2,340.3,668.9,341.1,699,363.8,FALSE,63,1.49
8.336,521,TRACKING,-1.422,-6.553,0.674,-5.275,-2.095,-5.729,0.511,-1.09,1.204,21.01,28.34,1,10.766,0.624,1,TRUE,TRUE,656.8,334.8,781.8,370.2,702.5,364.4,FALSE,63,5.2
8.352,522,TRACKING,-1.317,-6.56,1.022,-5.75,-1.903,-5.712,0.406,-0.577,0.706,12.32,16.68,1,12.013,1.112,1,TRUE,TRUE,654.9,347.2,778.8,383.1,705.8,365.5,FALSE,63,1.46
8.368,523,TRACKING,-1.212,-6.566,0.741,-5.521,-1.729,-5.7,0.754,-0.833,1.124,19.61,26.61,1,10.857,0.7,1,TRUE,TRUE,662.7,341.2,663.1,341.8,704.9,365,FALSE,63,0.63
8.384,524,TRACKING,-1.107,-6.572,1.038,-5.322,-1.571,-5.696,0.515,-1.068,1.185,20.69,27.91,1,9.884,0.267,1,TRUE,TRUE,656.5,335.6,656.4,335.5,703.8,364.3,FALSE,63,1.32
8.4,525,TRACKING,-1.002,-6.577,1.415,-5.514,-1.427,-5.696,0.183,-0.906,0.925,16.14,21.7,1,9.001,-0.01,1,TRUE,TRUE,648.1,339.1,648.1,338.7,702.3,363.7,FALSE,63,1.31
8.416,526,TRACKING,-0.897,-6.582,1.427,-5.77,-1.253,-5.688,0.421,-0.619,0.748,13.06,17.66,0.986,10.837,0.512,1,TRUE,TRUE,654.3,345.8,783.9,377.8,705.8,364.5,FALSE,63,4.99
8.432,527,TRACKING,-0.791,-6.586,1.641,-5.304,-1.057,-5.677,0.457,-1.071,1.164,20.32,27.39,0.966,12.27,0.699,1,TRUE,TRUE,655.5,335,785.5,367.1,709.3,364.9,FALSE,63,1.74
8.448,528,TRACKING,-0.686,-6.589,2.076,-5.34,-0.884,-5.673,0.058,-1.071,1.072,18.72,25.15,0.945,10.806,0.224,1,TRUE,TRUE,645.2,334.6,645.8,334.8,707.6,364.2,FALSE,63,0.76
8.464,529,TRACKING,-0.58,-6.592,2.135,-5.72,-0.729,-5.673,0.035,-0.713,0.713,12.45,16.73,0.93,9.698,0.016,1,TRUE,TRUE,644.1,342.8,644.9,343.1,705.9,363.7,FALSE,63,1.29
8.48,530,TRACKING,-0.475,-6.595,1.93,-5.614,-0.586,-5.677,0.284,-0.847,0.894,15.6,21,0.923,8.941,-0.236,1,TRUE,TRUE,649.7,339.5,649.6,338.8,704.5,363.1,FALSE,63,1.3
8.496,531,TRACKING,-0.369,-6.597,1.851,-5.559,-0.5,-5.721,0.167,-1.115,1.127,19.68,26.45,0.928,5.395,-2.734,1,TRUE,TRUE,645.6,332.5,489.8,218,697.2,358.2,FALSE,63,8.5
8.512,532,TRACKING,-0.264,-6.598,2.322,-5.821,-0.372,-5.742,-0.064,-0.831,0.834,14.55,19.55,0.945,7.948,-1.337,1,TRUE,TRUE,641.1,339.9,776.2,367.9,700.5,358.7,FALSE,63,3.22
8.528,533,TRACKING,-0.158,-6.599,2.178,-6.093,-0.253,-5.769,0.122,-0.572,0.585,10.2,13.72,0.971,7.437,-1.702,1,TRUE,TRUE,645.5,346.1,646,345.8,698.9,358.5,FALSE,63,0.74
8.544,534,TRACKING,-0.053,-6.6,2.104,-5.694,-0.14,-5.796,0.242,-0.998,1.027,17.92,24.11,1,7.067,-1.702,1,TRUE,TRUE,648.5,336.3,648.5,336.2,697.5,357.8,FALSE,63,1.1
8.56,535,TRACKING,0.053,-6.6,2.375,-5.831,-0.034,-5.823,0.009,-0.883,0.883,15.41,20.7,1,6.642,-1.685,1,TRUE,TRUE,643,339.2,642.5,338.5,695.9,357.3,FALSE,63,1.09
8.576,536,TRACKING,0.159,-6.599,2.184,-6.351,0.021,-5.882,0.009,-0.546,0.546,9.54,12.81,1,3.447,-3.698,1,TRUE,TRUE,641.9,346.3,489.3,233.1,688.7,353,FALSE,63,8.18
8.592,537,TRACKING,0.264,-6.598,2.195,-6.305,0.125,-5.925,0.264,-0.562,0.62,10.83,14.61,1,6.515,-2.669,1,TRUE,TRUE,649.3,346.2,789.8,370.2,692.6,353.7,FALSE,63,3.89
8.608,538,TRACKING,0.37,-6.597,2.273,-5.936,0.224,-5.966,0.236,-0.951,0.98,17.1,23,1,6.182,-2.559,1,TRUE,TRUE,648.5,336.9,648.4,336.8,691.3,353.2,FALSE,63,0.7
8.624,539,TRACKING,0.475,-6.595,2.559,-6.442,0.317,-6.002,-0.01,-0.446,0.446,7.78,10.45,1,5.779,-2.267,1,TRUE,TRUE,642.5,348.6,641.9,349.2,689.7,353.1,FALSE,63,0.79
8.64,540,TRACKING,0.581,-6.592,2.453,-6.466,0.405,-6.035,0.145,-0.421,0.445,7.77,10.47,1,5.523,-2.062,1,TRUE,TRUE,646,349,646.4,349.5,688.3,353.1,FALSE,63,0.99
8.656,541,TRACKING,0.686,-6.589,2.265,-6.285,0.492,-6.068,0.392,-0.61,0.726,12.66,17.12,1,5.417,-2.034,1,TRUE,TRUE,651.7,344.4,653,343.6,687.2,352.8,FALSE,63,6.31
8.672,542,TRACKING,0.792,-6.586,2.805,-6.163,0.617,-6.095,0.12,-0.711,0.721,12.59,16.93,1,7.853,-1.678,1,TRUE,TRUE,645.9,342.2,790.7,362,691.1,353.2,FALSE,63,3.93
8.688,543,TRACKING,0.897,-6.582,2.99,-6.727,0.728,-6.12,-0.026,-0.138,0.14,2.45,3.29,0.986,6.938,-1.546,1,TRUE,TRUE,641.8,355.8,641.6,355.1,689.6,353.4,FALSE,63,0.63
8.704,544,TRACKING,1.002,-6.577,2.692,-6.37,0.831,-6.145,0.325,-0.497,0.593,10.36,14,0.969,6.383,-1.607,1,TRUE,TRUE,649.8,347.6,649.4,346.9,688.3,353.2,FALSE,63,0.86
8.72,545,TRACKING,1.107,-6.572,2.75,-6.309,0.926,-6.172,0.32,-0.561,0.646,11.27,15.23,0.961,5.947,-1.674,1,TRUE,TRUE,649.5,346.4,649.2,346,687,353,FALSE,63,0.88
8.736,546,TRACKING,1.212,-6.566,2.888,-6.709,0.97,-6.232,0.005,-0.324,0.324,5.65,7.6,0.961,2.759,-3.725,1,TRUE,TRUE,640.7,351.4,496.1,240.9,680.3,349,FALSE,63,4.16
8.752,547,TRACKING,1.317,-6.56,2.421,-7.218,0.977,-6.314,0.312,0.037,0.314,5.48,7.52,0.967,0.422,-5.151,1,TRUE,TRUE,647.2,359.4,503.5,249.3,673.9,345.4,FALSE,63,5.76
8.768,548,TRACKING,1.422,-6.553,2.112,-6.736,0.999,-6.384,0.696,-0.435,0.821,14.33,19.55,0.975,1.4,-4.388,1,TRUE,TRUE,656.9,348.6,656.9,349.1,673.2,345.5,FALSE,63,0.81
8.784,549,TRACKING,1.527,-6.546,2.487,-7.008,1.03,-6.444,0.385,-0.144,0.412,7.18,9.83,0.982,1.928,-3.742,1,TRUE,TRUE,649.8,355.6,649.5,354.9,672.2,345.8,FALSE,63,0.79
8.8,550,TRACKING,1.632,-6.539,2.602,-7.258,1.066,-6.495,0.334,0.136,0.36,6.29,8.61,0.985,2.255,-3.15,1,TRUE,TRUE,648.9,362.1,648.9,361.7,671.3,346.3,FALSE,63,0.82
8.816,551,TRACKING,1.736,-6.531,1.898,-7.359,1.067,-6.572,0.912,0.095,0.917,16,21.96,0.984,0.096,-4.826,1,TRUE,TRUE,662.1,360.2,521.6,250.6,665.7,342.8,FALSE,63,3.42
8.832,552,TRACKING,1.841,-6.522,1.774,-7.267,1.042,-6.671,0.913,-0.141,0.924,16.13,22.13,0.978,-1.605,-6.211,1,TRUE,TRUE,661.7,354,521.8,246.2,660.3,339.2,FALSE,63,2.9
8.848,553,TRACKING,1.945,-6.513,2.174,-7.759,1.033,-6.751,0.596,0.396,0.715,12.48,17.02,0.971,-0.521,-5.019,1,TRUE,TRUE,654.6,366.9,654.8,367.1,659.8,340.1,FALSE,63,0.69
8.864,554,TRACKING,2.049,-6.503,1.808,-7.787,1.04,-6.817,1.061,0.471,1.161,20.26,27.71,0.966,0.428,-4.119,1,TRUE,TRUE,666.1,369,665.7,368.8,659.6,340.9,FALSE,63,0.64
8.88,555,TRACKING,2.153,-6.493,1.589,-7.475,1.06,-6.875,1.392,0.197,1.405,24.53,33.66,0.966,1.247,-3.58,1,TRUE,TRUE,674.3,362.9,673.9,362.2,659.8,341.6,FALSE,63,0.74
8.896,556,TRACKING,2.257,-6.482,2.053,-7.377,1.075,-6.891,0.967,0.309,1.015,17.71,24.26,0.973,0.947,-1.046,1,TRUE,TRUE,663.8,366.8,625.9,474.5,658.3,346.3,FALSE,63,2.08
8.912,557,TRACKING,2.361,-6.471,2.049,-7.701,1.099,-6.908,1.074,0.685,1.274,22.23,30.33,0.989,1.459,-1.009,1,TRUE,TRUE,666.4,375.9,667.5,373.8,658.3,347.2,FALSE,63,2.57
8.928,558,TRACKING,2.464,-6.459,1.594,-7.417,1.132,-6.924,1.652,0.446,1.711,29.86,40.94,1,2.062,-1.021,1,TRUE,TRUE,680.3,370.5,680.2,369.9,658.7,348,FALSE,63,0.67
8.944,559,TRACKING,2.567,-6.447,1.944,-7.17,1.17,-6.941,1.414,0.24,1.435,25.04,34.35,1,2.394,-1.072,1,TRUE,TRUE,674.5,365.7,674.1,366.2,659,348.7,FALSE,63,0.65
8.96,560,TRACKING,2.67,-6.435,2.329,-7.564,1.21,-6.955,1.132,0.689,1.325,23.12,31.56,1,2.509,-0.894,1,TRUE,TRUE,667.6,376.3,666.8,376.2,658.9,349.7,FALSE,63,0.65
8.976,561,TRACKING,2.773,-6.421,1.908,-7.495,1.256,-6.967,1.676,0.676,1.808,31.55,43.19,1,2.865,-0.721,1,TRUE,TRUE,680.8,375.9,681.4,376.8,659.4,350.7,FALSE,63,2.95
8.992,562,TRACKING,2.876,-6.408,1.904,-7.177,1.307,-6.979,1.808,0.399,1.852,32.32,44.33,1,3.189,-0.737,1,TRUE,TRUE,684,369.2,684.1,367.7,660,351.3,FALSE,63,1.87
9.008,563,TRACKING,2.978,-6.393,2.486,-7.207,1.359,-6.989,1.336,0.475,1.418,24.75,33.9,1,3.233,-0.679,1,TRUE,TRUE,672.8,370.7,672.7,370.2,660.2,352.1,FALSE,63,0.62
9.024,564,TRACKING,3.08,-6.379,2.358,-7.599,1.413,-6.996,1.583,0.93,1.836,32.05,43.76,1,3.394,-0.395,1,TRUE,TRUE,678.9,381.2,679,381.6,660.6,353.2,FALSE,63,0.64
9.04,565,TRACKING,3.182,-6.364,2.048,-7.139,1.473,-7.002,2.028,0.516,2.092,36.52,50.08,1,3.725,-0.362,1,TRUE,TRUE,689.9,371.4,689.6,370.8,661.4,353.9,FALSE,63,0.57
9.056,566,TRACKING,3.284,-6.348,2.533,-7.085,1.534,-7.006,1.665,0.509,1.741,30.39,41.65,1,3.844,-0.305,1,TRUE,TRUE,681.5,371.3,681.7,371.3,661.9,354.6,FALSE,63,1.2
9.072,567,TRACKING,3.386,-6.332,2.784,-7.275,1.596,-7.008,1.529,0.756,1.706,29.77,40.7,0.969,3.868,-0.112,1,TRUE,TRUE,678.4,377.4,677.2,378.1,662.2,355.6,FALSE,63,1.27
9.088,568,TRACKING,3.487,-6.315,2.411,-7.381,1.662,-7.006,2.037,0.924,2.237,39.04,53.41,0.942,4.145,0.133,1,TRUE,TRUE,690.8,381.7,690.3,382.2,663,356.7,FALSE,63,0.6
9.104,569,TRACKING,3.588,-6.298,2.587,-6.805,1.732,-7.005,1.993,0.391,2.031,35.45,48.64,0.925,4.362,0.098,1,TRUE,TRUE,690,369.4,689.7,369.3,663.8,357.3,FALSE,63,0.58
9.12,570,TRACKING,3.688,-6.281,3.081,-7.125,1.802,-7,1.619,0.766,1.791,31.25,42.74,0.92,4.385,0.258,1,TRUE,TRUE,681,378.5,680.9,378,664.2,358.2,FALSE,63,0.59
9.136,571,TRACKING,3.789,-6.262,2.698,-7.378,1.84,-7.024,1.951,0.923,2.159,37.68,51.53,0.927,2.344,-1.463,1,TRUE,TRUE,688.1,381.6,568.5,279.7,660.6,355.5,FALSE,63,0.92
9.152,572,TRACKING,3.889,-6.244,2.334,-7.385,1.855,-7.069,2.279,0.835,2.427,42.36,58.03,0.944,0.942,-2.801,1,TRUE,TRUE,695.3,379,576.7,278,657.4,352.8,FALSE,63,0.97
9.168,573,TRACKING,3.988,-6.225,2.763,-7.075,1.886,-7.101,1.985,0.579,2.068,36.09,49.47,0.965,1.914,-2.029,1,TRUE,TRUE,688.4,373.1,688.4,373.7,658.2,353.6,FALSE,63,0.57
9.184,574,TRACKING,4.088,-6.205,2.891,-7.597,1.928,-7.121,1.99,1.174,2.311,40.33,55.07,0.988,2.63,-1.217,1,TRUE,TRUE,688.6,387.1,688.3,386.5,659,354.9,FALSE,63,0.58
9.2,575,TRACKING,4.187,-6.185,2.64,-7.355,1.981,-7.131,2.389,0.998,2.589,45.19,61.86,1,3.342,-0.67,1,TRUE,TRUE,698.2,382.9,697.8,383,660.2,356,FALSE,63,0.56
9.216,576,TRACKING,4.286,-6.165,2.857,-7.102,2.043,-7.137,2.317,0.805,2.453,42.81,58.65,1,3.877,-0.349,1,TRUE,TRUE,696.6,378.3,697.2,377.7,661.3,356.9,FALSE,63,0.86
9.232,577,TRACKING,4.384,-6.144,3.239,-7.139,2.111,-7.136,2.077,0.911,2.268,39.58,54.16,1,4.255,0.044,1,TRUE,TRUE,690.9,380.9,695,385,662.3,358,FALSE,63,0.86
9.248,578,TRACKING,4.482,-6.122,3.148,-7.457,2.185,-7.125,2.309,1.307,2.654,46.31,63.27,1,4.594,0.678,1,TRUE,TRUE,696.6,390.4,696.7,390.7,663.4,359.3,FALSE,63,0.57
9.264,579,TRACKING,4.58,-6.1,3.117,-6.96,2.264,-7.12,2.49,0.87,2.637,46.03,63.07,1,4.965,0.325,1,TRUE,TRUE,701.2,380.2,701.6,379.5,664.6,360.2,FALSE,63,0.57
9.28,580,TRACKING,4.678,-6.078,3.49,-6.901,2.347,-7.108,2.256,0.872,2.419,42.21,57.81,1,5.166,0.765,1,TRUE,TRUE,695.8,380.7,695.8,381.3,665.6,361.2,FALSE,63,0.57
9.296,581,TRACKING,4.775,-6.055,3.675,-7.151,2.432,-7.091,2.207,1.198,2.512,43.83,59.9,1,5.333,1.063,1,TRUE,TRUE,694.9,388.7,695.1,389.9,666.5,362.4,FALSE,63,0.83
9.312,582,TRACKING,4.871,-6.032,3.561,-7.052,2.522,-7.071,2.467,1.168,2.73,47.64,65.17,1,5.613,1.256,1,TRUE,TRUE,701.5,388.3,701.9,386.9,667.7,363.5,FALSE,63,0.76
9.328,583,TRACKING,4.968,-6.008,3.729,-6.612,2.616,-7.05,2.444,0.785,2.567,44.8,61.4,1,5.85,1.274,1,TRUE,TRUE,701.2,379.4,701.6,378.8,668.9,364.3,FALSE,63,0.57
9.344,584,TRACKING,5.064,-5.984,4.103,-6.814,2.711,-7.027,2.204,1.055,2.444,42.65,58.34,1,5.952,1.44,1,TRUE,TRUE,695.6,385.8,695.7,385.7,669.8,365.3,FALSE,63,0.57
9.36,585,TRACKING,5.159,-5.959,4.135,-6.974,2.808,-7,2.308,1.29,2.644,46.15,63.05,1,6.093,1.697,1,TRUE,TRUE,698.2,391.2,697.6,391.4,670.8,366.4,FALSE,63,0.56
9.376,586,TRACKING,5.254,-5.934,3.888,-6.697,2.88,-7.001,2.546,0.927,2.71,47.29,64.79,1,4.461,-0.065,1,TRUE,TRUE,703.2,381.7,601.6,286.5,668.3,363.8,FALSE,63,0.74
9.392,587,TRACKING,5.349,-5.908,4.025,-6.814,2.931,-7.024,2.399,0.96,2.584,45.1,61.75,1,3.193,-1.393,1,TRUE,TRUE,699.1,381.8,599.5,286.8,665.7,361.3,FALSE,63,0.67
9.408,588,TRACKING,5.443,-5.882,4.29,-7.096,2.995,-7.031,2.27,1.321,2.626,45.84,62.6,1,3.996,-0.459,1,TRUE,TRUE,696.1,390.4,696.1,390.8,666.7,362.5,FALSE,63,0.56
9.424,589,TRACKING,5.537,-5.855,4.141,-6.999,3.07,-7.027,2.564,1.301,2.875,50.18,68.62,1,4.735,0.231,1,TRUE,TRUE,703.3,390.1,703.5,390.5,668,363.7,FALSE,63,0.56
9.44,590,TRACKING,5.631,-5.828,4.221,-6.522,3.156,-7.018,2.63,0.887,2.776,48.44,66.39,0.993,5.32,0.582,1,TRUE,TRUE,704.9,380.6,704.6,381.3,669.2,364.5,FALSE,63,0.6
9.456,591,TRACKING,5.724,-5.801,4.685,-6.854,3.246,-7.001,2.299,1.296,2.639,46.06,62.93,0.965,5.632,1.043,1,TRUE,TRUE,696.9,390.5,696.7,391.3,670.2,365.7,FALSE,63,0.7
9.472,592,TRACKING,5.816,-5.773,4.709,-6.848,3.337,-6.978,2.393,1.37,2.757,48.12,65.74,0.938,5.724,1.437,1,TRUE,TRUE,699.1,392.7,687.8,393,670.8,366.9,FALSE,63,0.77
9.488,593,TRACKING,5.908,-5.745,4.535,-6.547,3.436,-6.952,2.712,1.138,2.941,51.33,70.28,0.919,6.147,1.638,1,TRUE,TRUE,706.9,387.6,706,386.9,672.1,367.9,FALSE,63,0.55
9.504,594,TRACKING,6,-5.716,4.944,-6.31,3.537,-6.924,2.437,0.965,2.621,45.74,62.63,0.911,6.371,1.752,1,TRUE,TRUE,700.4,383.7,699.5,383.8,673.1,368.7,FALSE,63,0.57
9.52,595,TRACKING,6.091,-5.686,5.304,-6.77,3.641,-6.89,2.202,1.508,2.669,46.59,63.54,0.917,6.486,2.107,1,TRUE,TRUE,694.9,396.7,695.2,397.1,673.9,370,FALSE,63,0.56
9.536,596,TRACKING,6.182,-5.657,5.357,-6.393,3.799,-6.86,2.54,1.177,2.799,48.86,66.85,0.934,9.871,1.922,1,TRUE,TRUE,704.5,388.8,873.2,371.8,681.1,370.3,FALSE,63,0.78
9.552,597,TRACKING,6.272,-5.627,5.533,-6.193,3.951,-6.827,2.505,1.038,2.712,47.33,64.8,0.962,9.513,2.008,1,TRUE,TRUE,703.7,385.4,710.7,382.8,682.3,371.1,FALSE,63,0.94
9.568,598,TRACKING,6.362,-5.596,6.147,-6.252,4.094,-6.792,2.002,1.167,2.317,40.44,55.23,0.994,8.941,2.208,1,TRUE,TRUE,691.6,388.2,690.9,389,682.8,372,FALSE,63,0.55
9.584,599,TRACKING,6.451,-5.565,6.101,-6.498,4.233,-6.752,2.165,1.496,2.631,45.92,62.63,1,8.645,2.521,1,TRUE,TRUE,695.6,395.8,695.6,396.7,683.5,373.2,FALSE,63,0.56
9.6,600,TRACKING,6.54,-5.534,5.914,-5.873,4.37,-6.712,2.479,0.929,2.648,46.21,63.3,1,8.606,2.513,1,TRUE,TRUE,703.2,382.3,703.5,382.6,684.4,373.8,FALSE,63,0.57
9.616,601,TRACKING,6.629,-5.502,6.794,-6.028,4.555,-6.677,1.963,1.112,2.256,39.38,53.79,1,11.533,2.146,1,TRUE,TRUE,692,386.4,862.7,362.4,691,373.8,FALSE,63,0.88
9.632,602,TRACKING,6.716,-5.469,7.121,-6.169,4.724,-6.639,1.73,1.324,2.178,38.02,51.79,1,10.574,2.392,1,TRUE,TRUE,686,391.5,686,389.6,691.2,374.6,FALSE,63,1.17
9.648,603,TRACKING,6.804,-5.437,6.786,-6.041,4.886,-6.597,2.174,1.268,2.517,43.92,59.99,1,10.094,2.619,1,TRUE,TRUE,696.3,390.5,696.3,391,691.7,375.6,FALSE,63,0.57
9.664,604,TRACKING,6.89,-5.404,7.078,-5.554,5.04,-6.555,1.981,0.837,2.15,37.53,51.36,1,9.671,2.624,1,TRUE,TRUE,691.3,380.6,690.7,381.3,692,376.1,FALSE,63,0.58
9.68,605,TRACKING,6.976,-5.37,7.682,-5.927,5.187,-6.51,1.457,1.281,1.941,33.87,46.07,1,9.163,2.834,1,TRUE,TRUE,678.4,391.4,678.7,391.6,691.8,377,FALSE,63,0.57
9.696,606,TRACKING,7.062,-5.336,7.753,-5.905,5.38,-6.469,1.729,1.292,2.158,37.67,51.33,1,12.043,2.525,1,TRUE,TRUE,685.8,391.7,855.6,365.9,698,376.9,FALSE,63,1.01
9.712,607,TRACKING,7.147,-5.302,7.975,-5.591,5.609,-6.435,1.848,0.995,2.098,36.63,50.05,1,14.311,2.115,1,TRUE,TRUE,689.4,384.6,857.5,356,704.1,376.5,FALSE,63,1.49
9.728,608,TRACKING,7.232,-5.267,8.676,-5.51,5.812,-6.398,1.206,0.974,1.55,27.06,36.84,0.993,12.732,2.335,1,TRUE,TRUE,673.3,384.2,672.9,384,703.5,377.1,FALSE,63,0.62
9.744,609,TRACKING,7.316,-5.232,8.814,-5.85,5.997,-6.355,1.125,1.388,1.787,31.18,42.26,0.992,11.566,2.683,1,TRUE,TRUE,670.9,393.8,671.1,393.5,702.9,378,FALSE,63,0.6
9.76,610,TRACKING,7.399,-5.196,8.469,-5.508,6.172,-6.31,1.541,1.11,1.899,33.14,45.17,0.994,10.898,2.828,1,TRUE,TRUE,680.6,387,680.7,386.7,702.6,378.7,FALSE,63,0.6
9.776,611,TRACKING,7.482,-5.16,9.196,-5.262,6.385,-6.274,1.12,0.873,1.42,24.78,33.75,0.997,13.323,2.277,1,TRUE,TRUE,671.6,381,839.6,351,707.9,378.1,FALSE,63,1.21
9.792,612,TRACKING,7.564,-5.124,9.473,-5.33,6.542,-6.197,0.705,1.185,1.379,24.07,32.52,0.999,9.804,4.774,1,TRUE,TRUE,660.5,389.1,544.4,506,702.6,383,FALSE,63,1.93
9.808,613,TRACKING,7.646,-5.087,9.133,-5.296,6.693,-6.125,1.097,1.217,1.638,28.6,38.8,0.996,9.45,4.524,1,TRUE,TRUE,670,389.7,670.4,390.2,701.9,383.6,FALSE,63,0.66
9.824,614,TRACKING,7.727,-5.05,9.165,-4.863,6.84,-6.058,1.118,0.836,1.396,24.36,33.18,0.987,9.185,4.202,1,TRUE,TRUE,670.6,380.7,671,381.5,701.3,384,FALSE,63,0.7
9.84,615,TRACKING,7.808,-5.012,9.744,-4.821,6.98,-5.994,0.571,0.845,1.02,17.81,24.09,0.974,8.719,3.986,1,TRUE,TRUE,657.5,381.1,657.3,381.7,700.1,384.3,FALSE,63,0.58
9.856,616,TRACKING,7.887,-4.974,9.962,-5.216,7.162,-5.94,0.637,1.256,1.408,24.57,33.17,0.959,11.437,3.389,1,TRUE,TRUE,660.2,390.8,825.9,357.7,705,383.8,FALSE,63,1.37
9.872,617,TRACKING,7.967,-4.936,9.502,-4.576,7.296,-5.85,0.957,0.846,1.277,22.29,30.32,0.945,8.366,5.597,1,TRUE,TRUE,666.6,382.3,545,498.7,699.7,388.3,FALSE,63,3.55
9.888,618,TRACKING,8.045,-4.897,9.928,-4.381,7.425,-5.769,0.56,0.694,0.892,15.57,21.09,0.938,8.068,5.035,1,TRUE,TRUE,656.9,378.6,656.7,378.1,698.6,388.4,FALSE,63,1.03
9.904,619,TRACKING,8.123,-4.858,10.171,-4.532,7.549,-5.694,0.338,0.897,0.958,16.72,22.53,0.939,7.703,4.74,1,TRUE,TRUE,651.3,383.3,650.6,383.5,697.2,388.7,FALSE,63,1.04
9.92,620,TRACKING,8.201,-4.818,9.842,-4.633,7.67,-5.62,0.7,1.053,1.265,22.08,29.86,0.951,7.554,4.593,1,TRUE,TRUE,659.8,386.8,659.3,386.5,696.1,389,FALSE,63,0.68
9.936,621,TRACKING,8.278,-4.778,10.24,-4.096,7.836,-5.563,0.579,0.494,0.761,13.29,18.08,0.973,10.407,3.541,1,TRUE,TRUE,657.8,373.1,822.9,335.6,700.9,387.6,FALSE,63,1.27
9.952,622,TRACKING,8.354,-4.738,10.975,-4.398,8.034,-5.518,0.102,0.784,0.791,13.8,18.55,1,12.385,2.857,1,TRUE,TRUE,646.9,379.4,812.4,341.7,705.3,386.4,FALSE,63,2.41
9.968,623,TRACKING,8.429,-4.698,10.893,-4.496,8.209,-5.468,0.193,0.935,0.954,16.66,22.4,1,10.919,3.102,1,TRUE,TRUE,648.4,382.8,648.5,382.9,703.7,386.6,FALSE,63,1.07
9.984,624,TRACKING,8.504,-4.657,10.755,-4.323,8.367,-5.417,0.345,0.807,0.878,15.32,20.66,1,9.907,3.201,1,TRUE,TRUE,651.6,379.6,652.6,378.9,702.2,386.8,FALSE,63,1.09
10,625,TRACKING,8.578,-4.615,11.096,-3.917,8.511,-5.367,0.005,0.434,0.434,7.58,10.18,1,8.959,3.105,1,TRUE,TRUE,643,370.8,642.6,370.2,700.5,386.6,FALSE,63,0.73
