timestamp_s,frame_number,tracking_status,target_pan_deg,target_tilt_deg,estimated_pan_deg,estimated_tilt_deg,gimbal_pan_deg,gimbal_tilt_deg,pan_error_deg,tilt_error_deg,total_angular_error_deg,total_angular_error_mrad,pixel_error_px,rssi_signal_strength,pan_pid_output,tilt_pid_output,detection_confidence,beacon_visible,ground_truth_in_fov,ground_truth_x_px,ground_truth_y_px,detected_x_px,detected_y_px,predicted_x_px,predicted_y_px,link_locked,fps,processing_time_ms
0.016,1,ACQUIRING,11.998,0.116,12.559,0.197,0.56,0.066,11.275,0.286,11.278,196.84,273.7,0.961,35,4.124,1,TRUE,TRUE,927.8,368.6,927.6,368.6,927.6,368.6,FALSE,63,0.89
0.032,2,TRACKING,11.996,0.174,12.577,0.239,1.12,0.091,10.996,0.158,10.997,191.94,266.71,0.966,35,1.57,1,TRUE,TRUE,920.9,364.5,920.9,365.1,921.2,365.2,FALSE,63,1
0.048,3,TRACKING,11.993,0.232,12.854,0.351,1.68,0.092,10.418,-0.002,10.418,181.82,252.34,0.974,35,0.078,1,TRUE,TRUE,906.6,360,906,360.2,913.7,362.7,FALSE,63,0.52
0.064,4,TRACKING,11.988,0.29,13.307,0.314,2.24,0.09,9.599,0.068,9.599,167.54,232.12,0.982,35,-0.141,1,TRUE,TRUE,886.4,361.3,886.8,361,904.7,362.2,FALSE,63,0.54
0.08,5,TRACKING,11.983,0.348,13.452,0.01,2.8,0.115,9.135,0.557,9.152,159.73,221.08,0.988,35,1.54,1,TRUE,TRUE,874.9,373.3,874.5,373.9,896.9,365.1,FALSE,63,0.49
0.096,6,TRACKING,11.977,0.406,13.529,0.475,3.36,0.133,8.778,0.141,8.78,153.23,211.97,0.99,35,1.168,1,TRUE,TRUE,866,363.3,865.8,364,890.2,364.9,FALSE,63,1.06
0.112,7,TRACKING,11.97,0.464,13.854,0.519,3.85,0.15,8.113,0.155,8.115,141.63,195.7,0.989,30.655,1.025,1,TRUE,TRUE,847.8,363.7,847.6,364.9,881.9,364.9,FALSE,63,1.12
0.128,8,TRACKING,11.962,0.522,14.031,0.31,4.24,0.174,7.559,0.464,7.574,132.18,182.46,0.985,24.364,1.509,1,TRUE,TRUE,831.6,371.2,831.8,370.5,872.8,365.9,FALSE,63,0.52
0.144,9,TRACKING,11.954,0.58,13.777,0.337,4.556,0.209,7.463,0.555,7.484,130.62,180.26,0.982,19.708,2.213,1,TRUE,TRUE,827.3,373.9,826.7,374.3,864.4,367.3,FALSE,63,0.51
0.16,10,TRACKING,11.944,0.638,13.624,0.806,4.813,0.237,7.281,0.131,7.282,127.09,175.38,0.981,16.072,1.706,1,TRUE,TRUE,821.3,363.9,821.6,364.6,856.4,367,FALSE,63,0.5
0.176,11,TRACKING,11.933,0.696,13.723,0.606,5.008,0.269,6.794,0.423,6.807,118.81,163.82,0.985,12.209,2.045,1,TRUE,TRUE,807.9,371.1,807.4,371.5,847.2,367.8,FALSE,63,1.05
0.192,12,TRACKING,11.922,0.753,13.496,0.498,5.156,0.318,6.656,0.667,6.689,116.74,160.91,0.994,9.271,3.049,1,TRUE,TRUE,803.3,377.2,804.7,378.9,838.5,369.7,FALSE,63,1.34
0.208,13,TRACKING,11.909,0.811,13.011,0.87,5.277,0.363,6.825,0.365,6.835,119.29,164.49,1,7.526,2.817,1,TRUE,TRUE,806.8,370,807,369.8,831.1,369.9,FALSE,63,0.52
0.224,14,TRACKING,11.896,0.869,12.948,1.022,5.369,0.401,6.559,0.265,6.565,114.58,157.94,1,5.742,2.384,1,TRUE,TRUE,799.8,367.3,799.9,367.4,823.4,369.8,FALSE,63,0.5
0.24,15,TRACKING,11.881,0.926,12.936,0.748,5.429,0.449,6.223,0.649,6.257,109.2,150.43,1,3.792,2.985,1,TRUE,TRUE,791,376.3,791.1,376.3,815.3,371,FALSE,63,0.49
0.256,16,TRACKING,11.866,0.984,12.419,0.869,5.48,0.502,6.462,0.624,6.492,113.31,156.14,1,3.173,3.276,1,TRUE,TRUE,796.7,375.6,796.5,375.1,808.9,371.9,FALSE,63,1.42
0.272,17,TRACKING,11.85,1.041,12.116,1.297,5.531,0.541,6.531,0.225,6.535,114.06,157.22,1,3.187,2.446,1,TRUE,TRUE,798.6,365.8,798.5,365.2,803.6,371.3,FALSE,63,3.51
0.288,18,TRACKING,11.833,1.098,12.297,1.055,5.568,0.584,6.072,0.553,6.097,106.42,146.58,1,2.313,2.723,1,TRUE,TRUE,787.2,373.6,786.6,374,797.3,372,FALSE,63,0.76
0.304,19,TRACKING,11.815,1.156,12.043,0.998,5.6,0.636,6.083,0.712,6.125,106.9,147.22,1,2.003,3.214,1,TRUE,TRUE,787.5,377.6,786.9,377.1,791.8,373,FALSE,63,0.54
0.32,20,TRACKING,11.796,1.213,11.539,1.295,5.646,0.683,6.425,0.477,6.443,112.45,154.97,1,2.875,2.975,1,TRUE,TRUE,796.1,372.1,795.3,371.4,788.3,373.1,FALSE,63,0.57
0.336,21,TRACKING,11.776,1.27,11.703,1.519,5.695,0.722,6.075,0.291,6.082,106.15,146.23,1,3.031,2.431,1,TRUE,TRUE,787.6,367.8,787.5,367.8,784.3,372.7,FALSE,63,1.33
0.352,22,TRACKING,11.755,1.327,11.832,1.105,5.736,0.775,5.729,0.826,5.788,101.03,139.05,0.974,2.571,3.311,1,TRUE,TRUE,778.9,380.9,778.3,381.3,779.6,374.2,FALSE,63,1.5
0.368,23,TRACKING,11.733,1.384,11.328,1.437,5.791,0.829,6.105,0.573,6.131,107.01,147.4,0.952,3.432,3.353,1,TRUE,TRUE,788.2,375.1,788.7,375.3,777,374.7,FALSE,63,0.54
0.384,24,TRACKING,11.711,1.44,11.238,1.655,5.857,0.875,6.071,0.4,6.084,106.19,146.27,0.937,4.115,2.9,1,TRUE,TRUE,787.5,370.9,786.8,370.2,774.5,374.4,FALSE,63,0.57
0.4,25,TRACKING,11.687,1.497,11.641,1.607,5.916,0.921,5.486,0.513,5.51,96.16,132.36,0.932,3.682,2.867,1,TRUE,TRUE,773,373.4,773.4,373.6,770.7,374.6,FALSE,63,0.56
0.416,26,TRACKING,11.663,1.553,11.364,1.34,5.977,0.979,5.617,0.898,5.688,99.27,136.61,0.938,3.814,3.633,1,TRUE,TRUE,776.1,382.6,776.1,383,767.7,376,FALSE,63,1.24
0.432,27,TRACKING,11.638,1.61,10.979,1.915,6.053,1.028,5.916,0.361,5.927,103.45,142.48,0.952,4.76,3.062,1,TRUE,TRUE,783.7,369.6,784.2,370,766.3,375.6,FALSE,63,1.46
0.448,28,TRACKING,11.611,1.666,11.365,1.828,6.125,1.075,5.378,0.505,5.402,94.28,129.76,0.97,4.491,2.917,1,TRUE,TRUE,770.5,372.7,769.9,373.3,763.3,375.6,FALSE,63,0.5
0.464,29,TRACKING,11.584,1.722,11.464,1.684,6.19,1.125,5.117,0.727,5.168,90.2,124.07,0.991,4.078,3.132,1,TRUE,TRUE,764.1,377.8,764.7,377.5,760,376.2,FALSE,63,0.5
0.48,30,TRACKING,11.556,1.778,10.94,1.737,6.266,1.178,5.549,0.755,5.601,97.75,134.52,1,4.736,3.321,1,TRUE,TRUE,775,378.5,775.1,378.1,758.5,376.7,FALSE,63,0.49
0.496,31,TRACKING,11.527,1.834,11.056,2.229,6.345,1.22,5.322,0.285,5.329,93.01,128.02,1,4.931,2.646,1,TRUE,TRUE,769.7,367.3,769.3,367.6,756.5,375.9,FALSE,63,1.2
0.512,32,TRACKING,11.498,1.89,11.453,1.847,6.412,1.267,4.754,0.743,4.812,83.98,115.46,1,4.206,2.901,1,TRUE,TRUE,755.9,378.4,755.1,377.7,753.1,376.4,FALSE,63,1.44
0.528,33,TRACKING,11.467,1.945,11.061,1.883,6.481,1.317,5.026,0.787,5.087,88.79,122.1,1,4.331,3.16,1,TRUE,TRUE,762.6,379.7,762.2,379,750.9,377,FALSE,63,0.49
0.544,34,TRACKING,11.435,2.001,10.819,2.184,6.559,1.366,5.181,0.543,5.209,90.92,125.09,1,4.868,3.023,1,TRUE,TRUE,766.7,374.1,766.9,374.6,749.6,377,FALSE,63,0.48
0.56,35,TRACKING,11.403,2.056,11.277,2.326,6.629,1.409,4.574,0.439,4.595,80.2,110.28,1,4.382,2.67,1,TRUE,TRUE,751.9,371.7,751.9,371,746.8,376.6,FALSE,63,0.5
0.576,36,TRACKING,11.37,2.111,11.224,1.937,6.694,1.46,4.485,0.924,4.579,79.92,109.81,1,4.085,3.231,1,TRUE,TRUE,749.6,383.3,750.8,383.2,744.1,377.6,FALSE,63,1.23
0.592,37,TRACKING,11.335,2.166,10.756,2.262,6.767,1.512,4.86,0.665,4.905,85.61,117.73,1,4.505,3.239,1,TRUE,TRUE,758.8,377.1,759,377.4,742.7,377.8,FALSE,63,1.4
0.608,38,TRACKING,11.3,2.221,10.996,2.521,6.836,1.557,4.495,0.441,4.517,78.84,108.4,1,4.366,2.827,1,TRUE,TRUE,749.8,371.6,750.2,371,740.6,377.4,FALSE,63,0.49
0.624,39,TRACKING,11.264,2.276,11.249,2.304,6.895,1.604,4.077,0.724,4.14,72.27,99.28,1,3.666,2.938,1,TRUE,TRUE,739.3,378,738.6,377.6,737.5,377.7,FALSE,63,0.5
0.64,40,TRACKING,11.227,2.33,10.815,2.216,6.955,1.657,4.391,0.897,4.481,78.21,107.46,1,3.718,3.292,1,TRUE,TRUE,746.7,382,746.3,382.2,735.4,378.4,FALSE,63,0.5
0.656,41,TRACKING,11.19,2.384,10.708,2.642,7.017,1.704,4.388,0.51,4.418,77.11,106,1,3.88,2.937,1,TRUE,TRUE,746.6,372.7,746.9,372.1,733.7,378,FALSE,63,1.16
0.672,42,TRACKING,11.151,2.438,11.077,2.658,7.07,1.749,3.866,0.542,3.904,68.13,93.61,1,3.36,2.811,1,TRUE,TRUE,733.7,373.4,734.1,374.4,731,377.9,FALSE,63,1.29
0.688,43,TRACKING,11.112,2.492,10.906,2.336,7.12,1.801,3.896,0.951,4.01,70,96.1,1,3.106,3.226,1,TRUE,TRUE,734.3,383.2,734.7,383.4,728.5,378.6,FALSE,63,0.51
0.704,44,TRACKING,11.071,2.546,10.555,2.659,7.173,1.851,4.14,0.685,4.197,73.24,100.64,1,3.336,3.159,1,TRUE,TRUE,740.2,377.1,740.9,377,726.9,378.7,FALSE,63,0.5
0.72,45,TRACKING,11.03,2.599,10.773,2.891,7.222,1.898,3.783,0.496,3.816,66.59,91.5,0.994,3.048,2.908,1,TRUE,TRUE,731.6,372.8,731,373.4,724.6,378.5,FALSE,63,0.49
0.736,46,TRACKING,10.988,2.653,10.897,2.702,7.265,1.946,3.514,0.751,3.593,62.71,86.09,0.973,2.703,3.049,1,TRUE,TRUE,725.1,379,727,379.4,722.1,378.8,FALSE,63,1.15
0.752,47,TRACKING,10.945,2.706,10.536,2.568,7.309,2,3.75,0.966,3.872,67.59,92.77,0.953,2.696,3.361,1,TRUE,TRUE,731,384.3,730.4,383.5,720.1,379.4,FALSE,63,1.4
0.768,48,TRACKING,10.902,2.759,10.476,3.117,7.352,2.049,3.691,0.455,3.719,64.9,89.17,0.938,2.708,3.031,1,TRUE,TRUE,729.7,372.2,729.4,372.9,718.3,379.1,FALSE,63,0.58
0.784,49,TRACKING,10.857,2.811,10.712,2.952,7.389,2.097,3.308,0.673,3.376,58.92,80.89,0.931,2.332,2.995,1,TRUE,TRUE,720.5,377.2,720.4,376.9,715.8,379.1,FALSE,63,0.57
0.8,50,TRACKING,10.812,2.864,10.561,2.817,7.423,2.148,3.322,0.882,3.437,59.99,82.31,0.935,2.139,3.243,1,TRUE,TRUE,720.9,382,720.8,382.5,713.6,379.6,FALSE,63,0.5
0.816,51,TRACKING,10.765,2.916,10.293,2.966,7.46,2.201,3.477,0.794,3.566,62.24,85.43,0.948,2.259,3.265,1,TRUE,TRUE,724.7,379.7,725,379.3,712,379.8,FALSE,63,1.26
0.832,52,TRACKING,10.718,2.968,10.416,3.388,7.494,2.246,3.225,0.396,3.249,56.71,77.89,0.97,2.136,2.801,1,TRUE,TRUE,718.5,370,719.4,369.5,710.1,379.1,FALSE,63,1.38
0.848,53,TRACKING,10.67,3.02,10.509,2.928,7.522,2.295,2.987,0.928,3.127,54.58,74.84,0.996,1.775,3.089,1,TRUE,TRUE,712.6,382.5,712.4,382.7,707.7,379.6,FALSE,63,0.52
0.864,54,TRACKING,10.622,3.071,10.239,3.096,7.549,2.346,3.127,0.824,3.234,56.44,77.43,1,1.681,3.206,1,TRUE,TRUE,715.8,380.1,715,380.8,705.8,379.9,FALSE,63,0.5
0.88,55,TRACKING,10.572,3.122,10.105,3.354,7.576,2.395,3.139,0.609,3.197,55.81,76.61,1,1.668,3.03,1,TRUE,TRUE,715.9,375.1,715.2,375.2,704,379.7,FALSE,63,0.48
0.896,56,TRACKING,10.522,3.173,10.281,3.442,7.597,2.44,2.82,0.558,2.874,50.17,68.85,1,1.357,2.807,1,TRUE,TRUE,708,374,707.3,373.1,701.8,379.4,FALSE,63,3.42
0.912,57,TRACKING,10.471,3.224,10.212,3.015,7.615,2.491,2.744,1.065,2.944,51.37,70.37,1,1.064,3.207,1,TRUE,TRUE,705.9,386.3,704.8,385.9,699.6,380.1,FALSE,63,1.42
0.928,58,TRACKING,10.419,3.275,9.899,3.498,7.633,2.54,2.94,0.627,3.006,52.46,72,1,1.149,3.065,1,TRUE,TRUE,710.5,376.2,710.8,376,698,379.9,FALSE,63,0.52
0.944,59,TRACKING,10.366,3.325,9.934,3.588,7.65,2.587,2.776,0.579,2.836,49.5,67.93,1,1.051,2.921,1,TRUE,TRUE,706.5,375.1,706.1,375.1,696.2,379.7,FALSE,63,0.5
0.96,60,TRACKING,10.312,3.375,10.106,3.42,7.661,2.636,2.457,0.809,2.587,45.14,61.87,1,0.694,3.064,1,TRUE,TRUE,698.8,380.5,698.3,381.1,693.9,380,FALSE,63,0.48
0.976,61,TRACKING,10.258,3.425,9.83,3.33,7.671,2.689,2.606,0.968,2.78,48.52,66.46,1,0.639,3.3,1,TRUE,TRUE,702.4,384.2,702.4,384.3,692.2,380.5,FALSE,63,1.13
0.992,62,TRACKING,10.203,3.474,9.586,3.848,7.681,2.733,2.728,0.467,2.767,48.3,66.3,0.998,0.651,2.779,1,TRUE,TRUE,705.5,372.1,702.9,367.4,690.6,379.7,FALSE,63,1.42
1.008,63,TRACKING,10.147,3.524,9.838,3.637,7.688,2.778,2.339,0.727,2.45,42.75,58.6,0.989,0.429,2.81,1,TRUE,TRUE,696.3,378,696.2,377.7,688.7,379.7,FALSE,63,0.53
1.024,64,TRACKING,10.09,3.573,9.811,3.473,7.692,2.827,2.228,0.957,2.425,42.33,57.93,0.985,0.218,3.056,1,TRUE,TRUE,693.7,383.3,694.1,383.3,686.7,380.1,FALSE,63,0.51
1.04,65,TRACKING,10.032,3.621,9.381,3.754,7.698,2.875,2.55,0.723,2.65,46.26,63.43,0.986,0.4,2.996,1,TRUE,TRUE,701.6,377.7,702.1,377.3,685.5,380.1,FALSE,63,0.5
1.056,66,TRACKING,9.974,3.67,9.462,4.002,7.703,2.919,2.345,0.506,2.399,41.88,57.45,0.989,0.329,2.762,1,TRUE,TRUE,696.7,372.5,695.9,372.5,683.9,379.7,FALSE,63,1.29
1.072,67,TRACKING,9.915,3.718,9.724,3.654,7.703,2.967,1.939,0.919,2.146,37.45,51.22,0.992,-0.024,3,1,TRUE,TRUE,686.9,382.4,687.1,383.2,681.9,380,FALSE,63,1.18
1.088,68,TRACKING,9.855,3.766,9.329,3.735,7.703,3.017,2.214,0.899,2.39,41.71,57.11,0.993,-0.002,3.148,1,TRUE,TRUE,693.4,382.2,693.9,382.5,680.5,380.4,FALSE,63,0.48
1.104,69,TRACKING,9.794,3.813,9.087,4.159,7.705,3.064,2.348,0.509,2.403,41.94,57.53,0.989,0.14,2.922,1,TRUE,TRUE,696.6,373.1,696.6,373.6,679.3,380,FALSE,63,0.51
1.12,70,TRACKING,9.733,3.861,9.467,3.986,7.702,3.111,1.826,0.729,1.966,34.32,46.98,0.982,-0.219,2.923,1,TRUE,TRUE,683.8,378.5,683,378.2,677.4,380,FALSE,63,0.5
1.136,71,TRACKING,9.671,3.908,9.343,3.812,7.695,3.161,1.812,0.966,2.054,35.84,48.98,0.972,-0.454,3.121,1,TRUE,TRUE,683.2,384.2,683.1,383.6,675.6,380.4,FALSE,63,1.29
1.152,72,TRACKING,9.608,3.954,9.072,4.533,7.732,3.281,2.179,0.636,2.27,39.62,54.31,0.963,2.337,7.538,1,TRUE,TRUE,692.9,378.1,766.6,501.8,679.4,388.5,FALSE,63,1.42
1.168,73,TRACKING,9.544,4.001,9.317,4.82,7.756,3.38,1.795,0.36,1.831,31.95,43.83,0.957,1.512,6.133,1,TRUE,TRUE,683.3,371,682.7,370.4,677.6,387.7,FALSE,63,0.51
1.184,74,TRACKING,9.48,4.047,9.557,4.41,7.766,3.468,1.396,0.813,1.616,28.2,38.5,0.958,0.62,5.516,1,TRUE,TRUE,673.3,381.2,673.3,381.6,675.3,387.6,FALSE,63,0.5
1.2,75,TRACKING,9.415,4.092,9.014,4.639,7.771,3.546,1.809,0.612,1.909,33.32,45.65,0.966,0.307,4.886,1,TRUE,TRUE,683,376,682.5,376.1,673.7,387.2,FALSE,63,0.53
1.216,76,TRACKING,9.349,4.138,8.889,4.903,7.773,3.613,1.811,0.356,1.846,32.21,44.19,0.981,0.135,4.194,1,TRUE,TRUE,683.1,369.6,683.5,369.3,672.4,386.3,FALSE,63,1.16
1.232,77,TRACKING,9.282,4.183,9.317,4.858,7.765,3.673,1.223,0.418,1.292,22.55,30.88,1,-0.479,3.749,1,TRUE,TRUE,668.9,370.8,668.2,371.3,670.1,385.6,FALSE,63,1.34
1.248,78,TRACKING,9.215,4.228,9.013,4.496,7.753,3.733,1.384,0.821,1.609,28.08,38.34,1,-0.768,3.735,1,TRUE,TRUE,672.8,380.3,672.7,380.7,668.3,385.6,FALSE,63,0.48
1.264,79,TRACKING,9.147,4.272,8.538,5.023,7.742,3.786,1.742,0.302,1.768,30.86,42.33,1,-0.685,3.297,1,TRUE,TRUE,681.6,368.1,681.4,368.1,667.1,384.7,FALSE,63,0.48
1.28,80,TRACKING,9.078,4.316,8.888,4.969,7.727,3.834,1.249,0.37,1.303,22.73,31.15,1,-0.968,3.008,1,TRUE,TRUE,669.8,369.7,670.2,369.4,665.4,384,FALSE,63,0.48
1.296,81,TRACKING,9.009,4.36,8.959,4.783,7.705,3.882,1.025,0.585,1.181,20.61,28.14,1,-1.342,2.991,1,TRUE,TRUE,664.4,375,664.6,375.7,663.4,383.6,FALSE,63,1.09
1.312,82,TRACKING,8.939,4.403,8.362,4.731,7.685,3.929,1.502,0.668,1.644,28.7,39.26,1,-1.245,2.982,1,TRUE,TRUE,675.9,377.1,676.1,376.2,662.2,383.4,FALSE,63,1.41
1.328,83,TRACKING,8.868,4.446,8.394,5.26,7.665,3.971,1.343,0.144,1.351,23.58,32.36,1,-1.285,2.622,1,TRUE,TRUE,672.1,364.8,672.2,365.4,660.8,382.4,FALSE,63,0.49
1.344,84,TRACKING,8.797,4.489,8.743,4.864,7.638,4.014,0.844,0.568,1.017,17.76,24.21,1,-1.656,2.642,1,TRUE,TRUE,659.9,374.7,660.7,374.8,658.9,382.1,FALSE,63,0.5
1.36,85,TRACKING,8.724,4.532,8.31,4.83,7.61,4.056,1.143,0.635,1.308,22.82,31.17,1,-1.749,2.686,1,TRUE,TRUE,666.9,376.2,666.3,376.1,657.4,381.9,FALSE,63,0.52
1.376,86,TRACKING,8.652,4.574,7.98,5.058,7.584,4.098,1.354,0.429,1.42,24.78,33.96,0.983,-1.654,2.579,1,TRUE,TRUE,671.9,371.1,671.4,371.9,656.4,381.4,FALSE,63,1.18
1.392,87,TRACKING,8.578,4.615,8.338,5.268,7.553,4.135,0.852,0.227,0.882,15.39,21.09,0.963,-1.937,2.318,1,TRUE,TRUE,659.6,366,659.3,366.3,654.6,380.6,FALSE,63,1.43
1.408,88,TRACKING,8.504,4.657,8.24,4.777,7.518,4.174,0.804,0.756,1.103,19.26,26.17,0.95,-2.189,2.462,1,TRUE,TRUE,658.2,378.3,657.6,377.8,652.9,380.5,FALSE,63,0.52
1.424,89,TRACKING,8.429,4.698,7.727,5.043,7.484,4.212,1.198,0.512,1.303,22.74,31.11,0.947,-2.091,2.377,1,TRUE,TRUE,667.5,372.5,667,371.7,651.9,380.1,FALSE,63,0.56
1.44,90,TRACKING,8.354,4.738,7.847,5.277,7.45,4.247,0.949,0.291,0.993,17.32,23.73,0.951,-2.154,2.18,1,TRUE,TRUE,661.5,367.3,662,367.6,650.6,379.5,FALSE,63,0.52
1.456,91,TRACKING,8.277,4.778,8.04,5.1,7.411,4.281,0.611,0.491,0.784,13.67,18.61,0.961,-2.432,2.139,1,TRUE,TRUE,653.3,372.1,653.8,371.4,648.9,379.1,FALSE,63,1.41
1.472,92,TRACKING,8.201,4.818,7.618,4.873,7.372,4.319,0.908,0.763,1.186,20.69,28.15,0.974,-2.419,2.366,1,TRUE,TRUE,660.5,378.7,661.1,380.4,647.8,379.2,FALSE,63,2.9
1.488,93,TRACKING,8.123,4.858,7.421,5.313,7.335,4.354,0.986,0.339,1.042,18.19,24.91,0.987,-2.355,2.181,1,TRUE,TRUE,662.5,368.9,662.7,368.6,646.8,378.6,FALSE,63,0.51
1.504,94,TRACKING,8.045,4.897,7.678,5.313,7.294,4.387,0.591,0.357,0.69,12.04,16.44,0.997,-2.558,2.054,1,TRUE,TRUE,653.1,369.5,653.5,369.2,645.4,378.1,FALSE,63,0.52
1.52,95,TRACKING,7.967,4.936,7.529,4.974,7.251,4.422,0.608,0.734,0.953,16.63,22.54,1,-2.681,2.21,1,TRUE,TRUE,653.7,378.5,654.2,378.1,644.1,378.1,FALSE,63,0.5
1.536,96,TRACKING,7.887,4.974,7.14,5.17,7.203,4.458,0.875,0.567,1.043,18.2,24.83,1,-3.004,2.2,1,TRUE,TRUE,660.1,374.5,658.7,373.9,643.1,377.9,FALSE,63,1.53
1.552,97,TRACKING,7.807,5.012,7.244,5.441,7.164,4.486,0.664,0.295,0.726,12.68,17.34,1,-2.453,1.807,1,TRUE,TRUE,655.3,367.8,663.4,360.5,642.4,377,FALSE,63,1.68
1.568,98,TRACKING,7.727,5.05,7.346,5.203,7.121,4.517,0.425,0.563,0.705,12.31,16.67,0.998,-2.651,1.894,1,TRUE,TRUE,649.6,373.9,649.2,374.3,641,376.8,FALSE,63,0.53
1.584,99,TRACKING,7.646,5.087,7.03,5.009,7.078,4.55,0.617,0.797,1.008,17.6,23.83,0.997,-2.709,2.076,1,TRUE,TRUE,654.1,379.3,654.4,378.7,640,376.9,FALSE,63,0.5
1.6,100,TRACKING,7.564,5.124,6.849,5.49,7.034,4.581,0.68,0.332,0.757,13.21,18.06,1,-2.705,1.912,1,TRUE,TRUE,655.6,368.2,655.7,368.1,639.2,376.4,FALSE,63,0.48
1.616,101,TRACKING,7.482,5.16,7.001,5.384,6.988,4.61,0.395,0.46,0.607,10.59,14.36,1,-2.894,1.841,1,TRUE,TRUE,648.5,371.1,648.2,370.1,637.9,376,FALSE,63,1.49
1.632,102,TRACKING,7.399,5.196,6.916,5.158,6.939,4.642,0.348,0.724,0.803,14.02,18.91,1,-3.058,1.987,1,TRUE,TRUE,647.2,377.3,647,377.6,636.8,376.1,FALSE,63,1.68
1.648,103,TRACKING,7.316,5.232,6.586,5.254,6.891,4.675,0.56,0.661,0.867,15.12,20.5,1,-3.013,2.05,1,TRUE,TRUE,652.1,376,653,376,635.9,376,FALSE,63,0.53
1.664,104,TRACKING,7.232,5.267,6.564,5.689,6.842,4.704,0.457,0.239,0.516,9.01,12.31,1,-3.07,1.838,1,TRUE,TRUE,649.5,366.3,649.2,366.5,635,375.5,FALSE,63,0.48
1.68,105,TRACKING,7.147,5.302,6.693,5.237,6.789,4.736,0.192,0.728,0.753,13.15,17.69,1,-3.283,1.975,1,TRUE,TRUE,643,378,642.4,377.7,633.7,375.6,FALSE,63,0.52
1.696,106,TRACKING,7.062,5.336,6.443,5.308,6.736,4.769,0.316,0.694,0.762,13.31,17.94,1,-3.343,2.064,1,TRUE,TRUE,645.9,377.4,645.9,377.2,632.7,375.6,FALSE,63,1.24
1.712,107,TRACKING,6.976,5.37,6.167,5.551,6.684,4.8,0.476,0.474,0.672,11.73,15.93,1,-3.26,1.978,1,TRUE,TRUE,649.8,372.3,650.6,371.5,632,375.4,FALSE,63,1.4
1.728,108,TRACKING,6.89,5.404,6.319,5.681,6.629,4.83,0.195,0.363,0.412,7.19,9.7,1,-3.396,1.855,1,TRUE,TRUE,643.1,369.6,642.6,369.4,631,375,FALSE,63,0.51
1.744,109,TRACKING,6.803,5.437,6.324,5.189,6.573,4.864,0.057,0.901,0.903,15.76,21.17,1,-3.556,2.104,1,TRUE,TRUE,639.8,382.1,640,382.4,629.9,375.3,FALSE,63,0.49
1.76,110,TRACKING,6.716,5.469,5.912,5.619,6.517,4.896,0.352,0.497,0.609,10.62,14.37,0.976,-3.484,2.047,1,TRUE,TRUE,647.1,372.4,647.3,373.1,629.2,375.2,FALSE,63,0.5
1.776,111,TRACKING,6.628,5.502,5.854,5.724,6.461,4.928,0.288,0.413,0.504,8.8,11.9,0.952,-3.51,1.956,1,TRUE,TRUE,645.7,370.2,643.8,371.3,628.4,374.9,FALSE,63,1.38
1.792,112,TRACKING,6.54,5.534,6.096,5.569,6.401,4.96,-0.089,0.599,0.605,10.57,14.2,0.936,-3.698,1.99,1,TRUE,TRUE,636.8,374.4,636.8,375.3,627.2,374.9,FALSE,63,1.09
1.808,113,TRACKING,6.451,5.565,5.793,5.367,6.342,4.994,0.091,0.843,0.848,14.8,19.88,0.929,-3.733,2.16,1,TRUE,TRUE,641.1,380.2,640.7,380.9,626.4,375.1,FALSE,63,0.55
1.824,114,TRACKING,6.362,5.596,5.438,5.922,6.284,5.025,0.335,0.301,0.451,7.87,10.7,0.932,-3.591,1.947,1,TRUE,TRUE,647.1,367.4,647.2,367.6,625.9,374.7,FALSE,63,0.55
1.84,115,TRACKING,6.272,5.627,5.713,5.714,6.225,5.056,-0.066,0.535,0.539,9.4,12.63,0.945,-3.705,1.937,1,TRUE,TRUE,637.4,373,638,373.5,625,374.6,FALSE,63,0.54
1.856,116,TRACKING,6.182,5.657,5.713,5.527,6.163,5.089,-0.199,0.756,0.782,13.64,18.36,0.966,-3.888,2.039,1,TRUE,TRUE,634,378.5,633.7,377.8,624,374.7,FALSE,63,1.26
1.872,117,TRACKING,6.091,5.687,5.177,5.713,6.103,5.122,0.226,0.6,0.641,11.18,15.06,0.989,-3.761,2.065,1,TRUE,TRUE,644.1,375,644.2,375.8,623.5,374.7,FALSE,63,1.38
1.888,118,TRACKING,6,5.716,5.22,6.042,6.042,5.152,0.064,0.283,0.29,5.07,6.82,1,-3.762,1.882,1,TRUE,TRUE,640.1,367.7,640,367.7,622.9,374.3,FALSE,63,0.49
1.904,119,TRACKING,5.908,5.745,5.525,5.638,5.978,5.184,-0.377,0.721,0.814,14.21,19.18,1,-4.006,2.001,1,TRUE,TRUE,629.2,378.1,629.6,378,621.8,374.4,FALSE,63,0.53
1.92,120,TRACKING,5.816,5.773,5.072,5.68,5.914,5.217,-0.044,0.711,0.712,12.44,16.71,1,-3.992,2.079,1,TRUE,TRUE,637.1,377.8,637.5,377.5,621.1,374.5,FALSE,63,0.48
1.936,121,TRACKING,5.724,5.801,4.754,6.051,5.852,5.248,0.163,0.353,0.389,6.79,9.16,1,-3.882,1.911,1,TRUE,TRUE,642,369.2,641.3,368.3,620.7,374.2,FALSE,63,1.32
1.952,122,TRACKING,5.631,5.828,5.154,5.954,5.787,5.278,-0.37,0.47,0.598,10.44,14.15,1,-4.077,1.857,1,TRUE,TRUE,629.2,371.7,629.4,371.3,619.7,374,FALSE,63,1.42
1.968,123,TRACKING,5.537,5.855,5.02,5.669,5.72,5.309,-0.367,0.788,0.869,15.17,20.46,1,-4.208,1.994,1,TRUE,TRUE,629.2,379,629.8,378.5,618.8,374.1,FALSE,63,0.49
1.984,124,TRACKING,5.443,5.882,4.439,5.962,5.655,5.341,0.106,0.518,0.529,9.23,12.41,1,-4.042,1.968,1,TRUE,TRUE,640.7,372.5,640.7,373.3,618.5,374,FALSE,63,0.51
2,125,TRACKING,5.349,5.908,4.649,6.209,5.589,5.37,-0.226,0.281,0.36,6.29,8.52,1,-4.1,1.799,1,TRUE,TRUE,632.9,366.8,632.7,367.1,617.8,373.6,FALSE,63,0.49
2.016,126,TRACKING,5.254,5.934,4.881,5.802,5.52,5.401,-0.595,0.719,0.933,16.28,22.07,1,-4.332,1.927,1,TRUE,TRUE,624.1,377.2,624.4,377.7,616.8,373.8,FALSE,63,1.22
2.032,127,TRACKING,5.159,5.959,4.302,5.907,5.452,5.432,-0.131,0.641,0.654,11.42,15.36,1,-4.255,1.986,1,TRUE,TRUE,635.4,375.6,634.8,376.1,616.3,373.8,FALSE,63,1.38
2.048,128,TRACKING,5.063,5.984,4.144,6.21,5.386,5.462,-0.082,0.351,0.36,6.29,8.46,1,-4.131,1.856,1,TRUE,TRUE,636.8,368.9,637.4,368.9,616,373.5,FALSE,63,0.51
2.064,129,TRACKING,4.967,6.008,4.565,6.173,5.316,5.491,-0.637,0.403,0.754,13.16,17.95,1,-4.352,1.784,1,TRUE,TRUE,623.5,370.3,623.6,370,615.1,373.3,FALSE,63,0.48
2.08,130,TRACKING,4.871,6.032,4.258,5.783,5.245,5.522,-0.457,0.827,0.945,16.5,22.28,1,-4.432,1.991,1,TRUE,TRUE,627.8,380.5,627,381,614.4,373.6,FALSE,63,0.5
2.096,131,TRACKING,4.774,6.055,3.773,6.261,5.178,5.553,-0.078,0.364,0.372,6.49,8.73,1,-4.243,1.883,1,TRUE,TRUE,636.9,369.7,637.5,369.8,614.2,373.4,FALSE,63,1.14
2.112,132,TRACKING,4.677,6.078,4.09,6.281,5.108,5.581,-0.521,0.356,0.631,11.01,15.01,1,-4.365,1.794,1,TRUE,TRUE,626.1,369.4,625.8,369.5,613.5,373.1,FALSE,63,3.35
2.128,133,TRACKING,4.58,6.1,4.158,6.084,5.035,5.611,-0.721,0.575,0.923,16.1,21.92,0.994,-4.547,1.844,1,TRUE,TRUE,621.1,374.4,621.5,374.5,612.6,373.1,FALSE,63,0.58
2.144,134,TRACKING,4.482,6.122,3.582,5.98,4.964,5.642,-0.258,0.706,0.751,13.11,17.66,0.978,-4.436,1.938,1,TRUE,TRUE,632,377.2,632.1,376.9,612.3,373.2,FALSE,63,0.57
2.16,135,TRACKING,4.384,6.144,3.58,6.533,4.894,5.669,-0.371,0.153,0.401,7.01,9.59,0.961,-4.402,1.69,1,TRUE,TRUE,629.2,364,629.7,363.2,611.9,372.7,FALSE,63,0.5
2.176,136,TRACKING,4.286,6.165,3.892,6.153,4.82,5.692,-0.816,0.531,0.974,16.99,23.18,0.947,-4.6,1.473,1,TRUE,TRUE,618.3,372.6,619.5,362,611,372.2,FALSE,63,1.21
2.192,137,TRACKING,4.187,6.185,3.502,6.078,4.746,5.718,-0.548,0.628,0.834,14.56,19.74,0.939,-4.637,1.612,1,TRUE,TRUE,624.7,374.9,624.2,375.2,610.5,372.2,FALSE,63,1.18
2.208,138,TRACKING,4.088,6.205,3.171,6.262,4.673,5.744,-0.329,0.458,0.563,9.83,13.31,0.94,-4.526,1.604,1,TRUE,TRUE,630,371,630.2,370.5,610.2,372.1,FALSE,63,0.55
2.224,139,TRACKING,3.988,6.225,3.46,6.554,4.599,5.767,-0.745,0.169,0.764,13.33,18.27,0.951,-4.646,1.474,1,TRUE,TRUE,620,364.3,620.9,365.2,609.5,371.7,FALSE,63,0.53
2.24,140,TRACKING,3.888,6.244,3.391,6.035,4.522,5.794,-0.807,0.714,1.077,18.8,25.57,0.97,-4.79,1.643,1,TRUE,TRUE,618.6,377.4,618.2,376.9,608.8,371.8,FALSE,63,0.5
2.256,141,TRACKING,3.788,6.262,2.929,6.276,4.447,5.82,-0.457,0.488,0.668,11.66,15.83,0.995,-4.69,1.654,1,TRUE,TRUE,627.2,372.3,627.3,371.9,608.5,371.8,FALSE,63,1.12
2.272,142,TRACKING,3.688,6.281,2.973,6.511,4.372,5.845,-0.619,0.26,0.671,11.71,16.02,1,-4.68,1.562,1,TRUE,TRUE,623.5,367.1,624.2,367.6,608,371.5,FALSE,63,1.39
2.288,143,TRACKING,3.587,6.298,3.143,6.416,4.295,5.87,-0.919,0.365,0.989,17.27,23.63,1,-4.843,1.534,1,TRUE,TRUE,616.4,369.6,616.2,369.5,607.3,371.3,FALSE,63,0.5
2.304,144,TRACKING,3.487,6.315,2.805,6.092,4.218,5.897,-0.701,0.714,1,17.46,23.71,1,-4.831,1.695,1,TRUE,TRUE,621.7,377.7,622.1,377.5,606.9,371.5,FALSE,63,0.5
2.32,145,TRACKING,3.385,6.332,2.567,6.556,4.141,5.922,-0.577,0.255,0.631,11.01,15.06,1,-4.761,1.578,1,TRUE,TRUE,624.8,366.7,624.6,367,606.6,371.2,FALSE,63,0.49
2.336,146,TRACKING,3.284,6.348,2.833,6.771,4.079,5.979,-0.892,0.212,0.917,16.01,21.94,1,-3.92,3.563,1,TRUE,TRUE,617.5,366.3,660.1,458.8,607.8,374.9,FALSE,63,1.21
2.352,147,TRACKING,3.182,6.364,2.766,6.483,4.011,6.03,-0.956,0.512,1.084,18.92,25.85,1,-4.261,3.15,1,TRUE,TRUE,615.8,372.9,615.2,373.1,607.1,374.8,FALSE,63,1.58
2.368,148,TRACKING,3.08,6.379,2.417,6.586,3.941,6.074,-0.725,0.415,0.835,14.57,19.9,1,-4.363,2.787,1,TRUE,TRUE,621.2,370.4,621.6,370,606.8,374.6,FALSE,63,0.48
2.384,149,TRACKING,2.978,6.394,2.388,6.96,3.869,6.111,-0.818,0.03,0.818,14.28,19.6,1,-4.501,2.327,1,TRUE,TRUE,618.7,361.2,618.3,361,606.3,374,FALSE,63,0.49
2.4,150,TRACKING,2.876,6.408,2.51,6.712,3.793,6.145,-1.073,0.278,1.109,19.35,26.52,0.994,-4.743,2.12,1,TRUE,TRUE,612.3,367,611.5,367,605.5,373.7,FALSE,63,0.5
2.416,151,TRACKING,2.773,6.421,2.273,6.508,3.715,6.179,-0.962,0.495,1.082,18.88,25.8,0.979,-4.841,2.111,1,TRUE,TRUE,614.8,372.2,615.2,373.5,605,373.6,FALSE,63,1.2
2.432,152,TRACKING,2.67,6.435,1.997,6.929,3.638,6.209,-0.803,0.067,0.806,14.06,19.3,0.97,-4.81,1.873,1,TRUE,TRUE,618.5,362.3,619.8,363,604.6,373.2,FALSE,63,1.53
2.448,153,TRACKING,2.567,6.447,2.098,6.914,3.56,6.236,-1.031,0.073,1.033,18.04,24.75,0.968,-4.92,1.672,1,TRUE,TRUE,613,362.6,613.5,362.2,604.1,372.7,FALSE,63,0.54
2.464,154,TRACKING,2.464,6.459,2.111,6.622,3.478,6.263,-1.176,0.369,1.233,21.52,29.48,0.972,-5.088,1.674,1,TRUE,TRUE,609.5,369.7,609.3,369.3,603.4,372.5,FALSE,63,0.48
2.48,155,TRACKING,2.36,6.471,1.745,6.687,3.397,6.289,-0.931,0.306,0.98,17.11,23.43,0.978,-5.081,1.646,1,TRUE,TRUE,615.4,368.2,615.5,368.2,602.9,372.2,FALSE,63,0.51
2.496,156,TRACKING,2.257,6.482,1.62,7.116,3.316,6.311,-0.925,-0.139,0.936,16.33,22.4,0.984,-5.062,1.404,1,TRUE,TRUE,615.7,357.6,616,358.4,602.6,371.6,FALSE,63,1.27
2.512,157,TRACKING,2.153,6.493,1.813,6.704,3.232,6.334,-1.254,0.272,1.283,22.39,30.71,0.988,-5.252,1.402,1,TRUE,TRUE,607.9,367.1,606.4,366.9,601.8,371.3,FALSE,63,1.29
2.528,158,TRACKING,2.049,6.503,1.598,6.675,3.147,6.356,-1.166,0.302,1.205,21.02,28.82,0.988,-5.322,1.405,1,TRUE,TRUE,610.2,367.5,609.8,367.4,601.2,371.1,FALSE,63,0.53
2.544,159,TRACKING,1.945,6.513,1.209,6.906,3.063,6.377,-0.892,0.06,0.894,15.61,21.42,0.984,-5.227,1.27,1,TRUE,TRUE,616.9,361.6,616.7,361.4,601,370.6,FALSE,63,0.5
2.56,160,TRACKING,1.841,6.522,1.363,7.059,2.978,6.394,-1.172,-0.109,1.177,20.55,28.2,0.979,-5.298,1.084,1,TRUE,TRUE,610.3,357.5,609.9,357.8,600.5,370,FALSE,63,0.52
2.576,161,TRACKING,1.736,6.531,1.446,6.524,2.892,6.413,-1.386,0.43,1.451,25.33,34.71,0.974,-5.431,1.192,1,TRUE,TRUE,605.1,370.1,606.1,369.7,599.8,369.9,FALSE,63,1.2
2.592,162,TRACKING,1.632,6.539,0.962,6.875,2.806,6.431,-1.019,0.069,1.021,17.82,24.46,0.972,-5.357,1.096,1,TRUE,TRUE,613.9,361.7,614.3,361.8,599.5,369.5,FALSE,63,1.45
2.608,163,TRACKING,1.527,6.546,0.851,6.991,2.721,6.446,-1.023,-0.062,1.025,17.89,24.56,0.976,-5.307,0.955,1,TRUE,TRUE,613.7,358.8,614,359,599.3,369,FALSE,63,0.52
2.624,164,TRACKING,1.422,6.553,1.16,6.842,2.633,6.46,-1.468,0.077,1.47,25.65,35.21,0.987,-5.512,0.906,1,TRUE,TRUE,602.9,362.2,602.3,362,598.6,368.6,FALSE,63,0.51
2.64,165,TRACKING,1.317,6.56,0.841,6.537,2.544,6.477,-1.273,0.385,1.33,23.22,31.81,1,-5.56,1.019,1,TRUE,TRUE,607.4,369.7,607.4,369.3,598.1,368.5,FALSE,63,0.5
2.656,166,TRACKING,1.212,6.566,0.403,7.084,2.457,6.49,-0.946,-0.179,0.963,16.8,23.05,1,-5.431,0.839,1,TRUE,TRUE,615.1,356.5,615.2,357.2,597.9,367.9,FALSE,63,1.18
2.672,167,TRACKING,1.107,6.572,0.697,6.881,2.367,6.503,-1.371,0.013,1.371,23.93,32.85,1,-5.587,0.797,1,TRUE,TRUE,604.7,361,603,361.9,597.3,367.6,FALSE,63,1.42
2.688,168,TRACKING,1.002,6.577,0.72,6.668,2.275,6.516,-1.527,0.224,1.544,26.94,36.97,1,-5.754,0.848,1,TRUE,TRUE,600.8,365.9,600.6,366.2,596.6,367.4,FALSE,63,0.5
2.704,169,TRACKING,0.897,6.582,0.117,6.742,2.186,6.529,-1.036,0.142,1.046,18.25,25.04,1,-5.619,0.814,1,TRUE,TRUE,612.6,363.8,613.2,363,596.5,367.1,FALSE,63,0.5
2.72,170,TRACKING,0.791,6.586,0.141,7.121,2.096,6.539,-1.178,-0.261,1.207,21.06,28.88,1,-5.602,0.585,1,TRUE,TRUE,609.3,354,609,353.7,596.2,366.4,FALSE,63,0.48
2.736,171,TRACKING,0.686,6.589,0.474,6.666,2.003,6.549,-1.646,0.188,1.656,28.91,39.67,1,-5.806,0.626,1,TRUE,TRUE,598.1,364.4,598.5,364.2,595.5,366.2,FALSE,63,2.53
2.752,172,TRACKING,0.581,6.592,-0.007,6.657,1.911,6.559,-1.282,0.191,1.296,22.62,31.03,1,-5.765,0.664,1,TRUE,TRUE,607,364.3,607.9,364.8,595.2,366,FALSE,63,1.52
2.768,173,TRACKING,0.475,6.595,-0.358,6.958,1.821,6.568,-1.038,-0.128,1.046,18.26,25.05,1,-5.621,0.528,1,TRUE,TRUE,613,356.8,613.4,357.3,595.1,365.5,FALSE,63,0.57
2.784,174,TRACKING,0.369,6.597,0.048,6.929,1.728,6.575,-1.574,-0.116,1.578,27.54,37.81,0.983,-5.781,0.423,1,TRUE,TRUE,600.3,357.1,600.2,357.5,594.6,365,FALSE,63,0.55
2.8,175,TRACKING,0.264,6.598,-0.091,6.535,1.634,6.583,-1.563,0.275,1.587,27.69,37.99,0.959,-5.895,0.534,1,TRUE,TRUE,600.6,366.5,600.4,366.8,594.1,365,FALSE,63,0.52
2.816,176,TRACKING,0.158,6.599,-0.694,6.796,1.542,6.59,-1.066,0,1.066,18.61,25.55,0.943,-5.738,0.458,1,TRUE,TRUE,612.7,360.3,612.3,359.5,594,364.6,FALSE,63,1.04
2.832,177,TRACKING,0.053,6.6,-0.499,7.016,1.45,6.596,-1.377,-0.242,1.398,24.4,33.47,0.936,-5.732,0.319,1,TRUE,TRUE,605.2,354.7,606.7,355.9,593.8,364.1,FALSE,63,1.17
2.848,178,TRACKING,-0.053,6.6,-0.275,6.636,1.356,6.601,-1.732,0.13,1.737,30.31,41.61,0.939,-5.919,0.356,1,TRUE,TRUE,596.6,363.6,597.2,363,593.2,363.9,FALSE,63,0.55
2.864,179,TRACKING,-0.158,6.599,-0.849,6.606,1.262,6.608,-1.27,0.155,1.28,22.33,30.65,0.95,-5.849,0.419,1,TRUE,TRUE,607.6,364.2,607.5,364.9,593,363.8,FALSE,63,0.53
2.88,180,TRACKING,-0.264,6.598,-1.029,6.927,1.17,6.613,-1.199,-0.187,1.214,21.18,29.07,0.967,-5.765,0.293,1,TRUE,TRUE,609.2,356,608.9,356.8,592.9,363.3,FALSE,63,0.48
2.896,181,TRACKING,-0.37,6.597,-0.644,6.872,1.075,6.616,-1.712,-0.151,1.719,29.99,41.17,0.985,-5.926,0.197,1,TRUE,TRUE,596.6,356.6,597.7,357,592.4,362.9,FALSE,63,1.2
2.912,182,TRACKING,-0.475,6.595,-0.936,6.447,0.979,6.621,-1.541,0.273,1.565,27.31,37.47,1,-5.99,0.331,1,TRUE,TRUE,600.6,366.4,600.4,367.2,592,362.9,FALSE,63,1.3
2.928,183,TRACKING,-0.581,6.592,-1.416,6.82,0.886,6.625,-1.168,-0.119,1.174,20.49,28.12,1,-5.862,0.231,1,TRUE,TRUE,609.4,357,609.1,357.7,592,362.5,FALSE,63,0.52
2.944,184,TRACKING,-0.686,6.589,-1.159,6.883,0.79,6.626,-1.546,-0.206,1.559,27.21,37.35,1,-5.945,0.083,1,TRUE,TRUE,600.3,354.8,600.1,354.4,591.6,362.1,FALSE,63,0.48
2.96,185,TRACKING,-0.791,6.586,-1.1,6.638,0.693,6.627,-1.73,0.025,1.73,30.19,41.45,1,-6.078,0.087,1,TRUE,TRUE,595.8,360.2,596.5,360.2,591.1,361.8,FALSE,63,0.5
2.976,186,TRACKING,-0.897,6.582,-1.631,6.459,0.597,6.631,-1.309,0.198,1.324,23.1,31.7,1,-5.995,0.19,1,TRUE,TRUE,606,364.4,605.6,365.3,591,361.8,FALSE,63,1.32
2.992,187,TRACKING,-1.002,6.577,-1.693,6.963,0.501,6.623,-1.365,-0.346,1.408,24.58,33.7,1,-6.042,-0.486,1,TRUE,TRUE,604.7,351.6,600.1,345.3,590.7,360.9,FALSE,63,1.28
3.008,188,TRACKING,-1.107,6.572,-1.439,6.629,0.402,6.619,-1.744,-0.028,1.745,30.45,41.8,1,-6.173,-0.263,1,TRUE,TRUE,595.8,359.4,595.2,359.4,590.2,360.7,FALSE,63,0.52
3.024,189,TRACKING,-1.212,6.566,-1.766,6.478,0.303,6.617,-1.532,0.113,1.536,26.81,36.8,1,-6.158,-0.103,1,TRUE,TRUE,601,362.9,600.9,362.4,590,360.6,FALSE,63,0.48
3.04,190,TRACKING,-1.317,6.56,-2.1,6.597,0.207,6.617,-1.303,-0.022,1.303,22.74,31.22,1,-6.024,0.007,1,TRUE,TRUE,606.7,359.9,607,359.9,590,360.4,FALSE,63,0.49
3.056,191,TRACKING,-1.422,6.553,-1.903,6.924,0.11,6.618,-1.615,-0.377,1.658,28.94,39.68,1,-6.055,0.072,1,TRUE,TRUE,599.3,351.6,600.3,351.7,589.8,359.8,FALSE,63,1.2
3.072,192,TRACKING,-1.527,6.546,-1.931,6.37,0.012,6.62,-1.704,0.171,1.713,29.89,41.03,1,-6.125,0.134,1,TRUE,TRUE,597.2,364.3,597.8,365.7,589.5,359.9,FALSE,63,1.27
3.088,193,TRACKING,-1.632,6.539,-2.335,6.543,-0.085,6.623,-1.406,-0.017,1.406,24.53,33.68,1,-6.032,0.172,1,TRUE,TRUE,604.4,359.7,605,359.7,589.5,359.7,FALSE,63,0.51
3.104,194,TRACKING,-1.736,6.531,-2.388,6.745,-0.181,6.626,-1.462,-0.246,1.482,25.87,35.49,1,-6.011,0.191,1,TRUE,TRUE,603,354.2,602.4,353.7,589.4,359.3,FALSE,63,0.49
3.12,195,TRACKING,-1.841,6.522,-2.239,6.686,-0.278,6.619,-1.727,-0.213,1.74,30.37,41.69,1,-6.097,-0.46,1,TRUE,TRUE,596.5,354.5,597.1,354.1,589.1,358.9,FALSE,63,0.48
3.136,196,TRACKING,-1.945,6.513,-2.482,6.249,-0.376,6.614,-1.597,0.216,1.611,28.12,38.59,1,-6.109,-0.281,1,TRUE,TRUE,599.5,364.6,599.7,364.3,588.9,358.9,FALSE,63,1.25
3.152,197,TRACKING,-2.049,6.503,-2.781,6.668,-0.474,6.606,-1.41,-0.242,1.431,24.97,34.26,1,-6.14,-0.521,1,TRUE,TRUE,603.8,353.7,598.4,346.1,588.7,358.2,FALSE,63,1.15
3.168,198,TRACKING,-2.153,6.493,-2.693,6.662,-0.573,6.597,-1.61,-0.263,1.631,28.47,39.06,0.979,-6.149,-0.566,1,TRUE,TRUE,598.8,353.4,599,353.2,588.5,357.8,FALSE,63,0.51
3.184,199,TRACKING,-2.257,6.482,-2.682,6.36,-0.672,6.589,-1.738,0.024,1.738,30.33,41.64,0.956,-6.232,-0.463,1,TRUE,TRUE,595.6,360.3,595.1,360.3,588.2,357.7,FALSE,63,0.55
3.2,200,TRACKING,-2.361,6.471,-3.019,6.316,-0.771,6.583,-1.507,0.054,1.508,26.32,36.13,0.939,-6.178,-0.375,1,TRUE,TRUE,601.1,361.3,601,361.1,588.1,357.6,FALSE,63,0.49
3.216,201,TRACKING,-2.464,6.459,-3.163,6.72,-0.868,6.575,-1.465,-0.382,1.514,26.43,36.23,0.93,-6.077,-0.533,1,TRUE,TRUE,602.2,351.2,603.9,350.1,588.1,357.1,FALSE,63,1.32
3.232,202,TRACKING,-2.567,6.447,-3.005,6.437,-0.967,6.567,-1.736,-0.118,1.74,30.37,41.7,0.931,-6.154,-0.495,1,TRUE,TRUE,595.7,357.5,595.9,358.2,587.9,357,FALSE,63,1.3
3.248,203,TRACKING,-2.67,6.435,-3.159,6.194,-1.066,6.561,-1.692,0.112,1.696,29.6,40.64,0.942,-6.18,-0.386,1,TRUE,TRUE,596.9,362.9,597.4,362.4,587.7,357,FALSE,63,0.56
3.264,204,TRACKING,-2.773,6.421,-3.528,6.514,-1.163,6.553,-1.425,-0.234,1.444,25.2,34.57,0.962,-6.092,-0.469,1,TRUE,TRUE,603.5,354.6,602.8,354.3,587.8,356.7,FALSE,63,0.52
3.28,205,TRACKING,-2.876,6.408,-3.459,6.574,-1.261,6.544,-1.599,-0.323,1.631,28.47,39.06,0.987,-6.085,-0.574,1,TRUE,TRUE,599.5,352.3,599.6,352.3,587.7,356.3,FALSE,63,0.51
3.296,206,TRACKING,-2.978,6.394,-3.342,6.204,-1.36,6.536,-1.831,0.03,1.831,31.96,43.88,1,-6.194,-0.497,1,TRUE,TRUE,594,360.4,593.5,360.3,587.4,356.3,FALSE,63,1.22
3.312,207,TRACKING,-3.08,6.379,-3.734,6.227,-1.458,6.529,-1.54,-0.012,1.54,26.88,36.91,1,-6.128,-0.46,1,TRUE,TRUE,601.1,359.2,601,359.3,587.4,356.2,FALSE,63,1.33
3.328,208,TRACKING,-3.182,6.364,-3.939,6.622,-1.554,6.519,-1.433,-0.441,1.5,26.17,35.87,1,-6.036,-0.628,1,TRUE,TRUE,603.8,349,603,349.6,587.5,355.7,FALSE,63,0.5
3.344,209,TRACKING,-3.284,6.348,-3.665,6.263,-1.652,6.509,-1.819,-0.103,1.822,31.8,43.66,1,-6.136,-0.6,1,TRUE,TRUE,594.5,357,594.1,357.5,587.3,355.6,FALSE,63,0.5
3.36,210,TRACKING,-3.385,6.332,-3.841,6.128,-1.751,6.501,-1.751,0.014,1.751,30.57,41.97,1,-6.186,-0.533,1,TRUE,TRUE,596,359.9,595.3,359.9,587.1,355.5,FALSE,63,0.5
3.376,211,TRACKING,-3.487,6.315,-4.311,6.351,-1.848,6.491,-1.374,-0.234,1.394,24.33,33.38,1,-6.031,-0.577,1,TRUE,TRUE,604.9,354.2,605.1,355.3,587.3,355.3,FALSE,63,2.5
3.392,212,TRACKING,-3.588,6.298,-4.133,6.517,-1.945,6.48,-1.655,-0.436,1.711,29.86,40.94,1,-6.037,-0.717,1,TRUE,TRUE,598,349.7,598.5,349.9,587.3,354.9,FALSE,63,1.66
3.408,213,TRACKING,-3.688,6.281,-3.978,5.972,-2.043,6.471,-1.922,0.095,1.925,33.59,46.12,1,-6.171,-0.585,1,TRUE,TRUE,591.4,362.4,591.6,362,587,355,FALSE,63,0.54
3.424,214,TRACKING,-3.789,6.262,-4.509,6.236,-2.14,6.461,-1.488,-0.195,1.5,26.19,35.94,1,-6.076,-0.627,1,TRUE,TRUE,601.7,355.6,601.6,354.9,587.1,354.8,FALSE,63,0.51
3.44,215,TRACKING,-3.889,6.244,-4.647,6.378,-2.236,6.449,-1.445,-0.37,1.491,26.03,35.68,0.996,-5.988,-0.726,1,TRUE,TRUE,602.7,351.4,602.3,351.7,587.2,354.5,FALSE,63,0.54
3.456,216,TRACKING,-3.988,6.225,-4.27,6.244,-2.335,6.437,-1.934,-0.264,1.952,34.07,46.76,0.993,-6.147,-0.765,1,TRUE,TRUE,590.9,353.8,590.4,353.6,586.9,354.2,FALSE,63,1.38
3.472,217,TRACKING,-4.088,6.205,-4.586,5.865,-2.433,6.427,-1.72,0.099,1.723,30.07,41.28,0.994,-6.141,-0.627,1,TRUE,TRUE,596,362.1,596.8,362.2,586.8,354.3,FALSE,63,1.49
3.488,218,TRACKING,-4.187,6.185,-5.06,6.388,-2.528,6.414,-1.333,-0.46,1.41,24.61,33.7,0.997,-5.96,-0.778,1,TRUE,TRUE,605.5,348.7,605.8,349.3,587.1,354,FALSE,63,0.55
3.504,219,TRACKING,-4.286,6.165,-4.727,6.21,-2.625,6.401,-1.77,-0.315,1.798,31.38,43.05,0.999,-6.034,-0.841,1,TRUE,TRUE,595.1,352,594.6,352,587,353.7,FALSE,63,0.51
3.52,220,TRACKING,-4.384,6.144,-4.48,6.127,-2.692,6.413,-1.967,-0.131,1.971,34.4,47.23,0.998,-4.184,0.754,1,FALSE,TRUE,591.3,356.8,693.5,435.3,590.6,356.5,FALSE,63,1.3
3.536,221,TRACKING,-4.482,6.122,-5.363,6.137,-2.81,6.421,-1.413,-0.16,1.422,24.81,34.05,0.992,-7.417,0.536,1,FALSE,TRUE,603.5,356.1,451.1,362.2,585,356.6,FALSE,63,1.35
3.552,222,TRACKING,-4.58,6.1,-5.513,6.683,-2.95,6.44,-1.493,-0.665,1.634,28.52,39.02,0.983,-8.723,1.133,1,FALSE,TRUE,601.2,344.6,510.9,400,581.8,358.1,FALSE,63,1.59
3.568,223,TRACKING,-4.677,6.078,-5.413,6.307,-3.12,6.469,-1.892,-0.263,1.91,33.33,45.75,0.971,-10.608,1.866,1,FALSE,TRUE,591,354.5,465.8,390.6,577,359.2,FALSE,63,1.98
3.584,224,TRACKING,-4.775,6.055,-5.934,6.067,-3.273,6.448,-1.459,-0.234,1.478,25.79,35.38,0.959,-9.578,-1.323,1,FALSE,TRUE,601.8,354.2,597.1,243.6,577.2,354.8,FALSE,63,1.49
3.6,225,TRACKING,-4.871,6.032,-6.451,6.211,-3.434,6.414,-1.13,-0.49,1.231,21.49,29.4,0.951,-10.062,-2.13,1,FALSE,TRUE,609.5,348.1,533.4,303.3,575.1,352.7,FALSE,63,1.61
3.616,226,TRACKING,-4.968,6.008,-6.013,6.502,-3.572,6.426,-1.601,-0.61,1.714,29.91,40.95,0.95,-8.616,0.716,1,FALSE,TRUE,598.6,346.4,630.4,480.9,576.6,357.3,FALSE,63,1.86
3.632,227,COASTING,-5.063,5.984,-6.182,6.042,-3.704,6.434,-1.551,-0.179,1.562,27.26,37.41,0.957,-8.263,0.525,0,FALSE,TRUE,599.8,356.4,,,576,357.2,FALSE,63,2.28
3.648,228,COASTING,-5.159,5.959,-6.83,6.307,-3.837,6.439,-1.021,-0.475,1.126,19.66,26.88,0.973,-8.336,0.32,0,FALSE,TRUE,612.3,349.2,,,575.5,357,FALSE,63,4.15
3.664,229,COASTING,-5.254,5.934,-6.716,6.539,-3.972,6.442,-1.254,-0.737,1.454,25.39,34.66,0.994,-8.412,0.172,0,FALSE,TRUE,606.5,342.8,,,574.9,356.9,FALSE,63,2.83
3.68,230,COASTING,-5.349,5.908,-6.544,6.233,-4.108,6.443,-1.544,-0.462,1.611,28.12,38.54,1,-8.488,0.064,0,FALSE,TRUE,599.4,349,,,574.4,356.8,FALSE,63,2.59
3.696,231,COASTING,-5.443,5.882,-7.134,6.091,-4.245,6.443,-1.071,-0.351,1.127,19.66,26.94,1,-8.566,-0.016,0,FALSE,TRUE,610.7,351.4,,,573.8,356.7,FALSE,63,2.56
3.712,232,COASTING,-5.537,5.855,-7.388,6.466,-4.383,6.442,-0.933,-0.758,1.202,20.98,28.55,1,-8.644,-0.077,0,FALSE,TRUE,613.9,341.8,,,573.3,356.6,FALSE,63,2.58
3.728,233,COASTING,-5.631,5.828,-7.099,6.431,-4.523,6.44,-1.338,-0.755,1.537,26.82,36.63,1,-8.723,-0.124,0,FALSE,TRUE,604.2,341.9,,,572.7,356.4,FALSE,63,2.54
3.744,234,COASTING,-5.724,5.801,-7.401,6.009,-4.664,6.437,-1.153,-0.366,1.209,21.1,28.91,1,-8.802,-0.162,0,FALSE,TRUE,608.8,351.1,,,572.2,356.3,FALSE,63,2.48
3.76,235,COASTING,-5.816,5.773,-7.916,6.301,-4.806,6.434,-0.752,-0.69,1.021,17.82,24.23,1,-8.882,-0.193,0,FALSE,TRUE,618.5,343.7,,,571.6,356.2,FALSE,63,2.72
3.776,236,COASTING,-5.908,5.745,-7.787,6.46,-4.949,6.43,-0.997,-0.883,1.332,23.24,31.61,1,-8.961,-0.219,0,FALSE,TRUE,612.7,339.4,,,571.1,356.1,FALSE,63,2.58
3.792,237,COASTING,-6,5.716,-7.773,6.204,-5.094,6.426,-1.125,-0.661,1.305,22.77,31.09,1,-9.041,-0.242,0,FALSE,TRUE,609.8,344.8,,,570.5,355.9,FALSE,63,2.58
3.808,238,COASTING,-6.091,5.686,-8.294,5.986,-5.24,6.422,-0.718,-0.477,0.863,15.06,20.53,0.992,-9.122,-0.263,0,FALSE,TRUE,619.6,349.1,,,570,355.8,FALSE,63,2.46
3.824,239,COASTING,-6.182,5.657,-8.47,6.503,-5.387,6.418,-0.656,-1.029,1.22,21.3,28.8,0.972,-9.202,-0.282,0,FALSE,TRUE,621.2,336.1,,,569.4,355.7,FALSE,63,2.5
3.84,240,COASTING,-6.272,5.627,-8.323,6.25,-5.535,6.413,-0.916,-0.812,1.224,21.37,29.06,0.958,-9.283,-0.3,0,FALSE,TRUE,614.9,341.1,,,568.9,355.6,FALSE,63,2.56
3.856,241,COASTING,-6.362,5.596,-8.623,6.049,-5.685,6.408,-0.729,-0.646,0.974,17,23.12,0.953,-9.363,-0.317,0,FALSE,TRUE,619.3,344.7,,,568.3,355.5,FALSE,63,2.47
3.872,242,COASTING,-6.451,5.565,-9.032,6.136,-5.836,6.403,-0.432,-0.769,0.882,15.39,20.79,0.956,-9.444,-0.334,0,FALSE,TRUE,626.3,341.6,,,567.8,355.3,FALSE,63,3.85
3.888,243,COASTING,-6.54,5.534,-9.003,6.518,-5.989,6.397,-0.573,-1.188,1.319,23.02,31.06,0.964,-9.525,-0.35,0,FALSE,TRUE,622.7,331.6,,,567.2,355.2,FALSE,63,2.77
3.904,244,COASTING,-6.628,5.502,-9.039,5.967,-6.142,6.391,-0.648,-0.674,0.935,16.31,22.15,0.974,-9.606,-0.367,0,FALSE,TRUE,620.7,343.6,,,566.7,355.1,FALSE,63,2.49
3.92,245,COASTING,-6.716,5.469,-9.455,6.08,-6.297,6.385,-0.342,-0.825,0.893,15.58,21.01,0.985,-9.687,-0.383,0,FALSE,TRUE,627.8,340.2,,,566.1,355,FALSE,63,2.63
3.936,246,COASTING,-6.803,5.437,-9.687,6.286,-6.454,6.379,-0.22,-1.068,1.091,19.03,25.6,0.992,-9.769,-0.398,0,FALSE,TRUE,630.6,334.6,,,565.6,354.9,FALSE,63,2.41
3.952,247,COASTING,-6.89,5.404,-9.619,6.31,-6.611,6.372,-0.398,-1.13,1.198,20.91,28.17,0.995,-9.85,-0.414,0,FALSE,TRUE,626.3,333.4,,,565,354.7,FALSE,63,2.59
3.968,248,COASTING,-6.976,5.37,-9.829,5.806,-6.77,6.365,-0.297,-0.665,0.728,12.71,17.14,0.995,-9.932,-0.43,0,FALSE,TRUE,628.7,344.5,,,564.5,354.6,FALSE,63,2.65
3.984,249,COASTING,-7.062,5.336,-10.259,6.24,-6.93,6.358,0.024,-1.138,1.139,19.87,26.7,0.992,-10.013,-0.446,0,FALSE,TRUE,636.4,333.5,,,563.9,354.5,FALSE,63,2.55
4,250,COASTING,-7.147,5.302,-10.326,6.27,-7.092,6.351,-0.017,-1.208,1.208,21.09,28.34,0.99,-10.095,-0.462,0,FALSE,TRUE,635.5,331.9,,,563.4,354.4,FALSE,63,2.56
4.016,251,COASTING,-7.232,5.267,-10.289,6.014,-7.255,6.343,-0.16,-0.991,1.004,17.53,23.56,0.99,-10.177,-0.478,0,FALSE,TRUE,632.2,336.9,,,562.8,354.3,FALSE,63,2.57
4.032,252,COASTING,-7.316,5.232,-10.694,5.868,-7.419,6.335,0.137,-0.886,0.897,15.65,21.04,0.994,-10.259,-0.493,0,FALSE,TRUE,639.5,339.2,,,562.3,354.1,FALSE,63,2.58
4.048,253,COASTING,-7.399,5.196,-11.036,6.346,-7.584,6.327,0.373,-1.405,1.453,25.36,34.13,1,-10.342,-0.509,0,FALSE,TRUE,645.2,326.8,,,561.7,354,FALSE,63,2.39
4.064,254,COASTING,-7.482,5.16,-10.916,6.071,-7.751,6.318,0.147,-1.172,1.181,20.61,27.7,1,-10.424,-0.525,0,FALSE,TRUE,639.9,332.1,,,561.2,353.9,FALSE,63,2.6
4.08,255,COASTING,-7.564,5.124,-11.078,5.826,-7.919,6.31,0.205,-0.967,0.989,17.26,23.21,1,-10.506,-0.541,0,FALSE,TRUE,641.3,336.7,,,560.6,353.8,FALSE,63,2.35
4.096,256,COASTING,-7.646,5.087,-11.629,6.074,-8.089,6.301,0.651,-1.257,1.416,24.71,33.36,1,-10.589,-0.557,0,FALSE,TRUE,651.9,329.9,,,560.1,353.7,FALSE,63,3.55
4.112,257,COASTING,-7.727,5.05,-11.677,6.247,-8.259,6.292,0.594,-1.473,1.588,27.72,37.37,1,-10.672,-0.573,0,FALSE,TRUE,650.5,324.9,,,559.5,353.5,FALSE,63,2.65
4.128,258,COASTING,-7.807,5.012,-11.551,5.832,-8.432,6.282,0.365,-1.1,1.159,20.23,27.24,1,-10.755,-0.589,0,FALSE,TRUE,644.8,333.8,,,559,353.4,FALSE,63,2.63
4.144,259,COASTING,-7.887,4.974,-12.072,5.839,-8.605,6.273,0.784,-1.15,1.392,24.3,32.87,1,-10.837,-0.605,0,FALSE,TRUE,654.7,332.8,,,558.4,353.3,FALSE,63,2.65
4.16,260,COASTING,-7.967,4.936,-12.449,6.225,-8.78,6.263,1.058,-1.58,1.902,33.19,44.9,1,-10.921,-0.621,0,FALSE,TRUE,661,323,,,557.9,353.2,FALSE,63,2.61
4.176,261,COASTING,-8.045,4.897,-12.202,5.957,-8.956,6.253,0.71,-1.356,1.53,26.71,36.06,1,-11.004,-0.637,0,FALSE,TRUE,652.5,328.3,,,557.3,353.1,FALSE,63,2.51
4.192,262,COASTING,-8.123,4.858,-12.448,5.73,-9.133,6.242,0.855,-1.174,1.452,25.35,34.32,0.984,-11.087,-0.653,0,FALSE,TRUE,655.9,332.6,,,556.8,352.9,FALSE,63,2.48
4.208,263,COASTING,-8.201,4.818,-13.1,5.967,-9.312,6.231,1.406,-1.455,2.024,35.32,47.96,0.959,-11.171,-0.669,0,FALSE,TRUE,669,326,,,556.2,352.8,FALSE,63,2.51
4.224,264,COASTING,-8.278,4.778,-13.01,6.17,-9.492,6.22,1.218,-1.703,2.094,36.54,49.46,0.94,-11.254,-0.685,0,FALSE,TRUE,664.5,320,,,555.7,352.7,FALSE,63,2.56
4.24,265,COASTING,-8.354,4.738,-12.901,5.644,-9.673,6.209,1.009,-1.223,1.586,27.67,37.51,0.931,-11.338,-0.701,0,FALSE,TRUE,659.5,331,,,555.1,352.6,FALSE,63,2.55
4.256,266,COASTING,-8.429,4.698,-13.581,5.827,-9.856,6.198,1.591,-1.451,2.153,37.58,51.11,0.932,-11.422,-0.717,0,FALSE,TRUE,673.6,325.4,,,554.6,352.5,FALSE,63,2.5
4.272,267,COASTING,-8.504,4.657,-13.855,6.026,-10.04,6.186,1.767,-1.697,2.45,42.75,58.11,0.942,-11.506,-0.734,0,FALSE,TRUE,677.9,319.5,,,554,352.3,FALSE,63,2.52
4.288,268,COASTING,-8.578,4.615,-13.539,5.925,-10.226,6.174,1.354,-1.642,2.128,37.15,50.36,0.96,-11.59,-0.75,0,FALSE,TRUE,668.2,320.8,,,553.5,352.2,FALSE,63,2.49
4.304,269,COASTING,-8.652,4.574,-13.966,5.498,-10.412,6.162,1.685,-1.261,2.105,36.73,50.05,0.982,-11.674,-0.766,0,FALSE,TRUE,676.2,329.8,,,552.9,352.1,FALSE,63,2.64
4.32,270,COASTING,-8.725,4.532,-14.59,6.004,-10.601,6.149,2.213,-1.815,2.862,49.95,68.01,1,-11.758,-0.782,0,FALSE,TRUE,688.9,317,,,552.4,352,FALSE,63,3.4
4.336,271,COASTING,-8.797,4.489,-14.36,5.893,-10.79,6.136,1.888,-1.751,2.575,44.95,61.11,1,-11.843,-0.799,0,FALSE,TRUE,681.1,318.7,,,551.8,351.9,FALSE,63,2.66
4.352,272,COASTING,-8.868,4.446,-14.399,5.656,-10.981,6.123,1.833,-1.563,2.409,42.04,57.21,1,-11.927,-0.815,0,FALSE,TRUE,679.7,323.3,,,551.3,351.7,FALSE,63,2.4
4.368,273,COASTING,-8.939,4.403,-15.147,5.57,-11.173,6.11,2.488,-1.525,2.918,50.93,69.53,1,-12.012,-0.832,0,FALSE,TRUE,695.3,324.3,,,550.7,351.6,FALSE,63,2.54
4.384,274,COASTING,-9.009,4.36,-15.25,6.065,-11.367,6.097,2.498,-2.068,3.243,56.6,77.06,1,-12.097,-0.848,0,FALSE,TRUE,695.4,311.6,,,550.2,351.5,FALSE,63,2.45
4.4,275,COASTING,-9.078,4.316,-15.006,5.612,-11.562,6.083,2.161,-1.664,2.727,47.6,64.85,1,-12.182,-0.864,0,FALSE,TRUE,687.1,321,,,549.6,351.4,FALSE,63,2.46
4.416,276,COASTING,-9.147,4.272,-15.58,5.536,-11.758,6.069,2.644,-1.637,3.11,54.27,74.1,1,-12.267,-0.881,0,FALSE,TRUE,698.5,321.4,,,549.1,351.3,FALSE,63,2.39
4.432,277,COASTING,-9.215,4.228,-16.061,5.738,-11.955,6.054,3.034,-1.888,3.573,62.37,85.17,1,-12.352,-0.897,0,FALSE,TRUE,707.7,315.3,,,548.6,351.1,FALSE,63,3.06
4.448,278,COASTING,-9.282,4.183,-15.806,5.896,-12.154,6.04,2.688,-2.096,3.409,59.5,81.06,1,-12.438,-0.914,0,FALSE,TRUE,699.3,310.2,,,548,351,FALSE,63,1.67
4.464,279,COASTING,-9.349,4.138,-16.027,5.362,-12.355,6.025,2.821,-1.613,3.249,56.71,77.48,1,-12.523,-0.93,0,FALSE,TRUE,702.4,321.4,,,547.5,350.9,FALSE,63,1.61
4.48,280,COASTING,-9.415,4.092,-16.704,5.595,-12.557,6.01,3.409,-1.896,3.901,68.08,93.08,1,-12.609,-0.947,0,FALSE,TRUE,716.5,314.8,,,546.9,350.8,FALSE,63,1.95
4.496,281,COASTING,-9.48,4.047,-16.703,5.803,-12.76,5.994,3.32,-2.155,3.958,69.08,94.31,1,-12.694,-0.964,0,FALSE,TRUE,714.5,308.8,,,546.4,350.6,FALSE,63,2.01
4.512,282,COASTING,-9.544,4,-16.621,5.561,-12.964,5.978,3.151,-1.964,3.713,64.8,88.49,1,-12.78,-0.98,0,FALSE,TRUE,710.5,313.4,,,545.8,350.5,FALSE,63,2.64
4.528,283,COASTING,-9.608,3.954,-17.212,5.302,-13.17,5.963,3.655,-1.757,4.056,70.79,96.89,1,-12.866,-0.997,0,FALSE,TRUE,722.8,318.5,,,545.3,350.4,FALSE,63,1.62
4.544,284,COASTING,-9.671,3.907,-17.552,5.699,-13.377,5.946,3.91,-2.206,4.489,78.35,107.13,1,-12.952,-1.014,0,FALSE,TRUE,729,308.1,,,544.7,350.3,FALSE,63,1.66
4.56,285,COASTING,-9.733,3.861,-17.4,5.662,-13.586,5.93,3.673,-2.221,4.292,74.91,102.35,1,-13.038,-1.03,0,FALSE,TRUE,723.4,307.9,,,544.2,350.2,FALSE,63,1.76
4.576,286,COASTING,-9.794,3.813,-17.71,5.254,-13.796,5.913,3.898,-1.866,4.322,75.43,103.26,0.982,-13.125,-1.047,0,FALSE,TRUE,728.9,316.3,,,543.6,350,FALSE,63,1.7
4.592,287,COASTING,-9.855,3.766,-18.256,5.436,-14.007,5.896,4.361,-2.1,4.84,84.47,115.67,0.963,-13.211,-1.064,0,FALSE,TRUE,740,310.7,,,543.1,349.9,FALSE,63,1.35
4.608,288,COASTING,-9.915,3.718,-18.287,5.667,-14.22,5.879,4.309,-2.384,4.925,85.95,117.58,0.946,-13.298,-1.081,0,FALSE,TRUE,738.7,303.8,,,542.5,349.8,FALSE,63,1.44
4.624,289,COASTING,-9.974,3.67,-18.33,5.387,-14.434,5.861,4.27,-2.157,4.784,83.49,114.28,0.936,-13.385,-1.098,0,FALSE,TRUE,737.6,308.9,,,542,349.7,FALSE,63,1.58
4.64,290,COASTING,-10.032,3.621,-18.829,5.137,-14.65,5.843,4.689,-1.961,5.082,88.7,121.6,0.935,-13.471,-1.115,0,FALSE,TRUE,747.5,313.3,,,541.4,349.6,FALSE,63,1.58
4.656,291,COASTING,-10.09,3.573,-19.145,5.601,-14.867,5.825,4.923,-2.479,5.512,96.21,131.76,0.944,-13.558,-1.131,0,FALSE,TRUE,752.9,301,,,540.9,349.4,FALSE,63,1.79
4.672,292,COASTING,-10.147,3.524,-19.12,5.425,-15.085,5.807,4.819,-2.357,5.365,93.63,128.25,0.962,-13.645,-1.148,0,FALSE,TRUE,750.2,303.9,,,540.3,349.3,FALSE,63,2.33
4.688,293,COASTING,-10.203,3.474,-19.386,5.159,-15.305,5.788,5.006,-2.145,5.446,95.05,130.33,0.986,-13.733,-1.165,0,FALSE,TRUE,754.6,308.9,,,539.8,349.2,FALSE,63,1.44
4.704,294,COASTING,-10.258,3.425,-19.872,5.207,-15.526,5.769,5.415,-2.248,5.863,102.33,140.38,1,-13.82,-1.182,0,FALSE,TRUE,764.3,306.7,,,539.2,349.1,FALSE,63,1.66
4.72,295,COASTING,-10.312,3.375,-20.016,5.605,-15.748,5.75,5.481,-2.701,6.11,106.65,146.16,1,-13.907,-1.199,0,FALSE,TRUE,765.9,296.3,,,538.7,349,FALSE,63,1.65
4.736,296,COASTING,-10.366,3.325,-20.054,5.078,-15.972,5.731,5.443,-2.229,5.881,102.65,140.83,1,-13.995,-1.216,0,FALSE,TRUE,765,307.6,,,538.1,348.8,FALSE,63,1.62
4.752,297,COASTING,-10.419,3.275,-20.477,5.113,-16.198,5.711,5.79,-2.319,6.237,108.86,149.42,1,-14.083,-1.233,0,FALSE,TRUE,773.5,305.5,,,537.6,348.7,FALSE,63,1.66
4.768,298,COASTING,-10.471,3.224,-20.885,5.308,-16.424,5.691,6.123,-2.57,6.641,115.91,159.12,1,-14.17,-1.251,0,FALSE,TRUE,781.7,299.6,,,537,348.6,FALSE,63,1.73
4.784,299,COASTING,-10.522,3.173,-20.888,5.379,-16.652,5.671,6.053,-2.697,6.626,115.65,158.7,1,-14.258,-1.268,0,FALSE,TRUE,780.1,296.5,,,536.5,348.5,FALSE,63,1.9
4.8,300,COASTING,-10.572,3.122,-21.065,4.823,-16.882,5.65,6.156,-2.197,6.536,114.08,156.75,1,-14.346,-1.285,0,FALSE,TRUE,782.7,308.1,,,535.9,348.4,FALSE,63,1.8
4.816,301,COASTING,-10.622,3.071,-21.625,5.215,-17.113,5.629,6.644,-2.646,7.151,124.81,171.49,1,-14.435,-1.302,0,FALSE,TRUE,794.6,297.3,,,535.4,348.2,FALSE,63,2.49
4.832,302,REACQUIRING,-10.67,3.02,-10.198,2.633,-16.553,5.229,5.984,-2.37,6.436,112.33,154.24,1,35,-25,1,TRUE,TRUE,797.9,294.7,798.1,294.8,795.3,295.3,FALSE,63,1.6
4.848,303,REACQUIRING,-10.718,2.968,-9.738,2.384,-15.993,4.938,5.058,-1.93,5.414,94.49,129.65,0.987,35,-18.231,1,TRUE,TRUE,775.4,307.5,775.5,306.9,785.2,301,FALSE,63,0.5
4.864,304,REACQUIRING,-10.765,2.916,-9.663,2.214,-15.433,4.744,4.66,-1.569,4.917,85.82,117.77,0.979,35,-12.086,1,TRUE,TRUE,765.7,318.3,766.1,318.5,778.5,306.7,FALSE,63,0.48
4.88,305,REACQUIRING,-10.812,2.864,-9.585,2.612,-14.873,4.584,4.303,-1.993,4.742,82.76,113.35,0.976,35,-10.022,1,TRUE,TRUE,757,309.2,757.5,309.6,772.9,307.4,FALSE,63,0.56
4.896,306,REACQUIRING,-10.857,2.811,-9.117,2.329,-14.422,4.457,3.45,-1.676,3.836,66.95,91.61,0.979,28.189,-7.898,1,TRUE,TRUE,733.6,317.6,734.1,317.9,764.7,309.4,FALSE,63,1.34
4.912,307,REACQUIRING,-10.902,2.759,-9.039,2.108,-14.103,4.359,2.998,-1.405,3.31,57.78,79.06,0.983,19.94,-6.139,1,TRUE,TRUE,719.4,324.9,719.6,324.5,756.7,311.8,FALSE,63,1.28
4.928,308,REACQUIRING,-10.945,2.706,-9.465,2.258,-13.863,4.274,3.148,-1.552,3.51,61.26,83.8,0.987,14.991,-5.356,1,TRUE,TRUE,721,321.9,720.9,321.6,751.1,313.1,FALSE,63,0.48
4.944,309,REACQUIRING,-10.988,2.653,-9.38,2.475,-13.681,4.19,2.79,-1.807,3.324,58.01,79.18,0.989,11.361,-5.221,1,TRUE,TRUE,710.9,316.1,711,316.8,745.6,313.4,FALSE,63,0.5
4.96,310,REACQUIRING,-11.03,2.599,-9.103,2.03,-13.547,4.117,2.22,-1.354,2.6,45.38,61.95,0.987,8.372,-4.588,1,TRUE,TRUE,696,326.9,696,327.3,739.5,314.9,FALSE,63,0.51
4.976,311,TRACKING,-11.071,2.546,-9.533,2.023,-13.438,4.049,2.423,-1.349,2.773,48.41,66.14,0.981,6.819,-4.221,1,TRUE,TRUE,700.3,327.1,700.6,327.6,735.1,316.1,FALSE,63,1.34
4.992,312,TRACKING,-11.112,2.492,-9.809,2.325,-13.342,3.978,2.513,-1.7,3.034,52.95,72.23,0.973,6.008,-4.429,1,TRUE,TRUE,702.2,318.5,702.6,318.6,731.5,316.2,FALSE,63,1.13
5.008,313,TRACKING,-11.151,2.438,-9.416,2.118,-13.263,3.907,1.9,-1.529,2.439,42.58,57.97,0.967,4.94,-4.447,1,TRUE,TRUE,687.2,322.3,687.4,322,727.2,316.6,FALSE,63,0.52
5.024,314,TRACKING,-11.19,2.384,-9.539,1.794,-13.195,3.84,1.826,-1.221,2.197,38.34,52.3,0.964,4.265,-4.195,1,TRUE,TRUE,685.4,329.5,686.1,329.3,723.4,317.5,FALSE,63,0.63
5.04,315,TRACKING,-11.227,2.33,-10.076,2.001,-13.127,3.771,2.215,-1.469,2.658,46.38,63.28,0.968,4.205,-4.278,1,TRUE,TRUE,694.8,323.5,695.3,323,720.7,317.8,FALSE,63,0.51
5.056,316,TRACKING,-11.264,2.275,-9.837,2.158,-13.065,3.699,1.813,-1.683,2.474,43.19,58.71,0.978,3.9,-4.507,1,TRUE,TRUE,685.2,318.4,686.2,318.3,717.7,317.8,FALSE,63,1.14
5.072,317,TRACKING,-11.3,2.221,-9.588,1.653,-13.011,3.63,1.384,-1.207,1.836,32.05,43.6,0.995,3.353,-4.342,1,TRUE,TRUE,674.8,329.8,674.6,328.3,714.3,318.4,FALSE,63,1.47
5.088,318,TRACKING,-11.335,2.166,-10.128,1.711,-12.958,3.562,1.787,-1.298,2.208,38.54,52.53,1,3.318,-4.25,1,TRUE,TRUE,684.5,327.9,685.1,327.9,711.8,318.9,FALSE,63,0.48
5.104,319,TRACKING,-11.37,2.111,-10.246,1.913,-12.906,3.492,1.776,-1.551,2.358,41.15,55.98,1,3.297,-4.38,1,TRUE,TRUE,684.2,322.1,684.8,321.7,709.5,319,FALSE,63,0.57
5.12,320,TRACKING,-11.403,2.056,-9.791,1.791,-12.86,3.422,1.165,-1.473,1.878,32.78,44.42,1,2.861,-4.385,1,TRUE,TRUE,669.3,324.1,669.9,324.8,706.6,319.2,FALSE,63,0.48
5.136,321,TRACKING,-11.435,2.001,-10.066,1.328,-12.818,3.356,1.301,-1.033,1.661,28.99,39.47,1,2.627,-4.117,1,TRUE,TRUE,672.3,334.6,672.7,334.5,704,320,FALSE,63,1.12
5.152,322,TRACKING,-11.467,1.945,-10.522,1.74,-12.776,3.288,1.64,-1.497,2.22,38.75,52.69,1,2.627,-4.256,1,TRUE,TRUE,680.3,323.7,679.3,322.5,702,320.1,FALSE,63,1.5
5.168,323,TRACKING,-11.498,1.89,-10.16,1.652,-12.738,3.218,1.145,-1.46,1.855,32.38,43.87,1,2.339,-4.329,1,TRUE,TRUE,668.2,324.4,668.8,323.5,699.5,320.2,FALSE,63,0.48
5.184,324,TRACKING,-11.527,1.834,-10.062,1.378,-12.707,3.151,0.908,-1.224,1.524,26.6,36.02,1,1.949,-4.226,1,TRUE,TRUE,662.2,329.8,662.4,329.5,696.9,320.6,FALSE,63,0.48
5.2,325,TRACKING,-11.556,1.778,-10.62,1.214,-12.677,3.086,1.354,-1.092,1.74,30.36,41.33,1,1.9,-4.054,1,TRUE,TRUE,672.8,332.7,672.6,333.2,694.9,321.2,FALSE,63,0.48
5.216,326,TRACKING,-11.584,1.722,-10.581,1.685,-12.648,3.018,1.203,-1.622,2.02,35.25,47.73,0.991,1.769,-4.244,1,TRUE,TRUE,669.1,320,669.7,320.6,692.9,321.1,FALSE,63,1.14
5.232,327,TRACKING,-11.611,1.666,-10.232,1.239,-12.627,2.952,0.722,-1.215,1.413,24.66,33.33,0.968,1.33,-4.133,1,TRUE,TRUE,657.4,329.5,656.6,330.6,690.4,321.5,FALSE,63,1.44
5.248,328,TRACKING,-11.638,1.61,-10.612,1.102,-12.609,2.887,0.989,-1.117,1.491,26.03,35.31,0.95,1.158,-4.035,1,TRUE,TRUE,663.8,331.9,664,331.1,688.3,321.9,FALSE,63,0.5
5.264,329,TRACKING,-11.663,1.553,-10.916,1.226,-12.591,2.823,1.195,-1.287,1.756,30.66,41.61,0.942,1.128,-4.031,1,TRUE,TRUE,668.9,328,669.3,328.1,686.5,322.1,FALSE,63,0.56
5.28,330,TRACKING,-11.687,1.497,-10.578,1.418,-12.578,2.756,0.742,-1.537,1.706,29.78,40.19,0.942,0.807,-4.172,1,TRUE,TRUE,658.1,322.3,657.8,322,684.4,322.1,FALSE,63,0.5
5.296,331,TRACKING,-11.711,1.44,-10.63,0.835,-12.569,2.693,0.683,-0.985,1.198,20.91,28.3,0.951,0.533,-3.93,1,TRUE,TRUE,656.7,335.6,657.6,336.3,682.3,322.7,FALSE,63,1.22
5.312,332,TRACKING,-11.733,1.384,-11.086,1.013,-12.561,2.631,1.048,-1.208,1.599,27.91,37.86,0.965,0.498,-3.917,1,TRUE,TRUE,665.6,330.5,666.1,329.1,680.6,323,FALSE,63,1.39
5.328,333,TRACKING,-11.755,1.327,-10.993,1.178,-12.556,2.567,0.859,-1.424,1.663,29.02,39.23,0.981,0.337,-3.973,1,TRUE,TRUE,661.1,325.5,661.6,326.1,678.8,323.1,FALSE,63,0.52
5.344,334,TRACKING,-11.776,1.27,-10.793,0.985,-12.555,2.504,0.553,-1.279,1.393,24.31,32.78,0.995,0.016,-3.946,1,TRUE,TRUE,653.7,328.9,654.1,328.7,676.8,323.3,FALSE,63,0.48
5.36,335,TRACKING,-11.796,1.213,-11.142,0.62,-12.558,2.444,0.81,-0.946,1.245,21.73,29.46,1,-0.137,-3.736,1,TRUE,TRUE,659.7,336.7,659.1,336.6,675.1,323.9,FALSE,63,0.48
5.376,336,TRACKING,-11.815,1.156,-11.345,1.009,-12.561,2.383,0.931,-1.386,1.67,29.14,39.43,1,-0.186,-3.81,1,TRUE,TRUE,662.5,326.1,663.1,326.5,673.5,324,FALSE,63,1.18
5.392,337,TRACKING,-11.833,1.098,-11.106,0.936,-12.565,2.319,0.613,-1.377,1.507,26.3,35.47,1,-0.252,-4.001,1,TRUE,TRUE,654.7,326,662.9,320.6,672.1,323.9,FALSE,63,1.22
5.408,338,TRACKING,-11.85,1.041,-11.187,0.547,-12.573,2.258,0.603,-1.025,1.189,20.75,28.04,1,-0.52,-3.809,1,TRUE,TRUE,654.2,334.2,654.5,334.6,670.3,324.4,FALSE,63,0.5
5.424,339,TRACKING,-11.866,0.984,-11.531,0.602,-12.583,2.198,0.871,-1.124,1.422,24.82,33.62,1,-0.595,-3.74,1,TRUE,TRUE,660.4,331.8,660.9,331.2,668.9,324.7,FALSE,63,0.48
5.44,340,TRACKING,-11.881,0.926,-11.507,0.874,-12.595,2.136,0.768,-1.455,1.646,28.72,38.78,1,-0.755,-3.876,1,TRUE,TRUE,657.8,324,657.4,323.1,667.4,324.6,FALSE,63,0.49
5.456,341,TRACKING,-11.896,0.869,-11.372,0.558,-12.61,2.075,0.551,-1.186,1.308,22.82,30.79,1,-0.975,-3.812,1,TRUE,TRUE,652.4,330.5,654,330,665.7,324.9,FALSE,63,2.05
5.472,342,TRACKING,-11.909,0.811,-11.62,0.289,-12.628,2.018,0.723,-0.951,1.194,20.84,28.23,1,-1.124,-3.599,1,TRUE,TRUE,656.5,336.3,655.5,336.7,664.2,325.4,FALSE,63,1.16
5.488,343,TRACKING,-11.922,0.753,-11.844,0.666,-12.646,1.959,0.884,-1.382,1.641,28.64,38.73,1,-1.127,-3.674,1,TRUE,TRUE,660.4,326.4,661,326.6,663,325.5,FALSE,63,0.53
5.504,344,TRACKING,-11.933,0.696,-11.705,0.559,-12.667,1.9,0.676,-1.327,1.489,25.98,35.07,1,-1.274,-3.699,1,TRUE,TRUE,655.4,327.8,655.5,327.8,661.7,325.7,FALSE,63,0.51
5.52,345,TRACKING,-11.944,0.638,-11.699,0.228,-12.69,1.843,0.601,-1.034,1.196,20.87,28.2,1,-1.432,-3.54,1,TRUE,TRUE,653.7,334.8,654.1,335,660.3,326.1,FALSE,63,0.49
5.536,346,TRACKING,-11.954,0.58,-12.025,0.238,-12.712,1.787,0.873,-1.089,1.396,24.36,33.01,1,-1.407,-3.495,1,TRUE,TRUE,660.4,333.5,660.7,331.6,659.2,326.4,FALSE,63,1.39
5.552,347,TRACKING,-11.962,0.522,-12.083,0.609,-12.734,1.729,0.884,-1.522,1.76,30.72,41.5,1,-1.369,-3.662,1,TRUE,TRUE,660.9,323.2,662,323.2,658.3,326.3,FALSE,63,1.4
5.568,348,TRACKING,-11.97,0.464,-11.875,0.123,-12.758,1.672,0.617,-1.078,1.241,21.67,29.27,1,-1.521,-3.525,1,TRUE,TRUE,654.5,333.4,654.7,333.9,657.1,326.7,FALSE,63,0.49
5.584,349,TRACKING,-11.977,0.406,-12.065,0.07,-12.783,1.618,0.756,-1.066,1.307,22.81,30.88,1,-1.573,-3.416,1,TRUE,TRUE,657.9,333.5,657.6,333.9,656,327.1,FALSE,63,0.48
5.6,350,TRACKING,-11.983,0.348,-12.379,0.247,-12.807,1.562,1.036,-1.296,1.659,28.95,39.24,0.986,-1.455,-3.471,1,TRUE,TRUE,664.7,327.9,664.4,328.1,655.3,327.2,FALSE,63,0.51
5.616,351,TRACKING,-11.988,0.29,-12.181,0.332,-12.83,1.504,0.798,-1.443,1.649,28.78,38.87,0.962,-1.48,-3.62,1,TRUE,TRUE,658.9,324.4,659.8,323.7,654.5,327.1,FALSE,63,1.34
5.632,352,TRACKING,-11.993,0.232,-12.084,-0.249,-12.857,1.45,0.651,-0.899,1.11,19.37,26.22,0.942,-1.642,-3.399,1,TRUE,TRUE,655.2,337.3,653.8,337.1,653.4,327.6,FALSE,63,1.41
5.648,353,TRACKING,-11.996,0.174,-12.498,0.072,-12.881,1.395,1.039,-1.273,1.643,28.68,38.87,0.93,-1.513,-3.443,1,TRUE,TRUE,664.4,328.6,664.4,328.5,652.9,327.8,FALSE,63,0.59
5.664,354,TRACKING,-11.998,0.116,-12.542,0.126,-12.903,1.338,1.06,-1.384,1.743,30.43,41.21,0.929,-1.408,-3.525,1,TRUE,TRUE,664.8,326.2,664.6,326.4,652.4,327.8,FALSE,63,0.58
5.68,355,TRACKING,-12,0.058,-12.2,-0.082,-12.928,1.282,0.681,-1.227,1.403,24.49,33.08,0.938,-1.54,-3.506,1,TRUE,TRUE,655.5,330.1,655.7,329.6,651.5,327.9,FALSE,63,0.52
5.696,356,TRACKING,-12,0,-12.455,-0.41,-12.952,1.229,0.913,-0.936,1.308,22.83,31,0.956,-1.487,-3.31,1,TRUE,TRUE,661,337.2,661.8,337,651,328.4,FALSE,63,1.25
5.712,357,TRACKING,-12,-0.058,-12.805,0.083,-12.972,1.173,1.258,-1.493,1.952,34.08,46.21,0.979,-1.237,-3.486,1,TRUE,TRUE,669.3,324.1,670.3,323.8,650.9,328.3,FALSE,63,1.3
5.728,358,TRACKING,-11.998,-0.116,-12.449,-0.181,-12.992,1.117,0.882,-1.283,1.557,27.17,36.77,1,-1.267,-3.494,1,TRUE,TRUE,660.2,329,660.9,328.8,650.3,328.4,FALSE,63,0.5
5.744,359,TRACKING,-11.996,-0.174,-12.365,-0.44,-13.014,1.064,0.774,-1.066,1.318,23,31.13,1,-1.364,-3.364,1,TRUE,TRUE,657.7,333.9,657.4,334.3,649.7,328.7,FALSE,63,0.51
5.76,360,TRACKING,-11.993,-0.232,-12.875,-0.387,-13.032,1.01,1.287,-1.17,1.74,30.36,41.28,1,-1.112,-3.354,1,TRUE,TRUE,670.2,331.3,670.5,330.7,649.7,328.9,FALSE,63,0.48
5.776,361,TRACKING,-11.988,-0.29,-12.764,-0.083,-13.046,0.953,1.179,-1.543,1.942,33.89,45.91,1,-0.935,-3.564,1,TRUE,TRUE,667.8,322.3,669.5,321.8,649.7,328.7,FALSE,63,1.1
5.792,362,TRACKING,-11.983,-0.348,-12.361,-0.578,-13.064,0.898,0.757,-1.094,1.33,23.22,31.42,1,-1.085,-3.442,1,TRUE,TRUE,657.8,332.7,657.2,333.2,649.1,329,FALSE,63,1.29
5.808,363,TRACKING,-11.977,-0.406,-12.753,-0.624,-13.079,0.844,1.152,-1.093,1.588,27.72,37.67,1,-0.952,-3.352,1,TRUE,TRUE,667.5,332.7,666.9,333.1,649,329.2,FALSE,63,0.48
5.824,364,TRACKING,-11.97,-0.464,-13.006,-0.356,-13.09,0.789,1.423,-1.423,2.013,35.13,47.71,1,-0.669,-3.473,1,TRUE,TRUE,674.2,325,673.9,325.5,649.3,329.2,FALSE,63,0.48
5.84,365,TRACKING,-11.962,-0.522,-12.509,-0.464,-13.101,0.732,0.923,-1.374,1.655,28.89,39.09,1,-0.713,-3.536,1,TRUE,TRUE,662.3,326.2,662.6,326.7,649,329.1,FALSE,63,0.47
5.856,366,TRACKING,-11.954,-0.58,-12.552,-0.876,-13.112,0.678,0.968,-1.004,1.394,24.34,33.04,1,-0.705,-3.362,1,TRUE,TRUE,663.3,335.2,663.7,335.7,648.9,329.5,FALSE,63,1.23
5.872,367,TRACKING,-11.944,-0.638,-13.054,-0.658,-13.119,0.624,1.495,-1.276,1.965,34.3,46.67,1,-0.423,-3.381,1,TRUE,TRUE,676,329,674.5,329.7,649.2,329.6,FALSE,63,1.43
5.888,368,TRACKING,-11.933,-0.696,-12.754,-0.487,-13.124,0.567,1.21,-1.513,1.938,33.82,45.83,1,-0.313,-3.562,1,TRUE,TRUE,669.1,323.5,669.5,322.9,649.3,329.4,FALSE,63,0.5
5.904,369,TRACKING,-11.922,-0.753,-12.424,-0.931,-13.131,0.512,0.882,-1.116,1.423,24.83,33.64,1,-0.404,-3.444,1,TRUE,TRUE,661,333,661.5,333.3,649.1,329.7,FALSE,63,0.48
5.92,370,TRACKING,-11.909,-0.811,-12.896,-0.972,-13.134,0.458,1.38,-1.122,1.779,31.05,42.26,1,-0.186,-3.357,1,TRUE,TRUE,672.8,332.8,672.8,333.3,649.4,329.9,FALSE,63,0.47
5.936,371,TRACKING,-11.896,-0.869,-12.96,-0.712,-13.133,0.403,1.475,-1.444,2.064,36.02,48.94,1,0.046,-3.468,1,TRUE,TRUE,675.1,325,674.9,326.1,649.8,329.8,FALSE,63,1.37
5.952,372,TRACKING,-11.881,-0.926,-12.451,-0.818,-13.134,0.346,0.976,-1.399,1.706,29.77,40.29,1,-0.036,-3.564,1,TRUE,TRUE,663,325.8,663.3,325.6,649.7,329.7,FALSE,63,1.18
5.968,373,TRACKING,-11.866,-0.984,-12.638,-1.29,-13.133,0.292,1.182,-0.969,1.529,26.68,36.31,0.997,0.014,-3.392,1,TRUE,TRUE,667.9,335.8,667.3,335.8,649.8,330.1,FALSE,63,0.49
5.984,374,TRACKING,-11.85,-1.041,-13.002,-0.939,-13.128,0.236,1.587,-1.381,2.104,36.72,49.96,0.985,0.329,-3.493,1,TRUE,TRUE,677.8,325.9,678.3,326.3,650.4,330,FALSE,63,0.47
6,375,TRACKING,-11.833,-1.098,-12.601,-0.947,-13.122,0.178,1.212,-1.436,1.879,32.8,44.47,0.971,0.376,-3.598,1,TRUE,TRUE,668.9,324.5,669.4,325.2,650.6,329.9,FALSE,63,0.53
6.016,376,TRACKING,-11.815,-1.156,-12.423,-1.234,-13.117,0.121,1.05,-1.204,1.597,27.87,37.81,0.957,0.3,-3.577,1,TRUE,TRUE,665.1,330.1,663.8,329.4,650.6,329.9,FALSE,63,1.2
6.032,377,TRACKING,-11.796,-1.213,-12.849,-1.446,-13.109,0.066,1.513,-1.038,1.835,32.03,43.67,0.947,0.503,-3.456,1,TRUE,TRUE,676.4,334.2,674.2,334,651,330.2,FALSE,63,1.4
6.048,378,TRACKING,-11.776,-1.27,-12.757,-0.969,-13.098,0.007,1.46,-1.585,2.155,37.62,51.05,0.944,0.686,-3.668,1,TRUE,TRUE,675.4,321.5,674.7,321.4,651.5,329.9,FALSE,63,0.51
6.064,379,TRACKING,-11.755,-1.327,-12.354,-1.366,-13.088,-0.051,1.081,-1.243,1.647,28.75,38.99,0.949,0.641,-3.636,1,TRUE,TRUE,666.4,329.7,666,329.5,651.5,329.9,FALSE,63,0.51
6.08,380,TRACKING,-11.733,-1.384,-12.572,-1.542,-13.075,-0.108,1.336,-1.113,1.739,30.35,41.3,0.964,0.78,-3.523,1,TRUE,TRUE,672.7,332.9,672.7,333.4,651.9,330.2,FALSE,63,0.52
6.096,381,TRACKING,-11.711,-1.44,-12.77,-1.46,-13.059,-0.165,1.582,-1.253,2.018,35.22,47.96,0.986,1.029,-3.57,1,TRUE,TRUE,678.7,329.7,678.1,328,652.5,330.1,FALSE,63,2.25
6.112,382,TRACKING,-11.687,-1.497,-12.406,-1.206,-13.042,-0.225,1.254,-1.578,2.015,35.17,47.66,1,1.073,-3.759,1,TRUE,TRUE,670.8,321.9,671.1,321.5,652.8,329.8,FALSE,63,1.27
6.128,383,TRACKING,-11.663,-1.553,-12.312,-1.808,-13.024,-0.282,1.194,-1.019,1.57,27.4,37.28,1,1.093,-3.585,1,TRUE,TRUE,669.3,334.9,669.7,335.1,653.1,330.1,FALSE,63,0.53
6.144,384,TRACKING,-11.638,-1.61,-12.596,-1.669,-13.003,-0.339,1.529,-1.211,1.95,34.03,46.34,1,1.308,-3.576,1,TRUE,TRUE,677.3,330.2,677.6,330,653.7,330.2,FALSE,63,0.52
6.16,385,TRACKING,-11.611,-1.666,-12.475,-1.516,-12.981,-0.398,1.453,-1.427,2.036,35.54,48.29,1,1.421,-3.679,1,TRUE,TRUE,675.3,324.9,674.7,325.5,654.1,330.1,FALSE,63,0.47
6.176,386,TRACKING,-11.584,-1.722,-12.183,-1.645,-12.959,-0.459,1.194,-1.362,1.811,31.61,42.88,1,1.368,-3.789,1,TRUE,TRUE,668.9,326.2,667.7,324.2,654.3,329.9,FALSE,63,1.18
6.192,387,TRACKING,-11.556,-1.778,-12.319,-2.098,-12.936,-0.517,1.372,-0.95,1.669,29.12,39.71,1,1.443,-3.602,1,TRUE,TRUE,673.1,336,672.1,336,654.6,330.2,FALSE,63,1.3
6.208,388,TRACKING,-11.527,-1.834,-12.445,-1.707,-12.909,-0.576,1.551,-1.403,2.091,36.5,49.64,1,1.65,-3.704,1,TRUE,TRUE,677.4,325.4,677.9,325.6,655.2,330.1,FALSE,63,0.57
6.224,389,TRACKING,-11.498,-1.89,-12.182,-1.759,-12.882,-0.636,1.332,-1.412,1.941,33.88,45.99,1,1.694,-3.779,1,TRUE,TRUE,672.2,325.3,672.2,325.8,655.5,330,FALSE,63,0.5
6.24,390,TRACKING,-11.467,-1.945,-12.053,-2.114,-12.855,-0.695,1.244,-1.104,1.663,29.03,39.48,1,1.706,-3.666,1,TRUE,TRUE,670.1,332.8,670.5,333.3,655.8,330.2,FALSE,63,0.5
6.256,391,TRACKING,-11.435,-2.001,-12.248,-2.166,-12.826,-0.753,1.49,-1.1,1.852,32.33,44.05,0.98,1.832,-3.602,1,TRUE,TRUE,676.1,333.1,675,332.5,656.2,330.3,FALSE,63,1.29
6.272,392,TRACKING,-11.403,-2.056,-12.208,-1.827,-12.794,-0.813,1.502,-1.505,2.127,37.12,50.42,0.967,1.958,-3.772,1,TRUE,TRUE,676.6,323.7,675.6,323,656.7,330.1,FALSE,63,1.36
6.288,393,TRACKING,-11.369,-2.111,-11.913,-2.154,-12.763,-0.873,1.251,-1.232,1.756,30.64,41.63,0.961,1.967,-3.749,1,TRUE,TRUE,670.8,330.1,671,329.8,657,330.1,FALSE,63,0.52
6.304,394,TRACKING,-11.335,-2.166,-11.942,-2.436,-12.73,-0.931,1.33,-0.992,1.659,28.95,39.45,0.962,2.031,-3.601,1,TRUE,TRUE,672.8,335.7,672.9,335.7,657.3,330.4,FALSE,63,0.53
6.32,395,TRACKING,-11.3,-2.221,-12.125,-2.133,-12.695,-0.989,1.573,-1.353,2.075,36.21,49.26,0.968,2.228,-3.683,1,TRUE,TRUE,678.9,327,679,327.2,657.9,330.3,FALSE,63,0.51
6.336,396,TRACKING,-11.264,-2.276,-11.894,-2.153,-12.658,-1.05,1.393,-1.396,1.972,34.42,46.76,0.976,2.274,-3.813,1,TRUE,TRUE,674.7,325.7,673.5,324.1,658.3,330.1,FALSE,63,1.22
6.352,397,TRACKING,-11.227,-2.33,-11.654,-2.545,-12.622,-1.109,1.199,-1.048,1.592,27.79,37.8,0.984,2.257,-3.688,1,TRUE,TRUE,670,333.8,670.4,334.3,658.5,330.4,FALSE,63,1.52
6.368,398,TRACKING,-11.19,-2.384,-11.879,-2.557,-12.584,-1.167,1.483,-1.083,1.836,32.05,43.67,0.989,2.41,-3.615,1,TRUE,TRUE,676.8,332.9,677.3,333.4,659,330.6,FALSE,63,0.49
6.384,399,TRACKING,-11.151,-2.438,-11.9,-2.202,-12.542,-1.228,1.567,-1.505,2.172,37.91,51.52,0.99,2.575,-3.81,1,TRUE,TRUE,678.8,322.9,679,322.2,659.6,330.3,FALSE,63,0.5
6.4,400,TRACKING,-11.112,-2.492,-11.493,-2.63,-12.502,-1.288,1.207,-1.127,1.651,28.82,39.17,0.988,2.53,-3.761,1,TRUE,TRUE,670,331.9,670.3,331.2,659.8,330.4,FALSE,63,0.49
6.416,401,TRACKING,-11.071,-2.546,-11.52,-2.774,-12.461,-1.347,1.287,-1.025,1.646,28.72,39.1,0.984,2.57,-3.648,1,TRUE,TRUE,671.7,334.5,673.1,334.8,660.1,330.6,FALSE,63,1.24
6.432,402,TRACKING,-11.03,-2.599,-11.805,-2.595,-12.416,-1.406,1.639,-1.257,2.066,36.05,49.11,0.981,2.766,-3.676,1,TRUE,TRUE,680.1,329.2,680.2,329.7,660.7,330.6,FALSE,63,1.17
6.448,403,TRACKING,-10.988,-2.653,-11.477,-2.476,-12.372,-1.466,1.365,-1.436,1.981,34.58,46.95,0.981,2.781,-3.786,1,TRUE,TRUE,673.4,325.2,673.3,325.7,661,330.5,FALSE,63,0.51
6.464,404,TRACKING,-10.945,-2.706,-11.188,-3.063,-12.329,-1.524,1.121,-0.886,1.429,24.94,33.95,0.987,2.669,-3.603,1,TRUE,TRUE,667.5,338.3,666.8,337.9,661,330.8,FALSE,63,0.5
6.48,405,TRACKING,-10.902,-2.759,-11.544,-2.812,-12.284,-1.582,1.541,-1.188,1.946,33.97,46.26,0.998,2.834,-3.626,1,TRUE,TRUE,677.6,331.2,678,330.6,661.5,330.9,FALSE,63,0.47
6.496,406,TRACKING,-10.857,-2.811,-11.514,-2.722,-12.236,-1.641,1.576,-1.334,2.065,36.04,49.04,1,2.97,-3.701,1,TRUE,TRUE,678.6,327.6,677.9,327.9,662,330.8,FALSE,63,1.21
6.512,407,TRACKING,-10.812,-2.864,-10.993,-2.903,-12.19,-1.701,1.105,-1.204,1.634,28.52,38.7,1,2.898,-3.718,1,TRUE,TRUE,667.4,330.5,669,329.8,662.1,330.8,FALSE,63,1.5
6.528,408,TRACKING,-10.765,-2.916,-11.149,-3.3,-12.143,-1.757,1.318,-0.843,1.565,27.31,37.26,1,2.929,-3.548,1,TRUE,TRUE,672.6,338.8,672.5,338.4,662.4,331.2,FALSE,63,0.52
6.544,409,TRACKING,-10.718,-2.968,-11.451,-2.81,-12.093,-1.816,1.693,-1.392,2.192,38.25,52.07,1,3.152,-3.685,1,TRUE,TRUE,681.9,325.7,681.6,326,663,331.1,FALSE,63,0.52
6.56,410,TRACKING,-10.67,-3.02,-10.964,-3.04,-12.043,-1.876,1.262,-1.215,1.752,30.58,41.55,1,3.131,-3.717,1,TRUE,TRUE,671.7,329.7,671.8,329.4,663.2,331,FALSE,63,0.53
6.576,411,TRACKING,-10.622,-3.071,-10.752,-3.305,-11.994,-1.934,1.103,-0.991,1.483,25.88,35.19,1,3.066,-3.62,1,TRUE,TRUE,668,335,668.9,335.2,663.3,331.3,FALSE,63,1.25
6.592,412,TRACKING,-10.572,-3.122,-11.203,-3.33,-11.941,-1.991,1.627,-1.008,1.914,33.41,45.6,1,3.275,-3.552,1,TRUE,TRUE,680.7,334.7,680.8,335,663.9,331.5,FALSE,63,1.41
6.608,413,TRACKING,-10.522,-3.174,-11.007,-2.953,-11.887,-2.05,1.5,-1.444,2.082,36.34,49.38,1,3.386,-3.709,1,TRUE,TRUE,677.6,324.6,678,325.1,664.3,331.3,FALSE,63,0.49
6.624,414,TRACKING,-10.471,-3.224,-10.489,-3.457,-11.835,-2.108,1.031,-0.981,1.423,24.84,33.76,0.992,3.234,-3.603,1,TRUE,TRUE,666.3,335.7,665.9,335.9,664.3,331.5,FALSE,63,0.49
6.64,415,TRACKING,-10.419,-3.275,-10.802,-3.525,-11.782,-2.164,1.409,-0.952,1.7,29.68,40.47,0.967,3.307,-3.509,1,TRUE,TRUE,675.2,336.6,674.6,336.6,664.6,331.8,FALSE,63,0.52
6.656,416,TRACKING,-10.366,-3.325,-10.987,-3.301,-11.726,-2.221,1.67,-1.228,2.073,36.17,49.29,0.946,3.51,-3.582,1,TRUE,TRUE,681.4,330.3,681.4,329.7,665.1,331.8,FALSE,63,1.03
6.672,417,TRACKING,-10.312,-3.375,-10.41,-3.31,-11.671,-2.279,1.149,-1.271,1.714,29.91,40.58,0.935,3.429,-3.647,1,TRUE,TRUE,668.7,329.2,669.3,329.2,665.2,331.7,FALSE,63,1.35
6.688,418,TRACKING,-10.258,-3.425,-10.369,-3.794,-11.617,-2.335,1.167,-0.822,1.427,24.9,33.94,0.933,3.382,-3.491,1,TRUE,TRUE,669,339.7,669.5,339.1,665.3,332.1,FALSE,63,0.51
6.704,419,TRACKING,-10.203,-3.475,-10.791,-3.576,-11.56,-2.391,1.665,-1.083,1.986,34.67,47.3,0.941,3.583,-3.486,1,TRUE,TRUE,680.9,333.4,680.8,333.7,665.8,332.2,FALSE,63,0.51
6.72,420,TRACKING,-10.147,-3.524,-10.441,-3.403,-11.502,-2.449,1.381,-1.31,1.904,33.23,45.16,0.957,3.602,-3.601,1,TRUE,TRUE,674.1,327.8,673.7,327.8,666,332.1,FALSE,63,0.54
6.736,421,TRACKING,-10.09,-3.573,-10.053,-3.778,-11.447,-2.505,1.046,-0.975,1.43,24.96,33.93,0.977,3.466,-3.527,1,TRUE,TRUE,666,335.5,665.7,335.7,666,332.3,FALSE,63,2.09
6.752,422,TRACKING,-10.032,-3.621,-10.427,-3.925,-11.389,-2.56,1.494,-0.867,1.727,30.14,41.15,0.996,3.606,-3.449,1,TRUE,TRUE,676.9,338,677.5,336.8,666.3,332.6,FALSE,63,1.2
6.768,423,TRACKING,-9.974,-3.67,-10.438,-3.617,-11.329,-2.617,1.581,-1.225,2,34.91,47.55,1,3.757,-3.542,1,TRUE,TRUE,679.1,329.5,679.3,329.3,666.8,332.5,FALSE,63,0.5
6.784,424,TRACKING,-9.915,-3.718,-9.908,-3.708,-11.27,-2.674,1.111,-1.184,1.624,28.34,38.47,1,3.668,-3.595,1,TRUE,TRUE,668,330.6,668.6,330.2,666.8,332.5,FALSE,63,0.5
6.8,425,TRACKING,-9.855,-3.766,-9.997,-4.166,-11.212,-2.729,1.267,-0.756,1.475,25.75,35.15,1,3.673,-3.408,1,TRUE,TRUE,671.9,340.9,671.9,341.4,666.9,332.9,FALSE,63,0.48
6.816,426,TRACKING,-9.794,-3.813,-10.278,-3.886,-11.15,-2.783,1.628,-1.079,1.953,34.09,46.5,1,3.862,-3.412,1,TRUE,TRUE,680.8,333.5,680.8,334.2,667.4,333,FALSE,63,1.17
6.832,427,TRACKING,-9.733,-3.861,-9.886,-3.805,-11.088,-2.84,1.306,-1.209,1.78,31.06,42.22,1,3.861,-3.502,1,TRUE,TRUE,673.1,330.6,673.2,329.8,667.6,333,FALSE,63,1.28
6.848,428,TRACKING,-9.671,-3.908,-9.646,-4.094,-11.027,-2.894,1.129,-0.958,1.48,25.84,35.15,1,3.796,-3.436,1,TRUE,TRUE,668.9,336.7,669.4,336.5,667.6,333.2,FALSE,63,0.48
6.864,429,TRACKING,-9.608,-3.954,-9.946,-4.329,-10.964,-2.947,1.508,-0.752,1.685,29.41,40.21,1,3.929,-3.277,1,TRUE,TRUE,678,341.5,678.3,341.9,668,333.6,FALSE,63,0.48
6.88,430,TRACKING,-9.544,-4.001,-9.854,-3.853,-10.9,-3.002,1.494,-1.279,1.967,34.32,46.7,1,4.031,-3.417,1,TRUE,TRUE,677.6,329,678,328.9,668.4,333.5,FALSE,63,0.5
6.896,431,TRACKING,-9.48,-4.047,-9.451,-4.17,-10.836,-3.056,1.158,-1.001,1.531,26.71,36.34,1,3.963,-3.384,1,TRUE,TRUE,669.4,335.3,670.1,335.7,668.4,333.6,FALSE,63,1.16
6.912,432,TRACKING,-9.415,-4.092,-9.541,-4.386,-10.773,-3.108,1.319,-0.819,1.552,27.09,36.97,1,3.971,-3.293,1,TRUE,TRUE,673.1,339.4,672.8,339,668.6,333.9,FALSE,63,1.22
6.928,433,TRACKING,-9.349,-4.138,-9.695,-4.323,-10.707,-3.161,1.554,-0.919,1.806,31.52,43.03,1,4.104,-3.27,1,TRUE,TRUE,678.6,336.9,678.9,336.6,669,334.1,FALSE,63,0.51
6.944,434,TRACKING,-9.282,-4.183,-9.385,-4.004,-10.642,-3.216,1.317,-1.289,1.843,32.17,43.7,1,4.091,-3.424,1,TRUE,TRUE,672.8,328.1,672.7,328,669.1,333.9,FALSE,63,0.5
6.96,435,TRACKING,-9.215,-4.228,-9.2,-4.589,-10.577,-3.268,1.2,-0.733,1.406,24.55,33.5,1,4.039,-3.27,1,TRUE,TRUE,669.9,341.2,670.1,341.6,669.1,334.3,FALSE,63,0.49
6.976,436,TRACKING,-9.147,-4.272,-9.381,-4.487,-10.511,-3.319,1.462,-0.87,1.702,29.7,40.54,1,4.148,-3.214,1,TRUE,TRUE,676.2,338.1,677.5,338.5,669.4,334.6,FALSE,63,1.14
6.992,437,TRACKING,-9.078,-4.316,-9.319,-4.323,-10.443,-3.372,1.482,-1.078,1.833,31.98,43.59,1,4.233,-3.297,1,TRUE,TRUE,676.7,333.4,677.3,332.1,669.7,334.5,FALSE,63,1.27
7.008,438,TRACKING,-9.009,-4.36,-8.999,-4.361,-10.376,-3.425,1.233,-1.082,1.641,28.64,38.95,0.988,4.183,-3.32,1,TRUE,TRUE,670.9,333.5,671,334,669.8,334.6,FALSE,63,0.5
7.024,439,TRACKING,-8.939,-4.403,-8.993,-4.865,-10.309,-3.475,1.301,-0.601,1.433,25.02,34.21,0.966,4.18,-3.124,1,TRUE,TRUE,672.6,345.1,672.4,344.9,669.9,335.1,FALSE,63,0.5
7.04,440,TRACKING,-8.868,-4.446,-9.137,-4.46,-10.24,-3.526,1.531,-1.045,1.853,32.35,44.11,0.948,4.302,-3.169,1,TRUE,TRUE,678.4,334.7,678.6,334.9,670.2,335.2,FALSE,63,0.52
7.056,441,TRACKING,-8.797,-4.489,-8.922,-4.473,-10.172,-3.577,1.392,-1.071,1.756,30.65,41.75,0.935,4.289,-3.2,1,TRUE,TRUE,675.2,334.1,672.8,335,670.3,335.2,FALSE,63,1.17
7.072,442,TRACKING,-8.724,-4.532,-8.663,-4.772,-10.104,-3.627,1.206,-0.804,1.45,25.31,34.51,0.931,4.253,-3.13,1,TRUE,TRUE,670.9,340.2,671.1,339.7,670.4,335.5,FALSE,63,1.33
7.088,443,TRACKING,-8.652,-4.574,-8.805,-4.905,-10.034,-3.675,1.432,-0.697,1.593,27.8,38,0.938,4.342,-3.014,1,TRUE,TRUE,676.4,342.6,676.9,342.8,670.6,335.9,FALSE,63,0.52
7.104,444,TRACKING,-8.578,-4.615,-8.839,-4.487,-9.963,-3.726,1.554,-1.162,1.94,33.86,46.14,0.954,4.464,-3.159,1,TRUE,TRUE,679.4,331.4,679.5,330.8,671,335.8,FALSE,63,0.57
7.12,445,TRACKING,-8.504,-4.657,-8.47,-4.794,-9.892,-3.776,1.262,-0.889,1.544,26.94,36.72,0.977,4.425,-3.136,1,TRUE,TRUE,672.3,337.7,672.2,337.5,671.1,335.9,FALSE,63,0.49
7.136,446,TRACKING,-8.429,-4.698,-8.391,-5.061,-9.822,-3.824,1.262,-0.648,1.419,24.76,33.84,1,4.409,-3.016,1,TRUE,TRUE,672.2,343.3,672.6,342.8,671.1,336.3,FALSE,63,1.09
7.152,447,TRACKING,-8.354,-4.738,-8.635,-4.816,-9.749,-3.873,1.596,-0.928,1.846,32.22,44,1,4.539,-3.039,1,TRUE,TRUE,680.1,336.7,679.8,336.8,671.5,336.4,FALSE,63,1.24
7.168,448,TRACKING,-8.277,-4.779,-8.4,-4.712,-9.676,-3.923,1.446,-1.073,1.8,31.42,42.81,1,4.586,-3.111,1,TRUE,TRUE,676.4,333.4,676.8,333.9,671.7,336.4,FALSE,63,0.48
7.184,449,TRACKING,-8.201,-4.818,-8.037,-5.133,-9.604,-3.97,1.159,-0.677,1.342,23.42,31.98,1,4.497,-2.985,1,TRUE,TRUE,669.3,343,669.8,343.1,671.7,336.8,FALSE,63,0.52
7.2,450,TRACKING,-8.123,-4.858,-8.269,-5.139,-9.53,-4.017,1.478,-0.696,1.634,28.51,38.99,1,4.576,-2.891,1,TRUE,TRUE,676.8,342.8,677.3,343,671.9,337.1,FALSE,63,0.47
7.216,451,TRACKING,-8.045,-4.897,-8.205,-4.965,-9.433,-4.096,1.618,-1.066,1.938,33.82,46.13,1,6.068,-4.928,1,TRUE,TRUE,680.7,333.5,753.1,233.6,674.9,333.4,FALSE,63,1.19
7.232,452,TRACKING,-7.967,-4.936,-7.702,-5.315,-9.344,-4.168,1.181,-0.749,1.399,24.41,33.31,1,5.556,-4.509,1,TRUE,TRUE,670,341.2,664.6,336.4,674.7,333.5,FALSE,63,1.02
7.248,453,TRACKING,-7.887,-4.974,-7.672,-5.541,-9.259,-4.232,1.229,-0.54,1.342,23.43,32.05,1,5.311,-4.033,1,TRUE,TRUE,671.1,346.2,671.2,345.8,674.6,334,FALSE,63,0.48
7.264,454,TRACKING,-7.807,-5.012,-8.003,-5.338,-9.174,-4.292,1.653,-0.767,1.822,31.81,43.5,1,5.326,-3.763,1,TRUE,TRUE,681.4,340.8,681.1,341.7,674.9,334.4,FALSE,63,0.47
7.28,455,TRACKING,-7.727,-5.05,-7.629,-5.18,-9.091,-4.351,1.363,-0.958,1.666,29.08,39.64,0.994,5.219,-3.672,1,TRUE,TRUE,674.6,336.2,674.2,336.1,675,334.5,FALSE,63,0.49
7.296,456,TRACKING,-7.646,-5.087,-7.258,-5.73,-9.011,-4.405,1.064,-0.42,1.144,19.96,27.33,0.987,5.007,-3.36,1,TRUE,TRUE,667.5,348.7,666.7,349,674.8,335.1,FALSE,63,0.94
7.312,457,TRACKING,-7.564,-5.124,-7.631,-5.537,-8.929,-4.457,1.529,-0.634,1.655,28.88,39.52,0.985,5.084,-3.226,1,TRUE,TRUE,678.8,343.6,679.1,343.7,675,335.4,FALSE,63,1.19
7.328,458,TRACKING,-7.482,-5.16,-7.598,-5.381,-8.847,-4.508,1.589,-0.818,1.788,31.2,42.64,0.987,5.168,-3.217,1,TRUE,TRUE,680.4,339.2,680.3,338.6,675.3,335.6,FALSE,63,0.48
7.344,459,TRACKING,-7.399,-5.196,-7.009,-5.511,-8.766,-4.558,1.077,-0.711,1.291,22.53,30.73,0.99,5.025,-3.141,1,TRUE,TRUE,668.1,341.8,668.9,342.1,675.1,335.9,FALSE,63,0.48
7.36,460,TRACKING,-7.316,-5.232,-7.146,-5.929,-8.686,-4.605,1.297,-0.301,1.332,23.25,31.88,0.993,5.002,-2.899,1,TRUE,TRUE,673.4,351.6,673.3,351.6,675.2,336.6,FALSE,63,0.51
7.376,461,TRACKING,-7.232,-5.267,-7.459,-5.435,-8.604,-4.652,1.708,-0.824,1.896,33.09,45.25,0.992,5.143,-2.965,1,TRUE,TRUE,683.2,339.5,681.6,338.2,675.5,336.7,FALSE,63,1.11
7.392,462,TRACKING,-7.147,-5.302,-6.935,-5.583,-8.522,-4.699,1.268,-0.698,1.448,25.27,34.52,0.987,5.096,-2.921,1,TRUE,TRUE,672.6,342.7,673.2,342.8,675.5,337,FALSE,63,1.32
7.408,463,TRACKING,-7.062,-5.336,-6.689,-5.822,-8.443,-4.743,1.101,-0.471,1.198,20.9,28.6,0.979,4.988,-2.762,1,TRUE,TRUE,668.4,348.3,669,349.2,675.3,337.6,FALSE,63,0.52
7.424,464,TRACKING,-6.976,-5.37,-7.131,-5.887,-8.36,-4.785,1.641,-0.416,1.693,29.55,40.52,0.969,5.129,-2.619,1,TRUE,TRUE,681.2,349.7,681,350,675.6,338.1,FALSE,63,0.54
7.44,465,TRACKING,-6.89,-5.404,-6.923,-5.427,-8.277,-4.829,1.527,-0.906,1.775,30.99,42.3,0.961,5.196,-2.737,1,TRUE,TRUE,678.3,338.1,678.6,337.6,675.8,338.2,FALSE,63,0.54
7.456,466,TRACKING,-6.803,-5.437,-6.385,-5.894,-8.197,-4.871,1.066,-0.454,1.158,20.21,27.66,0.957,5.028,-2.641,1,TRUE,TRUE,667.1,348.6,666.7,347.1,675.6,338.6,FALSE,63,1.15
7.472,467,TRACKING,-6.716,-5.47,-6.668,-5.959,-8.116,-4.911,1.437,-0.399,1.491,26.03,35.68,0.959,5.046,-2.502,1,TRUE,TRUE,675.9,349.7,674.3,350.3,675.6,339.2,FALSE,63,2.31
7.488,468,TRACKING,-6.628,-5.502,-6.834,-5.75,-8.033,-4.951,1.704,-0.628,1.816,31.7,43.41,0.97,5.204,-2.502,1,TRUE,TRUE,682.4,344.1,682.1,344.3,675.9,339.5,FALSE,63,0.55
7.504,469,TRACKING,-6.54,-5.534,-6.264,-5.635,-7.951,-4.992,1.218,-0.766,1.439,25.12,34.28,0.987,5.121,-2.552,1,TRUE,TRUE,670.8,340.7,671,341.3,675.8,339.7,FALSE,63,0.51
7.52,470,TRACKING,-6.451,-5.565,-6.191,-6.147,-7.87,-5.03,1.231,-0.261,1.258,21.96,30.12,1,5.068,-2.373,1,TRUE,TRUE,671.2,352.6,671.4,352.4,675.7,340.2,FALSE,63,0.47
7.536,471,TRACKING,-6.362,-5.596,-6.563,-5.909,-7.786,-5.067,1.704,-0.513,1.78,31.07,42.58,1,5.224,-2.329,1,TRUE,TRUE,682.8,346.7,682,347.2,676,340.6,FALSE,63,0.96
7.552,472,TRACKING,-6.272,-5.627,-6.227,-5.71,-7.702,-5.105,1.465,-0.736,1.64,28.62,39.12,1,5.273,-2.394,1,TRUE,TRUE,677.3,341.6,678.1,341.6,676.2,340.8,FALSE,63,1.07
7.568,473,TRACKING,-6.182,-5.657,-5.833,-5.98,-7.619,-5.143,1.156,-0.481,1.252,21.85,29.9,1,5.172,-2.333,1,TRUE,TRUE,669.9,347.8,670.3,347.1,676.1,341.2,FALSE,63,0.48
7.584,474,TRACKING,-6.091,-5.687,-6.128,-6.195,-7.535,-5.178,1.55,-0.271,1.574,27.46,37.68,1,5.267,-2.175,1,TRUE,TRUE,679.5,353,679.6,352.8,676.3,341.7,FALSE,63,0.5
7.6,475,TRACKING,-6,-5.716,-6.133,-5.815,-7.449,-5.213,1.658,-0.672,1.789,31.23,42.74,1,5.382,-2.219,1,TRUE,TRUE,682.2,343.8,681.7,343.7,676.5,341.9,FALSE,63,0.5
7.616,476,TRACKING,-5.908,-5.745,-5.643,-5.861,-7.364,-5.249,1.257,-0.645,1.413,24.66,33.71,1,5.308,-2.247,1,TRUE,TRUE,672.6,344.5,672.8,343.6,676.5,342.1,FALSE,63,1.14
7.632,477,TRACKING,-5.816,-5.773,-5.654,-6.267,-7.279,-5.282,1.364,-0.244,1.385,24.18,33.17,1,5.324,-2.074,1,TRUE,TRUE,675,353.9,676.5,353.7,676.6,342.7,FALSE,63,1.14
7.648,478,TRACKING,-5.723,-5.801,-5.879,-6.047,-7.191,-5.315,1.694,-0.476,1.759,30.71,42.09,1,5.449,-2.024,1,TRUE,TRUE,682.9,348.3,682.4,349,676.9,343.1,FALSE,63,0.5
7.664,479,TRACKING,-5.63,-5.828,-5.55,-5.848,-7.104,-5.348,1.463,-0.695,1.62,28.27,38.65,0.976,5.459,-2.09,1,TRUE,TRUE,677.2,342.9,677.7,343.2,677,343.2,FALSE,63,0.5
7.68,480,TRACKING,-5.537,-5.855,-5.279,-6.118,-7.018,-5.38,1.282,-0.435,1.353,23.62,32.36,0.958,5.378,-2.018,1,TRUE,TRUE,672.6,348.8,672.5,349.4,676.9,343.6,FALSE,63,0.55
7.696,481,TRACKING,-5.443,-5.882,-5.478,-6.348,-6.931,-5.41,1.581,-0.21,1.595,27.83,38.2,0.948,5.43,-1.884,1,TRUE,TRUE,679.7,354,678.6,353.3,677,344.1,FALSE,63,1.28
7.712,482,TRACKING,-5.349,-5.908,-5.429,-5.872,-6.843,-5.442,1.637,-0.707,1.784,31.13,42.59,0.947,5.54,-1.966,1,TRUE,TRUE,681,342.3,682.3,343.2,677.3,344.3,FALSE,63,1.35
7.728,483,TRACKING,-5.254,-5.934,-5.06,-6.077,-6.755,-5.473,1.362,-0.518,1.457,25.42,34.81,0.954,5.475,-1.963,1,TRUE,TRUE,674.3,346.8,673.9,346.4,677.3,344.5,FALSE,63,0.52
7.744,484,TRACKING,-5.159,-5.959,-5.031,-6.312,-6.668,-5.503,1.428,-0.288,1.457,25.43,34.88,0.965,5.45,-1.846,1,TRUE,TRUE,675.9,352.4,675.1,352.3,677.3,345,FALSE,63,0.53
7.76,485,TRACKING,-5.063,-5.984,-5.172,-6.244,-6.579,-5.531,1.674,-0.365,1.713,29.9,41.01,0.978,5.555,-1.775,1,TRUE,TRUE,681.9,350.8,681.7,351,677.5,345.3,FALSE,63,0.49
7.776,486,TRACKING,-4.967,-6.008,-4.941,-5.859,-6.49,-5.562,1.545,-0.773,1.727,30.15,41.21,0.99,5.582,-1.905,1,TRUE,TRUE,679,341.4,678.6,341,677.6,345.4,FALSE,63,1.19
7.792,487,TRACKING,-4.871,-6.032,-4.672,-6.363,-6.402,-5.586,1.368,-0.255,1.392,24.29,33.32,0.999,5.493,-1.542,1,TRUE,TRUE,674.9,353.8,672.4,365.3,677.5,346.3,FALSE,63,1.41
7.808,488,TRACKING,-4.774,-6.055,-4.771,-6.288,-6.313,-5.611,1.571,-0.336,1.606,28.04,38.45,1,5.564,-1.509,1,TRUE,TRUE,679.9,352,679.9,352.1,677.7,346.7,FALSE,63,0.53
7.824,489,TRACKING,-4.677,-6.078,-4.793,-6.087,-6.222,-5.636,1.701,-0.553,1.788,31.21,42.76,1,5.672,-1.583,1,TRUE,TRUE,683.2,346.8,682.7,346.4,678,346.8,FALSE,63,0.5
7.84,490,TRACKING,-4.58,-6.1,-4.452,-6.031,-6.131,-5.662,1.46,-0.626,1.589,27.73,37.94,1,5.674,-1.662,1,TRUE,TRUE,677.6,344.9,678.1,344.8,678.1,347,FALSE,63,0.48
7.856,491,TRACKING,-4.482,-6.122,-4.318,-6.551,-6.041,-5.686,1.426,-0.105,1.429,24.95,34.24,0.997,5.653,-1.487,1,TRUE,TRUE,676.7,357,676.7,357.1,678.1,347.5,FALSE,63,1.21
7.872,492,TRACKING,-4.384,-6.144,-4.501,-6.138,-5.949,-5.711,1.717,-0.531,1.798,31.37,42.99,0.998,5.758,-1.537,1,TRUE,TRUE,683.7,346.7,683,347.1,678.4,347.7,FALSE,63,1.36
7.888,493,TRACKING,-4.286,-6.165,-4.327,-6.098,-5.855,-5.737,1.651,-0.588,1.753,30.59,41.9,1,5.817,-1.608,1,TRUE,TRUE,682.1,345.2,681.7,345,678.6,347.8,FALSE,63,0.5
7.904,494,TRACKING,-4.187,-6.185,-3.951,-6.324,-5.764,-5.761,1.372,-0.37,1.42,24.79,33.99,1,5.736,-1.554,1,TRUE,TRUE,675.2,350.3,674.5,350.7,678.5,348.1,FALSE,63,0.48
7.92,495,TRACKING,-4.088,-6.205,-4.063,-6.521,-5.671,-5.784,1.589,-0.174,1.598,27.9,38.29,1,5.781,-1.439,1,TRUE,TRUE,680.3,355,680.1,354.4,678.7,348.5,FALSE,63,0.5
7.936,496,TRACKING,-3.988,-6.225,-4.171,-6.024,-5.576,-5.809,1.812,-0.689,1.939,33.85,46.34,1,5.94,-1.545,1,TRUE,TRUE,685.5,343.1,686.8,343.9,679,348.5,FALSE,63,1.48
7.952,497,TRACKING,-3.888,-6.244,-3.733,-6.287,-5.482,-5.833,1.477,-0.435,1.539,26.87,36.82,1,5.905,-1.499,1,TRUE,TRUE,677.3,349.3,678,350.5,679.1,348.8,FALSE,63,1.29
7.968,498,TRACKING,-3.788,-6.262,-3.572,-6.52,-5.388,-5.855,1.413,-0.203,1.427,24.91,34.18,1,5.828,-1.389,1,TRUE,TRUE,675.7,355,674.9,354.4,679,349.2,FALSE,63,0.51
7.984,499,TRACKING,-3.688,-6.281,-3.872,-6.324,-5.293,-5.877,1.828,-0.407,1.873,32.69,44.83,1,5.976,-1.376,1,TRUE,TRUE,685.7,350.3,686.1,350.4,679.4,349.4,FALSE,63,0.55
8,500,TRACKING,-3.587,-6.298,-3.631,-6.093,-5.196,-5.901,1.696,-0.654,1.818,31.72,43.43,1,6.02,-1.475,1,TRUE,TRUE,682.6,344.5,682.1,344.5,679.6,349.5,FALSE,63,0.51
8.016,501,TRACKING,-3.486,-6.315,-3.17,-6.522,-5.102,-5.923,1.33,-0.226,1.349,23.54,32.3,1,5.901,-1.353,1,TRUE,TRUE,673.9,354.5,673.4,354.8,679.5,349.9,FALSE,63,1.11
8.032,502,TRACKING,-3.385,-6.332,-3.412,-6.515,-5.007,-5.943,1.681,-0.236,1.697,29.62,40.65,0.994,5.963,-1.29,1,TRUE,TRUE,682.4,354.1,681.6,353.2,679.6,350.2,FALSE,63,1.32
8.048,503,TRACKING,-3.284,-6.348,-3.51,-6.157,-4.909,-5.966,1.896,-0.61,1.992,34.77,47.64,0.968,6.129,-1.395,1,TRUE,TRUE,687.9,345.1,687.9,344.8,680,350.2,FALSE,63,0.51
8.064,504,TRACKING,-3.182,-6.364,-2.933,-6.357,-4.812,-5.988,1.421,-0.417,1.481,25.84,35.42,0.947,6.065,-1.377,1,TRUE,TRUE,676.6,349.5,677.2,349.9,680,350.4,FALSE,63,0.48
8.08,505,TRACKING,-3.08,-6.379,-2.872,-6.63,-4.715,-6.008,1.463,-0.144,1.47,25.65,35.21,0.932,6.037,-1.265,1,TRUE,TRUE,677.7,355.8,678.1,355.1,680,350.7,FALSE,63,0.55
8.096,506,TRACKING,-2.978,-6.394,-3.235,-6.382,-4.615,-6.028,1.947,-0.398,1.987,34.68,47.58,0.928,6.235,-1.264,1,TRUE,TRUE,689.5,349.8,689.9,350.5,680.5,350.9,FALSE,63,1.1
8.112,507,TRACKING,-2.876,-6.408,-2.825,-6.173,-4.515,-6.049,1.649,-0.619,1.761,30.74,42.1,0.935,6.282,-1.332,1,TRUE,TRUE,682.3,344.6,683.9,346.7,680.7,351,FALSE,63,1.32
8.128,508,TRACKING,-2.773,-6.421,-2.4,-6.654,-4.416,-6.069,1.32,-0.134,1.327,23.16,31.79,0.951,6.142,-1.192,1,TRUE,TRUE,674.3,356.2,674,356.9,680.6,351.4,FALSE,63,0.56
8.144,509,TRACKING,-2.67,-6.435,-2.774,-6.524,-4.316,-6.087,1.811,-0.266,1.83,31.94,43.83,0.972,6.264,-1.152,1,TRUE,TRUE,686,353.4,686.3,353.2,680.9,351.7,FALSE,63,0.49
8.16,510,TRACKING,-2.567,-6.447,-2.731,-6.291,-4.214,-6.107,1.885,-0.51,1.953,34.08,46.73,0.996,6.388,-1.235,1,TRUE,TRUE,687.7,347.8,687.7,347.1,681.2,351.7,FALSE,63,0.48
8.176,511,TRACKING,-2.464,-6.459,-2.104,-6.375,-4.114,-6.127,1.356,-0.433,1.423,24.84,34.04,1,6.251,-1.249,1,TRUE,TRUE,674.8,349.8,674.8,349.6,681.1,351.8,FALSE,63,2.07
8.192,512,TRACKING,-2.36,-6.471,-2.216,-6.796,-4.014,-6.144,1.574,-0.002,1.574,27.46,37.7,1,6.243,-1.063,1,TRUE,TRUE,679.9,360,679.7,360,681.2,352.3,FALSE,63,1.63
8.208,513,TRACKING,-2.257,-6.482,-2.512,-6.316,-3.911,-6.162,1.99,-0.49,2.049,35.76,49.04,1,6.418,-1.126,1,TRUE,TRUE,689.8,348.4,689.5,349,681.6,352.4,FALSE,63,0.5
8.224,514,TRACKING,-2.153,-6.493,-1.974,-6.377,-3.809,-6.18,1.557,-0.434,1.616,28.21,38.67,1,6.371,-1.154,1,TRUE,TRUE,679.3,349.5,679.4,349.9,681.6,352.5,FALSE,63,0.49
8.24,515,TRACKING,-2.049,-6.503,-1.704,-6.605,-3.709,-6.198,1.385,-0.206,1.4,24.44,33.53,1,6.253,-1.095,1,TRUE,TRUE,675.2,354.7,674.6,354.1,681.5,352.8,FALSE,63,0.51
8.256,516,TRACKING,-1.945,-6.513,-2.105,-6.713,-3.607,-6.214,1.904,-0.093,1.906,33.27,45.68,1,6.412,-1.003,1,TRUE,TRUE,687.7,357.2,688.1,356.6,681.8,353.1,FALSE,63,1.28
8.272,517,TRACKING,-1.841,-6.522,-1.889,-6.2,-3.503,-6.232,1.802,-0.619,1.906,33.26,45.56,1,6.489,-1.142,1,TRUE,TRUE,685.5,344.7,685.5,345.3,682,353,FALSE,63,1.2
8.288,518,TRACKING,-1.736,-6.531,-1.349,-6.618,-3.401,-6.249,1.36,-0.199,1.374,23.99,32.92,1,6.351,-1.083,1,TRUE,TRUE,675,354.5,674.5,354,681.9,353.3,FALSE,63,0.48
8.304,519,TRACKING,-1.632,-6.539,-1.57,-6.698,-3.299,-6.265,1.691,-0.113,1.695,29.58,40.61,1,6.398,-0.98,1,TRUE,TRUE,683.1,356.7,682.6,357.1,682,353.6,FALSE,63,0.47
8.32,520,TRACKING,-1.527,-6.546,-1.704,-6.514,-3.194,-6.281,1.944,-0.298,1.967,34.33,47.11,1,6.556,-0.986,1,TRUE,TRUE,689.4,352.5,689.2,352.5,682.4,353.8,FALSE,63,0.5
8.336,521,TRACKING,-1.422,-6.553,-1.162,-6.299,-3.09,-6.298,1.506,-0.521,1.594,27.82,38.11,1,6.49,-1.084,1,TRUE,TRUE,678.9,347.5,678.7,347.4,682.3,353.7,FALSE,63,1.28
8.352,522,TRACKING,-1.317,-6.56,-1.04,-6.831,-2.987,-6.313,1.491,0.024,1.491,26.02,35.72,1,6.467,-0.907,1,TRUE,TRUE,678.6,360.5,680,360.8,682.4,354.2,FALSE,63,1.32
8.368,523,TRACKING,-1.212,-6.566,-1.338,-6.598,-2.881,-6.327,1.906,-0.206,1.918,33.47,45.94,1,6.604,-0.889,1,TRUE,TRUE,688.6,355.2,688.3,354.5,682.7,354.4,FALSE,63,0.5
8.384,524,TRACKING,-1.107,-6.572,-1.04,-6.386,-2.775,-6.342,1.719,-0.422,1.77,30.9,42.37,1,6.622,-0.95,1,TRUE,TRUE,684.1,350.2,683.3,350.4,682.8,354.5,FALSE,63,0.48
8.4,525,TRACKING,-1.002,-6.577,-0.646,-6.56,-2.671,-6.357,1.427,-0.245,1.448,25.27,34.67,1,6.533,-0.931,1,TRUE,TRUE,676.9,354.2,677.5,353.9,682.7,354.6,FALSE,63,0.52
8.416,526,TRACKING,-0.897,-6.582,-0.839,-6.855,-2.565,-6.37,1.733,0.063,1.734,30.26,41.54,0.989,6.599,-0.786,1,TRUE,TRUE,684.1,361.3,684.6,360.8,682.9,355.1,FALSE,63,1.28
8.432,527,TRACKING,-0.791,-6.586,-0.847,-6.428,-2.458,-6.383,1.857,-0.365,1.893,33.03,45.32,0.973,6.71,-0.842,1,TRUE,TRUE,686.9,351,687.7,351.8,683.2,355.1,FALSE,63,1.17
8.448,528,TRACKING,-0.686,-6.589,-0.411,-6.447,-2.351,-6.397,1.525,-0.347,1.564,27.3,37.44,0.956,6.637,-0.89,1,TRUE,TRUE,678.8,351.2,678.9,351.4,683.1,355.2,FALSE,63,0.56
8.464,529,TRACKING,-0.58,-6.592,-0.333,-6.805,-2.246,-6.41,1.552,0.024,1.552,27.09,37.19,0.944,6.594,-0.766,1,TRUE,TRUE,679.3,359.9,679.4,359.9,683.1,355.6,FALSE,63,0.5
8.48,530,TRACKING,-0.475,-6.595,-0.504,-6.669,-2.139,-6.421,1.837,-0.103,1.84,32.11,44.08,0.938,6.69,-0.717,1,TRUE,TRUE,686.2,356.9,686.3,357.4,683.3,355.8,FALSE,63,0.47
8.496,531,TRACKING,-0.369,-6.597,-0.259,-6.372,-2.032,-6.434,1.7,-0.402,1.746,30.48,41.8,0.942,6.683,-0.797,1,TRUE,TRUE,682.9,350,681.7,351,683.4,355.9,FALSE,63,1.34
8.512,532,TRACKING,-0.264,-6.598,0,-6.84,-1.935,-6.479,1.499,-0.094,1.502,26.21,35.98,0.956,6.076,-2.834,1,TRUE,TRUE,677.9,356.6,648.6,245.2,682.2,352.1,FALSE,63,1.45
8.528,533,TRACKING,-0.158,-6.599,-0.095,-7.087,-1.835,-6.514,1.703,0.174,1.712,29.88,41.01,0.977,6.231,-2.205,1,TRUE,TRUE,683,363.3,682.5,362.8,682.3,352.6,FALSE,63,0.54
8.544,534,TRACKING,-0.053,-6.6,-0.11,-6.658,-1.732,-6.545,1.834,-0.249,1.851,32.31,44.34,1,6.419,-1.923,1,TRUE,TRUE,686.4,353.7,686.7,353.5,682.6,352.8,FALSE,63,0.48
8.56,535,TRACKING,0.053,-6.6,0.226,-6.76,-1.629,-6.572,1.604,-0.134,1.61,28.09,38.56,1,6.454,-1.654,1,TRUE,TRUE,681.1,356.6,680.8,357.1,682.6,353.1,FALSE,63,0.47
8.576,536,TRACKING,0.159,-6.599,0.379,-7.038,-1.526,-6.593,1.556,0.164,1.565,27.31,37.48,1,6.459,-1.35,1,TRUE,TRUE,680.1,363.8,679.7,362.9,682.6,353.6,FALSE,63,1.22
8.592,537,TRACKING,0.264,-6.598,0.259,-6.999,-1.417,-6.615,1.806,0.128,1.811,31.6,43.39,1,6.77,-1.354,1,TRUE,TRUE,686.3,362.8,696.4,350.6,683.2,353.6,FALSE,63,1.48
8.608,538,TRACKING,0.37,-6.597,0.41,-6.583,-1.308,-6.636,1.768,-0.281,1.79,31.25,42.88,1,6.816,-1.315,1,TRUE,TRUE,685.4,353,685.8,352.9,683.3,353.7,FALSE,63,0.54
8.624,539,TRACKING,0.475,-6.595,0.774,-7.044,-1.201,-6.653,1.508,0.205,1.521,26.55,36.44,1,6.736,-1.064,1,TRUE,TRUE,679.1,364.3,679.3,364.8,683.3,354.3,FALSE,63,0.5
8.64,540,TRACKING,0.581,-6.592,0.745,-7.025,-1.093,-6.667,1.643,0.21,1.657,28.91,39.68,1,6.726,-0.867,1,TRUE,TRUE,682.2,364.3,681.8,365,683.3,354.8,FALSE,63,0.49
8.656,541,TRACKING,0.686,-6.589,0.636,-6.798,-0.984,-6.68,1.868,0.001,1.868,32.6,44.76,1,6.822,-0.807,1,TRUE,TRUE,687.5,359.3,687.3,360,683.6,355.1,FALSE,63,1.09
8.672,542,TRACKING,0.792,-6.586,0.996,-6.671,-0.875,-6.693,1.613,-0.113,1.617,28.21,38.73,1,6.775,-0.822,1,TRUE,TRUE,681.2,356.6,680.5,356.5,683.5,355.3,FALSE,63,1.41
8.688,543,TRACKING,0.897,-6.582,1.238,-7.197,-0.768,-6.702,1.471,0.445,1.537,26.82,36.76,0.988,6.698,-0.583,1,TRUE,TRUE,677.6,369.9,678,369.6,683.4,356,FALSE,63,0.48
8.704,544,TRACKING,1.002,-6.577,1.008,-6.802,-0.66,-6.711,1.815,0.069,1.816,31.7,43.52,0.975,6.791,-0.553,1,TRUE,TRUE,685.8,361.3,686.3,361.1,683.6,356.4,FALSE,63,0.53
8.72,545,TRACKING,1.107,-6.572,1.139,-6.702,-0.55,-6.72,1.796,-0.013,1.796,31.34,43.03,0.969,6.856,-0.549,1,TRUE,TRUE,685.3,359.6,685.8,359.7,683.8,356.6,FALSE,63,0.47
8.736,546,TRACKING,1.212,-6.566,1.616,-6.859,-0.442,-6.727,1.417,0.171,1.427,24.91,34.18,0.969,6.742,-0.425,1,TRUE,TRUE,676.1,364.2,676.6,365.8,683.6,357.1,FALSE,63,1.2
8.752,547,TRACKING,1.317,-6.56,1.514,-7.107,-0.334,-6.73,1.623,0.453,1.685,29.41,40.31,0.973,6.725,-0.232,1,TRUE,TRUE,681.1,371,680.4,370.7,683.6,357.8,FALSE,63,1.39
8.768,548,TRACKING,1.422,-6.553,1.332,-6.554,-0.225,-6.735,1.92,-0.084,1.922,33.54,46.05,0.98,6.856,-0.303,1,TRUE,TRUE,688.4,358.3,688.2,358.6,683.8,358,FALSE,63,0.49
8.784,549,TRACKING,1.527,-6.546,1.822,-6.766,-0.116,-6.739,1.531,0.151,1.539,26.85,36.86,0.985,6.796,-0.263,1,TRUE,TRUE,679.2,363.7,679.3,363.2,683.8,358.4,FALSE,63,0.48
8.8,550,TRACKING,1.632,-6.539,2.043,-6.96,-0.009,-6.735,1.408,0.376,1.458,25.44,34.88,0.988,6.711,0.262,1,TRUE,TRUE,676.4,369,677,368.8,683.6,359,FALSE,63,0.5
8.816,551,TRACKING,1.736,-6.531,1.686,-6.816,0.101,-6.735,1.879,0.258,1.896,33.1,45.43,0.987,6.83,0.023,1,TRUE,TRUE,687.8,365.9,687,365,683.8,359.4,FALSE,63,2.45
8.832,552,TRACKING,1.841,-6.522,1.929,-6.467,0.211,-6.737,1.744,-0.075,1.746,30.47,41.83,0.983,6.878,-0.152,1,TRUE,TRUE,684.8,357.9,684.6,358,683.9,359.5,FALSE,63,1.24
8.848,553,TRACKING,1.945,-6.513,2.456,-6.897,0.318,-6.742,1.311,0.386,1.366,23.85,32.68,0.977,6.722,-0.262,1,TRUE,TRUE,674.4,368.5,673.9,368.6,683.6,360,FALSE,63,0.5
8.864,554,TRACKING,2.049,-6.503,2.197,-6.88,0.426,-6.747,1.675,0.4,1.722,30.06,41.22,0.973,6.763,-0.335,1,TRUE,TRUE,683.1,368.9,682.6,368.8,683.7,360.6,FALSE,63,0.51
8.88,555,TRACKING,2.153,-6.493,2.072,-6.535,0.537,-6.753,1.915,0.075,1.916,33.44,45.92,0.973,6.906,-0.394,1,TRUE,TRUE,688.9,361.4,688.7,361,683.9,360.8,FALSE,63,0.51
8.896,556,TRACKING,2.257,-6.482,2.687,-6.605,0.646,-6.75,1.396,0.167,1.406,24.54,33.68,0.979,6.804,0.197,1,TRUE,TRUE,676.3,363.9,677,362.3,683.8,361,FALSE,63,1.18
8.912,557,TRACKING,2.361,-6.471,2.761,-6.921,0.754,-6.744,1.419,0.522,1.512,26.39,36.14,0.991,6.732,0.356,1,TRUE,TRUE,676.7,372.5,677.3,373.3,683.6,361.7,FALSE,63,1.4
8.928,558,TRACKING,2.464,-6.459,2.374,-6.631,0.864,-6.739,1.92,0.261,1.938,33.82,46.41,1,6.884,0.365,1,TRUE,TRUE,688.6,366.6,688.6,366.8,683.9,362.1,FALSE,63,0.48
8.944,559,TRACKING,2.567,-6.447,2.785,-6.383,0.973,-6.734,1.611,0.033,1.611,28.12,38.61,1,6.86,0.274,1,TRUE,TRUE,681,361.3,680.8,361,683.8,362.3,FALSE,63,0.49
8.96,560,TRACKING,2.67,-6.435,3.224,-6.777,1.08,-6.728,1.261,0.461,1.343,23.44,32.09,1,6.69,0.395,1,TRUE,TRUE,672.4,371.4,672.4,370.7,683.5,362.8,FALSE,63,0.52
8.976,561,TRACKING,2.773,-6.421,2.849,-6.71,1.189,-6.72,1.743,0.429,1.795,31.34,42.97,1,6.786,0.489,1,TRUE,TRUE,684,370.5,684.8,370.5,683.6,363.3,FALSE,63,1.17
8.992,562,TRACKING,2.876,-6.408,2.884,-6.394,1.299,-6.713,1.816,0.134,1.821,31.79,43.64,1,6.873,0.411,1,TRUE,TRUE,685.7,363.4,685.5,362,683.7,363.5,FALSE,63,1.52
9.008,563,TRACKING,2.978,-6.393,3.501,-6.425,1.406,-6.707,1.289,0.192,1.303,22.74,31.2,1,6.71,0.418,1,TRUE,TRUE,673.1,364.5,672.9,365.1,683.4,363.8,FALSE,63,0.5
9.024,564,TRACKING,3.08,-6.379,3.403,-6.823,1.513,-6.697,1.483,0.631,1.612,28.13,38.49,1,6.68,0.61,1,TRUE,TRUE,677.9,374.7,678,374.8,683.3,364.4,FALSE,63,0.51
9.04,565,TRACKING,3.182,-6.364,3.119,-6.367,1.623,-6.688,1.878,0.202,1.889,32.96,45.25,1,6.831,0.583,1,TRUE,TRUE,687.5,364.5,687.6,365.2,683.5,364.7,FALSE,63,0.5
9.056,566,TRACKING,3.284,-6.348,3.625,-6.32,1.731,-6.679,1.469,0.181,1.48,25.83,35.44,1,6.776,0.564,1,TRUE,TRUE,677.9,364.1,678.3,364.9,683.4,364.9,FALSE,63,1.21
9.072,567,TRACKING,3.386,-6.332,3.894,-6.521,1.837,-6.668,1.288,0.416,1.354,23.62,32.36,0.975,6.64,0.644,1,TRUE,TRUE,673.6,369.7,673.1,369.7,683,365.3,FALSE,63,1.42
9.088,568,TRACKING,3.487,-6.315,3.535,-6.639,1.945,-6.656,1.754,0.574,1.845,32.21,44.13,0.953,6.761,0.796,1,TRUE,TRUE,685,373.7,685.5,374.2,683.2,365.9,FALSE,63,0.52
9.104,569,TRACKING,3.588,-6.298,3.719,-6.076,2.054,-6.645,1.671,0.031,1.672,29.18,40.06,0.94,6.801,0.671,1,TRUE,TRUE,683.1,361.1,682.6,361,683.2,365.9,FALSE,63,0.56
9.12,570,TRACKING,3.688,-6.281,4.218,-6.41,2.161,-6.633,1.26,0.398,1.322,23.07,31.6,0.936,6.656,0.744,1,TRUE,TRUE,673.2,370,673,369.6,682.9,366.3,FALSE,63,0.5
9.136,571,TRACKING,3.789,-6.262,4.05,-6.491,2.267,-6.619,1.524,0.518,1.61,28.1,38.49,0.942,6.643,0.876,1,TRUE,TRUE,679.4,372.9,678.3,373.5,682.8,366.8,FALSE,63,1.26
9.152,572,TRACKING,3.889,-6.244,3.92,-6.309,2.375,-6.604,1.759,0.37,1.798,31.38,43.04,0.955,6.755,0.914,1,TRUE,TRUE,685,369.4,685.1,369.8,682.9,367.2,FALSE,63,1.51
9.168,573,TRACKING,3.988,-6.225,4.38,-5.986,2.482,-6.591,1.389,0.069,1.391,24.27,33.32,0.972,6.661,0.803,1,TRUE,TRUE,675.9,362.2,675.3,362,682.7,367.2,FALSE,63,0.48
9.184,574,TRACKING,4.088,-6.205,4.526,-6.503,2.587,-6.576,1.331,0.629,1.473,25.7,35.14,0.99,6.563,0.972,1,TRUE,TRUE,674.3,375.2,673.8,375.3,682.4,367.8,FALSE,63,0.5
9.2,575,TRACKING,4.187,-6.185,4.28,-6.267,2.693,-6.56,1.677,0.427,1.731,30.2,41.41,1,6.637,1.004,1,TRUE,TRUE,682.5,370.2,682.1,369.9,682.4,368.1,FALSE,63,0.5
9.216,576,TRACKING,4.286,-6.165,4.492,-6.026,2.799,-6.545,1.561,0.213,1.575,27.5,37.73,1,6.647,0.953,1,TRUE,TRUE,679.6,365,679.6,365.5,682.3,368.2,FALSE,63,1.33
9.232,577,TRACKING,4.384,-6.144,4.854,-6.086,2.904,-6.529,1.284,0.304,1.32,23.04,31.59,1,6.524,0.961,1,TRUE,TRUE,672.9,367.1,672.5,367.8,682,368.5,FALSE,63,1.51
9.248,578,TRACKING,4.482,-6.122,4.745,-6.431,3.008,-6.511,1.486,0.693,1.64,28.62,39.14,1,6.529,1.128,1,TRUE,TRUE,677.7,376.3,678,376.2,681.9,369,FALSE,63,0.49
9.264,579,TRACKING,4.58,-6.1,4.688,-5.953,3.114,-6.494,1.64,0.244,1.658,28.95,39.72,1,6.593,1.077,1,TRUE,TRUE,681.5,365.9,681.4,366.4,681.9,369.2,FALSE,63,0.5
9.28,580,TRACKING,4.678,-6.078,5.032,-5.922,3.218,-6.477,1.385,0.242,1.406,24.53,33.66,1,6.52,1.043,1,TRUE,TRUE,675.5,366,674.8,366.4,681.7,369.3,FALSE,63,0.49
9.296,581,TRACKING,4.775,-6.055,5.184,-6.203,3.321,-6.458,1.319,0.566,1.435,25.04,34.26,1,6.438,1.182,1,TRUE,TRUE,674,373.9,673.4,375.1,681.4,369.8,FALSE,63,1.26
9.312,582,TRACKING,4.871,-6.032,5.034,-6.133,3.425,-6.438,1.564,0.536,1.653,28.85,39.53,1,6.5,1.272,1,TRUE,TRUE,680.1,373.4,680.4,374,681.4,370.2,FALSE,63,1.48
9.328,583,TRACKING,4.968,-6.008,5.162,-5.724,3.529,-6.419,1.53,0.154,1.538,26.84,36.84,1,6.53,1.18,1,TRUE,TRUE,679.4,364.5,679.5,365.1,681.3,370.3,FALSE,63,0.5
9.344,584,TRACKING,5.064,-5.984,5.494,-5.962,3.632,-6.4,1.283,0.427,1.352,23.6,32.32,1,6.438,1.211,1,TRUE,TRUE,673.6,370.8,673.3,370.3,681,370.5,FALSE,63,0.48
9.36,585,TRACKING,5.159,-5.959,5.484,-6.158,3.735,-6.378,1.381,0.668,1.534,26.78,36.61,1,6.43,1.346,1,TRUE,TRUE,676,376.4,676.8,376.2,680.9,371,FALSE,63,0.49
9.376,586,TRACKING,5.254,-5.934,5.374,-5.744,3.839,-6.358,1.587,0.284,1.612,28.13,38.6,1,6.492,1.282,1,TRUE,TRUE,680.9,367.1,680.6,366.9,680.9,371.1,FALSE,63,1.25
9.392,587,TRACKING,5.349,-5.908,5.662,-5.705,3.942,-6.338,1.387,0.275,1.414,24.68,33.85,1,6.463,1.235,1,TRUE,TRUE,676,366.7,676.5,366.9,680.7,371.2,FALSE,63,3.82
9.408,588,TRACKING,5.443,-5.882,5.91,-5.995,4.044,-6.316,1.22,0.607,1.363,23.78,32.51,1,6.354,1.345,1,TRUE,TRUE,671.8,374.4,671.9,374.5,680.4,371.6,FALSE,63,0.51
9.424,589,TRACKING,5.537,-5.855,5.733,-5.916,4.146,-6.294,1.488,0.568,1.592,27.79,38.05,1,6.389,1.418,1,TRUE,TRUE,678.1,373.4,678.4,373.8,680.3,371.9,FALSE,63,0.51
9.44,590,TRACKING,5.631,-5.828,5.775,-5.466,4.249,-6.273,1.536,0.142,1.543,26.93,36.97,0.995,6.427,1.273,1,TRUE,TRUE,679.1,363.4,679.1,362.9,680.3,371.8,FALSE,63,0.55
9.456,591,TRACKING,5.724,-5.801,6.196,-5.829,4.35,-6.252,1.195,0.546,1.314,22.93,31.36,0.972,6.312,1.359,1,TRUE,TRUE,670.7,373.1,671.3,373.3,680,372.1,FALSE,63,2.28
9.472,592,TRACKING,5.816,-5.773,6.191,-5.859,4.45,-6.228,1.28,0.619,1.422,24.82,33.94,0.95,6.234,1.466,1,TRUE,TRUE,672.7,375.1,672,375.4,679.7,372.5,FALSE,63,8.04
9.488,593,TRACKING,5.908,-5.745,5.967,-5.596,4.551,-6.205,1.597,0.391,1.644,28.69,39.34,0.935,6.323,1.442,1,TRUE,TRUE,680.3,369.9,680.2,369.6,679.7,372.7,FALSE,63,2.68
9.504,594,TRACKING,6,-5.716,6.322,-5.398,4.651,-6.183,1.323,0.224,1.342,23.41,32.12,0.929,6.263,1.369,1,TRUE,TRUE,673.7,366.1,673.4,366.5,679.4,372.7,FALSE,63,2.49
9.52,595,TRACKING,6.091,-5.686,6.626,-5.902,4.75,-6.158,1.094,0.777,1.342,23.42,31.92,0.933,6.138,1.544,1,TRUE,TRUE,668.3,379.2,669.1,378.8,679,373.2,FALSE,63,2.41
9.536,596,TRACKING,6.182,-5.657,6.315,-5.537,4.848,-6.133,1.491,0.451,1.557,27.18,37.25,0.948,6.18,1.565,1,TRUE,TRUE,677.9,371.5,676.8,372.7,678.9,373.4,FALSE,63,3.49
9.552,597,TRACKING,6.272,-5.627,6.381,-5.378,4.947,-6.11,1.509,0.321,1.543,26.93,36.94,0.969,6.188,1.443,1,TRUE,TRUE,678.6,368.3,675.7,365.1,678.8,373.3,FALSE,63,1.48
9.568,598,TRACKING,6.362,-5.596,6.908,-5.483,5.044,-6.087,1.052,0.462,1.149,20.06,27.44,0.995,6.032,1.456,1,TRUE,TRUE,667.7,371.4,666.9,370.7,678.3,373.5,FALSE,63,0.49
9.584,599,TRACKING,6.451,-5.565,6.782,-5.777,5.14,-6.061,1.257,0.805,1.493,26.06,35.55,1,6.012,1.613,1,TRUE,TRUE,672.7,379.3,672.5,378.5,678.1,373.9,FALSE,63,0.51
9.6,600,TRACKING,6.54,-5.534,6.52,-5.196,5.239,-6.037,1.611,0.255,1.631,28.47,39.06,1,6.15,1.509,1,TRUE,TRUE,681.4,366.2,681.1,366.4,678.1,373.9,FALSE,63,0.5
9.616,601,TRACKING,6.629,-5.502,7.026,-5.352,5.336,-6.013,1.182,0.448,1.264,22.07,30.21,1,6.08,1.509,1,TRUE,TRUE,671.1,370.7,671.7,370.6,677.9,374,FALSE,63,1.18
9.632,602,TRACKING,6.716,-5.469,7.381,-5.757,5.452,-6.024,1.002,0.71,1.228,21.44,29.22,1,7.234,-0.721,1,TRUE,TRUE,667.2,376,738,251.4,679.9,369.9,FALSE,63,1.38
9.648,603,TRACKING,6.804,-5.437,6.974,-5.695,5.564,-6.026,1.495,0.697,1.65,28.79,39.38,1,7.045,-0.103,1,TRUE,TRUE,678.8,376.1,679,376.3,679.9,370.3,FALSE,63,0.49
9.664,604,TRACKING,6.89,-5.404,7.199,-5.268,5.674,-6.023,1.348,0.305,1.382,24.12,33.07,1,6.829,0.173,1,TRUE,TRUE,675,367.2,674.3,367.3,679.7,370.3,FALSE,63,0.51
9.68,605,TRACKING,6.976,-5.37,7.741,-5.696,5.777,-6.014,0.867,0.786,1.17,20.43,27.77,1,6.476,0.571,1,TRUE,TRUE,663.2,378.9,663.5,378.2,679.1,370.8,FALSE,63,0.48
9.696,606,TRACKING,7.062,-5.336,7.453,-5.679,5.879,-6,1.23,0.822,1.479,25.82,35.22,1,6.367,0.884,1,TRUE,TRUE,671.7,380,672.1,379.3,678.8,371.3,FALSE,63,1.34
9.712,607,TRACKING,7.147,-5.302,7.289,-5.353,5.981,-5.984,1.475,0.543,1.572,27.44,37.57,1,6.377,1.017,1,TRUE,TRUE,677.5,373.5,677.2,373.9,678.7,371.5,FALSE,63,1.38
9.728,608,TRACKING,7.232,-5.267,7.887,-5.306,6.079,-5.966,0.939,0.542,1.084,18.92,25.84,0.995,6.15,1.116,1,TRUE,TRUE,664.5,373.5,664.3,373.9,678.2,371.8,FALSE,63,0.51
9.744,609,TRACKING,7.316,-5.232,7.941,-5.681,6.175,-5.944,0.947,0.977,1.361,23.75,32.25,0.993,5.976,1.373,1,TRUE,TRUE,664.6,383.6,664.4,383.5,677.7,372.4,FALSE,63,0.47
9.76,610,TRACKING,7.399,-5.196,7.528,-5.374,6.272,-5.921,1.441,0.72,1.611,28.11,38.43,0.995,6.07,1.454,1,TRUE,TRUE,676.5,377.4,677.1,377.2,677.6,372.7,FALSE,63,0.49
9.776,611,TRACKING,7.482,-5.16,7.9,-5.105,6.368,-5.898,1.137,0.497,1.241,21.66,29.63,0.998,5.989,1.447,1,TRUE,TRUE,669.3,372,669,373.2,677.3,372.9,FALSE,63,1.22
9.792,612,TRACKING,7.564,-5.124,8.307,-5.41,6.46,-5.872,0.786,0.86,1.165,20.33,27.59,0.999,5.776,1.615,1,TRUE,TRUE,660.9,380.4,660.9,382.2,676.6,373.5,FALSE,63,1.28
9.808,613,TRACKING,7.646,-5.087,7.928,-5.427,6.553,-5.844,1.237,0.936,1.551,27.07,36.87,0.996,5.808,1.756,1,TRUE,TRUE,671.9,382.2,671.9,382.6,676.4,374,FALSE,63,0.63
9.824,614,TRACKING,7.727,-5.05,7.929,-5.038,6.647,-5.816,1.311,0.594,1.439,25.12,34.35,0.99,5.859,1.722,1,TRUE,TRUE,673.9,374.2,673.7,374.7,676.2,374.2,FALSE,63,0.52
9.84,615,TRACKING,7.808,-5.012,8.484,-5.036,6.738,-5.789,0.813,0.64,1.035,18.06,24.59,0.979,5.685,1.722,1,TRUE,TRUE,662,375.5,662.4,375.6,675.7,374.4,FALSE,63,0.48
9.856,616,TRACKING,7.887,-4.974,8.386,-5.405,6.828,-5.758,0.972,1.074,1.448,25.28,34.3,0.967,5.6,1.93,1,TRUE,TRUE,665.8,385.9,665.3,386.4,675.2,375.1,FALSE,63,3.71
9.872,617,TRACKING,7.967,-4.936,8.098,-5.004,6.919,-5.727,1.334,0.723,1.518,26.49,36.19,0.956,5.694,1.926,1,TRUE,TRUE,674.6,377.9,674.3,377.3,675.1,375.4,FALSE,63,1.59
9.888,618,TRACKING,8.045,-4.897,8.516,-4.854,7.008,-5.696,0.977,0.621,1.158,20.21,27.57,0.95,5.598,1.899,1,TRUE,TRUE,665.9,375.7,665.5,375.7,674.7,375.6,FALSE,63,0.56
9.904,619,TRACKING,8.123,-4.858,8.757,-5.043,7.096,-5.664,0.791,0.867,1.174,20.49,27.8,0.951,5.451,2.004,1,TRUE,TRUE,661.3,381.5,661.7,382,674.1,376,FALSE,63,0.57
9.92,620,TRACKING,8.201,-4.818,8.431,-5.175,7.184,-5.63,1.186,1.063,1.593,27.8,37.81,0.961,5.499,2.162,1,TRUE,TRUE,670.6,386.1,670.8,385.8,673.9,376.6,FALSE,63,0.48
9.936,621,TRACKING,8.278,-4.778,8.541,-4.595,7.272,-5.597,1.143,0.528,1.259,21.98,30.06,0.979,5.517,2.059,1,TRUE,TRUE,669.4,373.3,670.1,373.4,673.7,376.7,FALSE,63,1.29
9.952,622,TRACKING,8.354,-4.738,8.959,-4.841,7.358,-5.563,0.779,0.829,1.137,19.85,26.94,1,5.363,2.128,1,TRUE,TRUE,660.5,380.2,661.3,381,673.2,377,FALSE,63,1.4
9.968,623,TRACKING,8.429,-4.698,8.836,-4.945,7.442,-5.527,0.959,0.994,1.381,24.1,32.73,1,5.298,2.239,1,TRUE,TRUE,664.7,383.9,664.4,383.8,672.7,377.5,FALSE,63,0.49
9.984,624,TRACKING,8.504,-4.657,8.677,-4.775,7.528,-5.49,1.185,0.881,1.476,25.76,35.1,1,5.349,2.291,1,TRUE,TRUE,670,381.1,670.3,381.6,672.5,377.9,FALSE,63,0.51
10,625,TRACKING,8.578,-4.615,9.015,-4.373,7.612,-5.455,0.903,0.522,1.044,18.21,24.87,1,5.257,2.181,1,TRUE,TRUE,663.2,372.7,663.4,373.3,672.1,377.9,FALSE,63,0.48
